{
    "name": "Alert Notification Service",
    "abbreviation": "an",
    "description": "Alert Notification service exposes: The different types of alerts with the short text messages. The information how many count of new alert messages. The information how many count of unread alerts.",
    "uuid": [
        "0x11",
        "0x18"
    ],
    "aux_properties": [
        "None"
    ],
    "error_codes": [
        {
            "code": "0xA0",
            "name": "Command not supported",
            "description": "command not supported"
        }
    ],
    "characteristics": [
        {
            "name": "Supported New Alert Category",
            "abbreviation": "supported_new_alert_category",
            "description": "Category that the server supports for new alert.",
            "uuid": [
                "0x47",
                "0x2A"
            ],
            "db_size": 2,
            "fields": [
                {
                    "name": "Category ID Bit Mask",
                    "description": "Category ID Bit Mask",
                    "format": "struct",
                    "fields":[
                        {
                            "name": "Category ID Bit Mask 0",
                            "description": "Category ID Bit Mask 0",
                            "format": "struct",
                            "fields":[
                                {
                                    "name": "Simple Alert",
                                    "description": "Simple Alert",
                                    "format": "bool"
                                },
                                {
                                    "name": "Email",
                                    "description": "Email",
                                    "format": "bool"
                                },
                                {
                                    "name": "News",
                                    "description": "News",
                                    "format": "bool"
                                },
                                {
                                    "name": "Call",
                                    "description": "Call",
                                    "format": "bool"
                                },
                                {
                                    "name": "Missed Call",
                                    "description": "Missed Call",
                                    "format": "bool"
                                },
                                {
                                    "name": "SMS/MMS",
                                    "description": "SMS/MMS",
                                    "format": "bool"
                                },
                                {
                                    "name": "Voice Mail",
                                    "description": "Voice Mail",
                                    "format": "bool"
                                },
                                {
                                    "name": "Schedule",
                                    "description": "Schedule",
                                    "format": "bool"
                                }
                            ]
                        },
                        {
                            "name":"Category ID Bit Mask 1",
                            "description": "Category ID Bit Mask 1",
                            "format": "struct",
                            "fields": [
                                {
                                    "name": "High Prioritized Alert",
                                    "description": "High Prioritized Alert",
                                    "format": "bool"
                                },
                                {
                                    "name": "Instant Message",
                                    "description": "Instant Message",
                                    "format": "bool"
                                }
                            ]
                        }
                    ]
                }
            ],
            "properties": [
                "Read"
            ],
            "aux_properties": []
        },
        {
            "name": "New Alert",
            "abbreviation": "new_alert",
            "description": "This characteristic defines the category of the alert and how many new alerts of that category have occurred in the server device. Brief text information may also be included for the last alert in the category.",
            "uuid": [
                "0x46",
                "0x2A"
            ],
            "db_size": 20,
            "fields": [
                {
                    "name": "Category ID",
                    "description": "Category ID",
                    "format": "uint8_t",
                    "enumerations": [
                        {
                            "key": 0,
                            "value": "Simple Alert",
                            "description": "General text alert or non-text alert"
                        },
                        {
                            "key": 1,
                            "value": "Email",
                            "description": "Alert when Email messages arrives"
                        },
                        {
                            "key": 2,
                            "value": "News",
                            "description": "News feeds such as RSS, Atom"
                        },
                        {
                            "key": 3,
                            "value": "Call",
                            "description": "Incoming Call"
                        },
                        {
                            "key": 4,
                            "value": "Missed Call",
                            "description": "Missed Call"
                        },
                        {
                            "key": 5,
                            "value": "SMS/MMS",
                            "description": "SMS/MMS message arrives"
                        },
                        {
                            "key": 6,
                            "value": "Voice Mail",
                            "description": "Voice Mail"
                        },
                        {
                            "key": 7,
                            "value": "Schedule",
                            "description": "Alert occered on calendar, planner"
                        },
                        {
                            "key": 8,
                            "value": "High Prioritized Alert",
                            "description": "Alert that should be handled as high priority"
                        },
                        {
                            "key": 9,
                            "value": "Instant Message",
                            "description": "Alert for incoming instant messages"
                        }
                    ]
                },
                {
                    "name": "Number of New Alert",
                    "description": "Number of New Alert",
                    "format": "uint8_t"
                },
                {
                    "name": "Text String Information",
                    "description": "Text String Information",
                    "format": "uint8_t",
                    "length": "18"
                }
            ],
            "properties": [
                "Notify"
            ],
            "aux_properties": [],
            "descriptors": [
                {
                    "name": "Client Characteristic Configuration",
                    "abbreviation": "cli cnfg",
                    "uuid": [
                        "0x02",
                        "0x29"
                    ],
                    "db_size": 2,
                    "description": "Client Characteristic Configuration Descriptor",
                    "properties": [
                        "Read",
                        "Write"
                    ],
                    "aux_properties": [
                        "Peer Specific"
                    ],
                    "fields": [
                        {
                            "name": "cli cnfg",
                            "description": "Client Characteristic Configuration",
                            "format": "uint16_t"
                        }
                    ]
                }
            ]
        },
        {
            "name": "Supported Unread Alert Category",
            "abbreviation": "supported_unread_alert_category",
            "description": "Category that the server supports for unread alert.",
            "uuid": [
                "0x48",
                "0x2A"
            ],
            "db_size": 2,
            "fields": [
                {
                    "name": "Category ID Bit Mask",
                    "description": "Category ID Bit Mask",
                    "format": "struct",
                    "fields":[
                        {
                            "name": "Category ID Bit Mask 0",
                            "description": "Category ID Bit Mask 0",
                            "format": "struct",
                            "fields":[
                                {
                                    "name": "Simple Alert",
                                    "description": "Simple Alert",
                                    "format": "bool"
                                },
                                {
                                    "name": "Email",
                                    "description": "Email",
                                    "format": "bool"
                                },
                                {
                                    "name": "News",
                                    "description": "News",
                                    "format": "bool"
                                },
                                {
                                    "name": "Call",
                                    "description": "Call",
                                    "format": "bool"
                                },
                                {
                                    "name": "Missed Call",
                                    "description": "Missed Call",
                                    "format": "bool"
                                },
                                {
                                    "name": "SMS/MMS",
                                    "description": "SMS/MMS",
                                    "format": "bool"
                                },
                                {
                                    "name": "Voice Mail",
                                    "description": "Voice Mail",
                                    "format": "bool"
                                },
                                {
                                    "name": "Schedule",
                                    "description": "Schedule",
                                    "format": "bool"
                                }
                            ]
                        },
                        {
                            "name":"Category ID Bit Mask 1",
                            "description": "Category ID Bit Mask 1",
                            "format": "struct",
                            "fields": [
                                {
                                    "name": "High Prioritized Alert",
                                    "description": "High Prioritized Alert",
                                    "format": "bool"
                                },
                                {
                                    "name": "Instant Message",
                                    "description": "Instant Message",
                                    "format": "bool"
                                }
                            ]
                        }
                    ]
                }
            ],
            "properties": [
                "Read"
            ],
            "aux_properties": []
        },
        {
            "name": "Unread Alert Status",
            "abbreviation": "unread_alert_status",
            "description": "This characteristic shows how many numbers of unread alerts exist in the specific category in the device.",
            "uuid": [
                "0x45",
                "0x2A"
            ],
            "db_size": 2,
            "fields": [
                {
                    "name": "Category ID",
                    "description": "Category ID",
                    "format": "uint8_t",
                    "enumerations": [
                        {
                            "key": 0,
                            "value": "Simple Alert",
                            "description": "General text alert or non-text alert"
                        },
                        {
                            "key": 1,
                            "value": "Email",
                            "description": "Alert when Email messages arrives"
                        },
                        {
                            "key": 2,
                            "value": "News",
                            "description": "News feeds such as RSS, Atom"
                        },
                        {
                            "key": 3,
                            "value": "Call",
                            "description": "Incoming Call"
                        },
                        {
                            "key": 4,
                            "value": "Missed Call",
                            "description": "Missed Call"
                        },
                        {
                            "key": 5,
                            "value": "SMS/MMS",
                            "description": "SMS/MMS message arrives"
                        },
                        {
                            "key": 6,
                            "value": "Voice Mail",
                            "description": "Voice Mail"
                        },
                        {
                            "key": 7,
                            "value": "Schedule",
                            "description": "Alert occered on calendar, planner"
                        },
                        {
                            "key": 8,
                            "value": "High Prioritized Alert",
                            "description": "Alert that should be handled as high priority"
                        },
                        {
                            "key": 9,
                            "value": "Instant Message",
                            "description": "Alert for incoming instant messages"
                        }
                    ]
                },
                {
                    "name": "Unread count",
                    "description": "Unread count",
                    "format": "uint8_t"
                }
            ],
            "properties": [
                "Notify"
            ],
            "aux_properties": [],
            "descriptors": [
                {
                    "name": "Client Characteristic Configuration",
                    "abbreviation": "cli cnfg",
                    "uuid": [
                        "0x02",
                        "0x29"
                    ],
                    "db_size": 2,
                    "description": "Client Characteristic Configuration Descriptor",
                    "properties": [
                        "Read",
                        "Write"
                    ],
                    "aux_properties": [
                        "Peer Specific"
                    ],
                    "fields": [
                        {
                            "name": "cli cnfg",
                            "description": "Client Characteristic Configuration",
                            "format": "uint16_t"
                        }
                    ]
                }
            ]
        },
        {
            "name": "Alert Notification Control Point",
            "abbreviation": "alert notification control point",
            "description": "Control point of the Alert Notification server.  Client can write the command here to request the several functions toward the server.",
            "uuid": [
                "0x44",
                "0x2A"
            ],
            "db_size": 2,
            "fields": [
                {
                    "name": "Command ID",
                    "description": "Command ID",
                    "format": "uint8_t",
                    "enumerations": [
                        {
                            "key": 0,
                            "value": "Enable New Incoming Alert Notification",
                            "description": "Enable New Incoming Alert Notification"
                        },
                        {
                            "key": 1,
                            "value": "Enable Unread Category Status Notification",
                            "description": "Enable Unread Category Status Notification"
                        },
                        {
                            "key": 2,
                            "value": "Disable New Incoming Alert Notification",
                            "description": "Disable New Incoming Alert Notification"
                        },
                        {
                            "key": 3,
                            "value": "Disable Unread Category Status Notification",
                            "description": "Disable Unread Category Status Notification"
                        },
                        {
                            "key": 4,
                            "value": "Notify New Incoming Alert immediately",
                            "description": "Notify New Incoming Alert immediately"
                        },
                        {
                            "key": 5,
                            "value": "Notify Unread Category Status immediately",
                            "description": "Notify Unread Category Status immediately"
                        }
                    ]
                },
                {
                    "name": "Category ID",
                    "description": "Category ID",
                    "format": "uint8_t",
                    "enumerations": [
                        {
                            "key": 0,
                            "value": "Simple Alert",
                            "description": "General text alert or non-text alert"
                        },
                        {
                            "key": 1,
                            "value": "Email",
                            "description": "Alert when Email messages arrives"
                        },
                        {
                            "key": 2,
                            "value": "News",
                            "description": "News feeds such as RSS, Atom"
                        },
                        {
                            "key": 3,
                            "value": "Call",
                            "description": "Incoming Call"
                        },
                        {
                            "key": 4,
                            "value": "Missed Call",
                            "description": "Missed Call"
                        },
                        {
                            "key": 5,
                            "value": "SMS/MMS",
                            "description": "SMS/MMS message arrives"
                        },
                        {
                            "key": 6,
                            "value": "Voice Mail",
                            "description": "Voice Mail"
                        },
                        {
                            "key": 7,
                            "value": "Schedule",
                            "description": "Alert occered on calendar, planner"
                        },
                        {
                            "key": 8,
                            "value": "High Prioritized Alert",
                            "description": "Alert that should be handled as high priority"
                        },
                        {
                            "key": 9,
                            "value": "Instant Message",
                            "description": "Alert for incoming instant messages"
                        }
                    ]
                }
            ],
            "properties": [
                "Write"
            ],
            "aux_properties": []
        }
    ]
}
