{
    "name": "Alert Notification Service",
    "abbreviation": "an",
    "description": "Alert Notification service exposes: The different types of alerts with the short text messages. The information how many count of new alert messages. The information how many count of unread alerts.",
    "uuid": [
        "0x11",
        "0x18"
    ],
    "aux_properties": [
        "None"
    ],
    "error_codes": [
        {
            "code": "0xA0",
            "name": "Command not supported",
            "description": "command not supported"
        }
    ],
    "characteristics": [
        {
            "name": "Supported New Alert Category",
            "abbreviation": "supported_new_alert_category",
            "description": "Category that the server supports for new alert.",
            "uuid": [
                "0x47",
                "0x2A"
            ],
            "db_size": 2,
            "fields": [
                {
                    "name": "Category ID Bit Mask",
                    "description": "Category ID Bit Mask"
                }
            ],
            "properties": [
                "Read"
            ],
            "aux_properties": []
        },
        {
            "name": "New Alert",
            "abbreviation": "new_alert",
            "description": "This characteristic defines the category of the alert and how many new alerts of that category have occurred in the server device. Brief text information may also be included for the last alert in the category.",
            "uuid": [
                "0x46",
                "0x2A"
            ],
            "db_size": 2,
            "fields": [
                {
                    "name": "Category ID",
                    "description": "Category ID"
                },
                {
                    "name": "Number of New Alert",
                    "description": "Number of New Alert",
                    "format": "uint8_t"
                },
                {
                    "name": "Text String Information",
                    "description": "Text String Information",
                    "format": "uint8_t"
                }
            ],
            "properties": [
                "Notify"
            ],
            "aux_properties": [],
            "descriptors": [
                {
                    "name": "Client Characteristic Configuration",
                    "abbreviation": "cli cnfg",
                    "uuid": [
                        "0x02",
                        "0x29"
                    ],
                    "db_size": 2,
                    "description": "Client Characteristic Configuration Descriptor",
                    "properties": [
                        "Read",
                        "Write"
                    ],
                    "aux_properties": [
                        "Peer Specific"
                    ],
                    "fields": [
                        {
                            "name": "cli cnfg",
                            "description": "Client Characteristic Configuration",
                            "format": "uint16_t"
                        }
                    ]
                }
            ]
        },
        {
            "name": "Supported Unread Alert Category",
            "abbreviation": "supported_unread_alert_category",
            "description": "Category that the server supports for unread alert.",
            "uuid": [
                "0x48",
                "0x2A"
            ],
            "db_size": 2,
            "fields": [
                {
                    "name": "Category ID Bit Mask",
                    "description": "Category ID Bit Mask"
                }
            ],
            "properties": [
                "Read"
            ],
            "aux_properties": []
        },
        {
            "name": "Unread Alert Status",
            "abbreviation": "unread_alert_status",
            "description": "This characteristic shows how many numbers of unread alerts exist in the specific category in the device.",
            "uuid": [
                "0x45",
                "0x2A"
            ],
            "db_size": 2,
            "fields": [
                {
                    "name": "Category ID",
                    "description": "Category ID"
                },
                {
                    "name": "Unread count",
                    "description": "Unread count",
                    "format": "uint8_t"
                }
            ],
            "properties": [
                "Notify"
            ],
            "aux_properties": [],
            "descriptors": [
                {
                    "name": "Client Characteristic Configuration",
                    "abbreviation": "cli cnfg",
                    "uuid": [
                        "0x02",
                        "0x29"
                    ],
                    "db_size": 2,
                    "description": "Client Characteristic Configuration Descriptor",
                    "properties": [
                        "Read",
                        "Write"
                    ],
                    "aux_properties": [
                        "Peer Specific"
                    ],
                    "fields": [
                        {
                            "name": "cli cnfg",
                            "description": "Client Characteristic Configuration",
                            "format": "uint16_t"
                        }
                    ]
                }
            ]
        },
        {
            "name": "Alert Notification Control Point",
            "abbreviation": "alert notification control point",
            "description": "Control point of the Alert Notification server.  Client can write the command here to request the several functions toward the server.",
            "uuid": [
                "0x44",
                "0x2A"
            ],
            "db_size": 2,
            "fields": [
                {
                    "name": "Command ID",
                    "description": "Command ID",
                    "format": "uint8_t",
                    "enumerations": [
                        {
                            "key": 0,
                            "value": "Enable New Incoming Alert Notification",
                            "description": "Enable New Incoming Alert Notification"
                        },
                        {
                            "key": 1,
                            "value": "Enable Unread Category Status Notification",
                            "description": "Enable Unread Category Status Notification"
                        },
                        {
                            "key": 2,
                            "value": "Disable New Incoming Alert Notification",
                            "description": "Disable New Incoming Alert Notification"
                        },
                        {
                            "key": 3,
                            "value": "Disable Unread Category Status Notification",
                            "description": "Disable Unread Category Status Notification"
                        },
                        {
                            "key": 4,
                            "value": "Notify New Incoming Alert immediately",
                            "description": "Notify New Incoming Alert immediately"
                        },
                        {
                            "key": 5,
                            "value": "Notify Unread Category Status immediately",
                            "description": "Notify Unread Category Status immediately"
                        }
                    ]
                },
                {
                    "name": "Category ID",
                    "description": "Category ID",
                    "format": "uint8_t"
                }
            ],
            "properties": [
                "Write"
            ],
            "aux_properties": []
        }
    ]
}
