{
    "name": "Automation IO Service",
    "abbreviation": "aio",
    "description": "The Automation IO service is used to expose the analog inputs/outputs and digital input/outputs of a generic IO module (IOM).",
    "uuid": [
        "0x15",
        "0x18"
    ],
    "aux_properties": [
        "None"
    ],
    "error_codes": [
        {
            "code": "0x80",
            "name": "Trigger condition value not supported",
            "description": "An attempt was made to configure a condition value not supported by this Automation IO Server"
        }
    ],
    "characteristics": [
        {
            "name": "Digital 0",
            "abbreviation": "digital 0",
            "description": "The Digital characteristic is used to expose and change the state of an IOMs digital signals.",
            "uuid": [
                "0x56",
                "0x2A"
            ],
            "db_size": 2,
            "fields": [
                {
                    "name": "Digital 0",
                    "description": "Digital 0",
                    "format": "uint16_t",
                    "enumerations": [
                        {
                            "key": 0,
                            "value": "Inactive",
                            "description": "Inactive"
                        },
                        {
                            "key": 1,
                            "value": "Active",
                            "description": "Active"
                        },
                        {
                            "key": 2,
                            "value": "Tri-state",
                            "description": "Tri-state"
                        },
                        {
                            "key": 3,
                            "value": "Output-state",
                            "description": "Output-state"
                        }
                    ]
                }
            ],
            "properties": [
                "Read",
                "Write",
                "WriteWithoutResponse",
                "Notify"
            ],
            "aux_properties": [],
            "descriptors": [
             {
                    "name": "Client Characteristic Configuration",
                    "abbreviation": "cli cnfg",
                    "uuid": [
                        "0x02",
                        "0x29"
                    ],
                    "db_size": 2,
                    "description": "Client Characteristic Configuration Descriptor",
                    "properties": [
                        "Read",
                        "Write"
                    ],
                    "aux_properties": [
                        "Peer Specific"
                    ],
                    "fields": [
                        {
                            "name": "cli cnfg",
                            "description": "Client Characteristic Configuration",
                            "format": "uint16_t"
                        }
                    ]
                },
                {
                    "name": "Characteristic Presentation Format",
                    "abbreviation": "char presentation format",
                    "description": "Characteristic Presentation Format",
                    "uuid": [
                        "0x04",
                        "0x29"
                    ],
                    "fields": [
                        {
                            "name": "Format",
                            "description": "Format",
                            "format": "uint8_t",
                            "enumerations": [
                                {
                                    "key": 1,
                                    "value": "Boolean",
                                    "description": "Boolean"
                                },
                                {
                                    "key": 2,
                                    "value": "unsigned 2-bit integer",
                                    "description": "unsigned 2-bit integer"
                                },
                                {
                                    "key": 3,
                                    "value": "unsigned 4-bit integer",
                                    "description": "unsigned 4-bit integer"
                                },
                                {
                                    "key": 4,
                                    "value": "unsigned 8-bit integer",
                                    "description": "unsigned 8-bit integer"
                                },
                                {
                                    "key": 5,
                                    "value": "unsigned 12-bit integer",
                                    "description": "unsigned 12-bit integer"
                                },
                                {
                                    "key": 6,
                                    "value": "unsigned 16-bit integer",
                                    "description": "unsigned 16-bit integer"
                                },
                                {
                                    "key": 7,
                                    "value": "unsigned 24-bit integer",
                                    "description": "unsigned 24-bit integer"
                                },
                                {
                                    "key": 8,
                                    "value": "unsigned 32-bit integer",
                                    "description": "unsigned 32-bit integer"
                                },
                                {
                                    "key": 9,
                                    "value": "unsigned 48-bit integer",
                                    "description": "unsigned 48-bit integer"
                                },
                                {
                                    "key": 10,
                                    "value": "unsigned 64-bit integer",
                                    "description": "unsigned 64-bit integer"
                                },
                                {
                                    "key": 11,
                                    "value": "unsigned 128-bit integer",
                                    "description": "unsigned 128-bit integer"
                                },
                                {
                                    "key": 12,
                                    "value": "signed 8-bit integer",
                                    "description": "signed 8-bit integer"
                                },
                                {
                                    "key": 13,
                                    "value": "signed 12-bit integer",
                                    "description": "signed 12-bit integer"
                                },
                                {
                                    "key": 14,
                                    "value": "signed 16-bit integer",
                                    "description": "signed 16-bit integer"
                                },
                                {
                                    "key": 15,
                                    "value": "signed 24-bit integer",
                                    "description": "signed 24-bit integer"
                                },
                                {
                                    "key": 16,
                                    "value": "signed 32-bit integer",
                                    "description": "signed 32-bit integer"
                                },
                                {
                                    "key": 17,
                                    "value": "signed 48-bit integer",
                                    "description": "signed 48-bit integer"
                                },
                                {
                                    "key": 18,
                                    "value": "signed 64-bit integer",
                                    "description": "signed 64-bit integer"
                                },
                                {
                                    "key": 19,
                                    "value": "signed 128-bit integer",
                                    "description": "signed 128-bit integer"
                                },
                                {
                                    "key": 20,
                                    "value": "IEEE-754 32-bit floating point",
                                    "description": "IEEE-754 32-bit floating point"
                                },
                                {
                                    "key": 21,
                                    "value": "IEEE-754 64-bit floating point",
                                    "description": "IEEE-754 64-bit floating point"
                                },
                                {
                                    "key": 22,
                                    "value": "IEEE-11073 16-bit SFLOAT",
                                    "description": "IEEE-11073 16-bit SFLOAT"
                                },
                                {
                                    "key": 23,
                                    "value": "IEEE-11073 32-bit FLOAT",
                                    "description": "IEEE-11073 32-bit FLOAT"
                                },
                                {
                                    "key": 24,
                                    "value": "IEEE-20601 format",
                                    "description": "IEEE-20601 format"
                                },
                                {
                                    "key": 25,
                                    "value": "UTF-8 string",
                                    "description": "UTF-8 string"
                                },
                                {
                                    "key": 26,
                                    "value": "UTF-16 string",
                                    "description": "UTF-16 string"
                                },
                                {
                                    "key": 27,
                                    "value": "Opaque Structure",
                                    "description": "Opaque Structure"
                                }
                            ]
                        },
                        {
                            "name": "Exponent",
                            "description": "Exponent",
                            "format": "int8_t"
                        },
                        {
                            "name": "Unit",
                            "description": "Unit",
                            "format": "uint16_t"
                        },
                        {
                            "name": "Namespace",
                            "description": "Namespace",
                            "format": "uint8_t",
                            "enumerations": [
                                {
                                    "key": 1,
                                    "value": "Bluetooth SIG Assigned Numbers",
                                    "description": "Bluetooth SIG Assigned Numbers"
                                } 
                            ]
                        },
                        {
                            "name": "Description",
                            "description": "Description",
                            "format": "uint16_t"
                        }
                    ],
                    "properties":[
                        "Read"
                    ],
                    "aux_properties": [],
                    "db_size": 7,
                    "value": ["0x1b","0x00","0x00","0x00","0x01","0x00","0x01"]
                },
                {
                    "name": "Characteristic User Description",
                    "abbreviation":"char user description",
                    "description": "Characteristic User Description",
                    "uuid": [
                        "0x01",
                        "0x29"
                    ],
                    "fields": [
                        {
                            "name": "User Description",
                            "description": "User Description",
                            "format": "uint8_t",
                            "length": 100
                        }
                    ],
                    "properties": [
                        "Read",
                        "Write"
                    ],
                    "aux_properties": [],
                    "db_size": 100 
                },
                {
                    "name": "Characteristic Extended Properties",
                    "abbreviation":"char extended properties",
                    "description": "Characteristic Extended Properties",
                    "uuid": [
                        "0x00",
                        "0x29"
                    ],
                    "fields": [
                        {
                            "name": "Properties",
                            "description": "Properties",
                            "format": "uint16_t"
                        }
                    ],
                    "properties":[
                        "Read"
                    ],
                    "aux_properties": [],
                    "db_size": 2,
                    "value": ["0x00","0x00"]
                },
                {
                    "name": "Value Trigger Setting",
                    "abbreviation":"val trigger setting",
                    "description": "Value Trigger Setting",
                    "uuid": [
                        "0x0A",
                        "0x29"
                    ],
                    "fields": [
                        {
                            "name": "Condition",
                            "description": "Condition",
                            "format": "uint8_t"
                        },
                        {
                            "name": "Bit Mask Value",
                            "description": "Value (Bit Mask)",
                            "format": "uint16_t"
                        }
                    ],
                    "properties": [
                        "Read",
                        "Write"
                    ],
                    "aux_properties": [],
                    "db_size": 3
                },
                {
                    "name": "Time Trigger Setting",
                    "abbreviation":"time trigger setting",
                    "description": "Time Trigger Setting",
                    "uuid": [
                        "0x0E",
                        "0x29"
                    ],
                    "fields": [
                        {
                            "name": "Condition",
                            "description": "Condition",
                            "format": "uint8_t"
                        },
                        {
                            "name": "Value (None)",
                            "description": "Value (None)",
                            "format": "uint8_t"
                        },
                        {
                            "name": "Time Interval Value",
                            "description": "Value Time Interval",
                            "format": "uint32_t"
                        },
                        {
                            "name": "Count Value",
                            "description": "Value Count",
                            "format": "uint16_t"
                        }
                    ],
                    "properties": [
                        "Read",
                        "Write"
                    ],
                    "aux_properties": [],
                    "db_size": 4
                },
                {
                    "name": "Number of Digitals",
                    "abbreviation":"num of digitals",
                    "description": "Number of Digitals",
                    "uuid": [
                        "0x09",
                        "0x29"
                    ],
                    "fields": [
                        {
                            "name": "No of Digitals",
                            "description": "No of Digitals",
                            "format": "uint8_t"
                        }
                    ],
                    "properties": [
                        "Read"
                    ],
                    "aux_properties": [],
                    "db_size": 1,
                    "value" :["0x08"]
                }
            ]
        },
        {
            "name": "Digital 1",
            "abbreviation": "digital 1",
            "description": "The Digital characteristic is used to expose and change the state of an IOMs digital signals.",
            "uuid": [
                "0x56",
                "0x2A"
            ],
            "db_size": 2,
            "fields": [
                {
                    "name": "Digital 1",
                    "description": "Digital 1",
                    "format": "uint16_t",
                    "enumerations": [
                        {
                            "key": 0,
                            "value": "Inactive",
                            "description": "Inactive"
                        },
                        {
                            "key": 1,
                            "value": "Active",
                            "description": "Active"
                        },
                        {
                            "key": 2,
                            "value": "Tri-state",
                            "description": "Tri-state"
                        },
                        {
                            "key": 3,
                            "value": "Output-state",
                            "description": "Output-state"
                        }
                    ]
                }
            ],
            "properties": [
                "Read",
                "Write",
                "WriteWithoutResponse",
                "Notify"
            ],
            "aux_properties": [],
            "descriptors": [
             {
                    "name": "Client Characteristic Configuration",
                    "abbreviation": "cli cnfg",
                    "uuid": [
                        "0x02",
                        "0x29"
                    ],
                    "db_size": 2,
                    "description": "Client Characteristic Configuration Descriptor",
                    "properties": [
                        "Read",
                        "Write"
                    ],
                    "aux_properties": [
                        "Peer Specific"
                    ],
                    "fields": [
                        {
                            "name": "cli cnfg",
                            "description": "Client Characteristic Configuration",
                            "format": "uint16_t"
                        }
                    ]
                },
                {
                    "name": "Characteristic Presentation Format",
                    "abbreviation": "char presentation format",
                    "description": "Characteristic Presentation Format",
                    "uuid": [
                        "0x04",
                        "0x29"
                    ],
                    "fields": [
                        {
                            "name": "Format",
                            "description": "Format",
                            "format": "uint8_t",
                            "enumerations": [
                                {
                                    "key": 1,
                                    "value": "Boolean",
                                    "description": "Boolean"
                                },
                                {
                                    "key": 2,
                                    "value": "unsigned 2-bit integer",
                                    "description": "unsigned 2-bit integer"
                                },
                                {
                                    "key": 3,
                                    "value": "unsigned 4-bit integer",
                                    "description": "unsigned 4-bit integer"
                                },
                                {
                                    "key": 4,
                                    "value": "unsigned 8-bit integer",
                                    "description": "unsigned 8-bit integer"
                                },
                                {
                                    "key": 5,
                                    "value": "unsigned 12-bit integer",
                                    "description": "unsigned 12-bit integer"
                                },
                                {
                                    "key": 6,
                                    "value": "unsigned 16-bit integer",
                                    "description": "unsigned 16-bit integer"
                                },
                                {
                                    "key": 7,
                                    "value": "unsigned 24-bit integer",
                                    "description": "unsigned 24-bit integer"
                                },
                                {
                                    "key": 8,
                                    "value": "unsigned 32-bit integer",
                                    "description": "unsigned 32-bit integer"
                                },
                                {
                                    "key": 9,
                                    "value": "unsigned 48-bit integer",
                                    "description": "unsigned 48-bit integer"
                                },
                                {
                                    "key": 10,
                                    "value": "unsigned 64-bit integer",
                                    "description": "unsigned 64-bit integer"
                                },
                                {
                                    "key": 11,
                                    "value": "unsigned 128-bit integer",
                                    "description": "unsigned 128-bit integer"
                                },
                                {
                                    "key": 12,
                                    "value": "signed 8-bit integer",
                                    "description": "signed 8-bit integer"
                                },
                                {
                                    "key": 13,
                                    "value": "signed 12-bit integer",
                                    "description": "signed 12-bit integer"
                                },
                                {
                                    "key": 14,
                                    "value": "signed 16-bit integer",
                                    "description": "signed 16-bit integer"
                                },
                                {
                                    "key": 15,
                                    "value": "signed 24-bit integer",
                                    "description": "signed 24-bit integer"
                                },
                                {
                                    "key": 16,
                                    "value": "signed 32-bit integer",
                                    "description": "signed 32-bit integer"
                                },
                                {
                                    "key": 17,
                                    "value": "signed 48-bit integer",
                                    "description": "signed 48-bit integer"
                                },
                                {
                                    "key": 18,
                                    "value": "signed 64-bit integer",
                                    "description": "signed 64-bit integer"
                                },
                                {
                                    "key": 19,
                                    "value": "signed 128-bit integer",
                                    "description": "signed 128-bit integer"
                                },
                                {
                                    "key": 20,
                                    "value": "IEEE-754 32-bit floating point",
                                    "description": "IEEE-754 32-bit floating point"
                                },
                                {
                                    "key": 21,
                                    "value": "IEEE-754 64-bit floating point",
                                    "description": "IEEE-754 64-bit floating point"
                                },
                                {
                                    "key": 22,
                                    "value": "IEEE-11073 16-bit SFLOAT",
                                    "description": "IEEE-11073 16-bit SFLOAT"
                                },
                                {
                                    "key": 23,
                                    "value": "IEEE-11073 32-bit FLOAT",
                                    "description": "IEEE-11073 32-bit FLOAT"
                                },
                                {
                                    "key": 24,
                                    "value": "IEEE-20601 format",
                                    "description": "IEEE-20601 format"
                                },
                                {
                                    "key": 25,
                                    "value": "UTF-8 string",
                                    "description": "UTF-8 string"
                                },
                                {
                                    "key": 26,
                                    "value": "UTF-16 string",
                                    "description": "UTF-16 string"
                                },
                                {
                                    "key": 27,
                                    "value": "Opaque Structure",
                                    "description": "Opaque Structure"
                                }
                            ]
                        },
                        {
                            "name": "Exponent",
                            "description": "Exponent",
                            "format": "int8_t"
                        },
                        {
                            "name": "Unit",
                            "description": "Unit",
                            "format": "uint16_t"
                        },
                        {
                            "name": "Namespace",
                            "description": "Namespace",
                            "format": "uint8_t",
                            "enumerations": [
                                {
                                    "key": 1,
                                    "value": "Bluetooth SIG Assigned Numbers",
                                    "description": "Bluetooth SIG Assigned Numbers"
                                } 
                            ]
                        },
                        {
                            "name": "Description",
                            "description": "Description",
                            "format": "uint16_t"
                        }
                    ],
                    "properties":[
                        "Read"
                    ],
                    "aux_properties": [],
                    "db_size": 7,
                    "value": ["0x1b","0x00","0x00","0x00","0x01","0x00","0x02"]
                },
                {
                    "name": "Characteristic User Description",
                    "abbreviation":"char user description",
                    "description": "Characteristic User Description",
                    "uuid": [
                        "0x01",
                        "0x29"
                    ],
                    "fields": [
                        {
                            "name": "User Description",
                            "description": "User Description",
                            "format": "uint8_t",
                            "length": 100
                        }
                    ],
                    "properties": [
                        "Read",
                        "Write"
                    ],
                    "aux_properties": [],
                    "db_size": 100 
                },
                {
                    "name": "Characteristic Extended Properties",
                    "abbreviation":"char extended properties",
                    "description": "Characteristic Extended Properties",
                    "uuid": [
                        "0x00",
                        "0x29"
                    ],
                    "fields": [
                        {
                            "name": "Properties",
                            "description": "Properties",
                            "format": "uint16_t"
                        }
                    ],
                    "properties":[
                        "Read"
                    ],
                    "aux_properties": [],
                    "db_size": 2,
                    "value": ["0x00","0x00"]
                },
                {
                    "name": "Value Trigger Setting",
                    "abbreviation":"val trigger setting",
                    "description": "Value Trigger Setting",
                    "uuid": [
                        "0x0A",
                        "0x29"
                    ],
                    "fields": [
                        {
                            "name": "Condition",
                            "description": "Condition",
                            "format": "uint8_t"
                        },
                        {
                            "name": "Bit Mask Value",
                            "description": "Value (Bit Mask)",
                            "format": "uint16_t"
                        }
                    ],
                    "properties": [
                        "Read",
                        "Write"
                    ],
                    "aux_properties": [],
                    "db_size": 3
                },
                {
                    "name": "Time Trigger Setting",
                    "abbreviation":"time trigger setting",
                    "description": "Time Trigger Setting",
                    "uuid": [
                        "0x0E",
                        "0x29"
                    ],
                    "fields": [
                        {
                            "name": "Condition",
                            "description": "Condition",
                            "format": "uint8_t"
                        },
                        {
                            "name": "Value (None)",
                            "description": "Value (None)",
                            "format": "uint8_t"
                        },
                        {
                            "name": "Time Interval Value",
                            "description": "Value Time Interval",
                            "format": "uint32_t"
                        },
                        {
                            "name": "Count Value",
                            "description": "Value Count",
                            "format": "uint16_t"
                        }
                    ],
                    "properties": [
                        "Read",
                        "Write"
                    ],
                    "aux_properties": [],
                    "db_size": 4
                },
                {
                    "name": "Number of Digitals",
                    "abbreviation":"num of digitals",
                    "description": "Number of Digitals",
                    "uuid": [
                        "0x09",
                        "0x29"
                    ],
                    "fields": [
                        {
                            "name": "No of Digitals",
                            "description": "No of Digitals",
                            "format": "uint8_t"
                        }
                    ],
                    "properties": [
                        "Read"
                    ],
                    "aux_properties": [],
                    "db_size": 1,
                    "value":["0x08"]
                }
            ]
        },
        {
            "name": "Analog 0",
            "abbreviation": "analog 0",
            "description": "The Analog characteristic is used to read or write the value of one of the IOM’s analog signals.",
            "uuid": [
                "0x58",
                "0x2A"
            ],
            "db_size": 2,
            "fields": [
                {
                    "name": "Analog 0",
                    "description": "Analog 0",
                    "format": "int16_t"
                }
            ],
            "properties": [
                "Read",
                "Write",
                "WriteWithoutResponse",
                "Notify"
            ],
            "aux_properties": [],
            "descriptors": [
             {
                    "name": "Client Characteristic Configuration",
                    "abbreviation": "cli cnfg",
                    "uuid": [
                        "0x02",
                        "0x29"
                    ],
                    "db_size": 2,
                    "description": "Client Characteristic Configuration Descriptor",
                    "properties": [
                        "Read",
                        "Write"
                    ],
                    "aux_properties": [
                        "Peer Specific"
                    ],
                    "fields": [
                        {
                            "name": "cli cnfg",
                            "description": "Client Characteristic Configuration",
                            "format": "uint16_t"
                        }
                    ]
                },
                {
                    "name": "Characteristic Presentation Format",
                    "abbreviation":"char presentation format",
                    "description": "Characteristic Presentation Format",
                    "uuid": [
                        "0x04",
                        "0x29"
                    ],
                    "fields": [
                        {
                            "name": "Format",
                            "description": "Format",
                            "format": "uint8_t",
                            "enumerations": [ 
                                {
                                    "key": 1,
                                    "value": "unsigned 8-bit integer",
                                    "description": "unsigned 8-bit integer"
                                },
                                {
                                    "key": 2,
                                    "value": "unsigned 12-bit integer",
                                    "description": "unsigned 12-bit integer"
                                },
                                {
                                    "key": 3,
                                    "value": "unsigned 16-bit integer",
                                    "description": "unsigned 16-bit integer"
                                },
                                {
                                    "key": 4,
                                    "value": "signed 8-bit integer",
                                    "description": "signed 8-bit integer"
                                },
                                {
                                    "key": 5,
                                    "value": "signed 12-bit integer",
                                    "description": "signed 12-bit integer"
                                },
                                {
                                    "key": 6,
                                    "value": "signed 16-bit integer",
                                    "description": "signed 16-bit integer"
                                },
                                
                                {
                                    "key": 7,
                                    "value": "IEEE-11073 16-bit SFLOAT",
                                    "description": "IEEE-11073 16-bit SFLOAT"
                                },
                                {
                                    "key": 8,
                                    "value": "UTF-16 string",
                                    "description": "UTF-16 string"
                                }
                            ]
                        },
                        {
                            "name": "Exponent",
                            "description": "Exponent",
                            "format": "int8_t"
                        },
                        {
                            "name": "Unit",
                            "description": "Unit",
                            "format": "uint16_t"
                        },
                        {
                            "name": "Namespace",
                            "description": "Namespace",
                            "format": "uint8_t",
                            "enumerations": [
                                {
                                    "key": 1,
                                    "value": "Bluetooth SIG Assigned Numbers",
                                    "description": "Bluetooth SIG Assigned Numbers"
                                }
                            ]
                        },
                        {
                            "name": "Description",
                            "description": "Description",
                            "format": "uint16_t"
                        }
                    ],
                    "properties": [
                        "Read"
                    ],
                    "aux_properties": [],
                    "db_size": 7,
                    "value": ["0x06","0x00","0x00","0x00","0x01","0x00","0x01"]
                },
                {
                    "name": "Characteristic User Description",
                    "abbreviation":"char user description",
                    "description": "Characteristic User Description",
                    "uuid": [
                        "0x01",
                        "0x29"
                    ],
                    "fields": [
                        {
                            "name": "User Description",
                            "description": "User Description",
                            "format": "uint8_t"
                        }
                    ],
                    "properties": [
                        "Read",
                        "Write"
                    ],
                    "aux_properties": [],
                    "db_size": 20
                },
                {
                    "name": "Characteristic Extended Properties",
                    "abbreviation":"char extended properties",
                    "description": "Characteristic Extended Properties",
                    "uuid": [
                        "0x00",
                        "0x29"
                    ],
                    "fields": [
                        {
                            "name": "Properties",
                            "description": "Properties",
                            "format": "uint16_t"
                        }
                    ],
                    "properties": [
                        "Read"
                    ],
                    "aux_properties": [],
                    "db_size": 2,
                    "value": ["0x00","0x00"]
                },
                {
                    "name": "Value Trigger Setting",
                    "abbreviation":"val trigger setting",
                    "description": "Value Trigger Setting",
                    "uuid": [
                        "0x0A",
                        "0x29"
                    ],
                    "fields": [
                        {
                            "name": "Condition",
                            "description": "Condition",
                            "format": "uint8_t"
                        },
                        {
                            "name": "Analog Value",
                            "description": "Value Analog",
                            "format": "int16_t"
                        },
                        {
                            "name": "Analog Interval Value0",
                            "description": "Value Analog Interval0",
                            "format": "int16_t"
                        },
                        {
                            "name": "Analog Interval Value1",
                            "description": "Value Analog Interval1",
                            "format": "int16_t"
                        }
                    ],
                    "properties": [
                        "Read",
                        "Write"
                    ],
                    "aux_properties": [],
                    "db_size": 5
                },
                {
                    "name": "Time Trigger Setting",
                    "abbreviation":"time trigger setting",
                    "description": "Time Trigger Setting",
                    "uuid": [
                        "0x0E",
                        "0x29"
                    ],
                    "fields": [
                        {
                            "name": "Condition",
                            "description": "Condition",
                            "format": "uint8_t"
                        },
                        {
                            "name": "None",
                            "description": "Value (None)",
                            "format": "uint8_t"
                        },
                        {
                            "name": "Time Interval Value",
                            "description": "Value (Time Interval)",
                            "format": "uint32_t"
                        },
                        {
                            "name": "Count Value",
                            "description": "Value (Count)",
                            "format": "uint16_t"
                        }
                    ],
                    "properties": [
                        "Read",
                        "Write"
                    ],
                    "aux_properties": [],
                    "db_size": 4
                },
                {
                    "name": "Valid Range",
                    "abbreviation":"valid range",
                    "description": "Valid Range",
                    "uuid": [
                        "0x06",
                        "0x29"
                    ],
                    "fields": [
                        {
                            "name": "Lower inclusive value",
                            "description": "Lower inclusive value",
                            "format": "int16_t"
                        },
                        {
                            "name": "Upper inclusive value",
                            "description": "Upper inclusive value",
                            "format": "int16_t"
                        }
                    ],
                    "properties": [
                        "Read"
                    ],
                    "aux_properties": [],
                    "db_size": 4,
                    "value": ["0x58","0x02","0x20","0x1C"]
                }
            ]
        },
        {
            "name": "Analog 1",
            "abbreviation": "analog 1",
            "description": "The Analog characteristic is used to read or write the value of one of the IOM’s analog signals.",
            "uuid": [
                "0x58",
                "0x2A"
            ],
            "db_size": 2,
            "fields": [
                {
                    "name": "Analog 1",
                    "description": "Analog 1",
                    "format": "int16_t"
                }
            ],
            "properties": [
                "Read",
                "Write",
                "WriteWithoutResponse",
                "Notify"
            ],
            "aux_properties": [],
            "descriptors": [
             {
                    "name": "Client Characteristic Configuration",
                    "abbreviation": "cli cnfg",
                    "uuid": [
                        "0x02",
                        "0x29"
                    ],
                    "db_size": 2,
                    "description": "Client Characteristic Configuration Descriptor",
                    "properties": [
                        "Read",
                        "Write"
                    ],
                    "aux_properties": [
                        "Peer Specific"
                    ],
                    "fields": [
                        {
                            "name": "cli cnfg",
                            "description": "Client Characteristic Configuration",
                            "format": "uint16_t"
                        }
                    ]
                },
                {
                    "name": "Characteristic Presentation Format",
                    "abbreviation":"char presentation format",
                    "description": "Characteristic Presentation Format",
                    "uuid": [
                        "0x04",
                        "0x29"
                    ],
                    "fields": [
                        {
                            "name": "Format",
                            "description": "Format",
                            "format": "uint8_t",
                            "enumerations": [ 
                                {
                                    "key": 1,
                                    "value": "unsigned 8-bit integer",
                                    "description": "unsigned 8-bit integer"
                                },
                                {
                                    "key": 2,
                                    "value": "unsigned 12-bit integer",
                                    "description": "unsigned 12-bit integer"
                                },
                                {
                                    "key": 3,
                                    "value": "unsigned 16-bit integer",
                                    "description": "unsigned 16-bit integer"
                                },
                                {
                                    "key": 4,
                                    "value": "signed 8-bit integer",
                                    "description": "signed 8-bit integer"
                                },
                                {
                                    "key": 5,
                                    "value": "signed 12-bit integer",
                                    "description": "signed 12-bit integer"
                                },
                                {
                                    "key": 6,
                                    "value": "signed 16-bit integer",
                                    "description": "signed 16-bit integer"
                                },
                                
                                {
                                    "key": 7,
                                    "value": "IEEE-11073 16-bit SFLOAT",
                                    "description": "IEEE-11073 16-bit SFLOAT"
                                },
                                {
                                    "key": 8,
                                    "value": "UTF-16 string",
                                    "description": "UTF-16 string"
                                }
                            ]
                        },
                        {
                            "name": "Exponent",
                            "description": "Exponent",
                            "format": "int8_t"
                        },
                        {
                            "name": "Unit",
                            "description": "Unit",
                            "format": "uint16_t"
                        },
                        {
                            "name": "Namespace",
                            "description": "Namespace",
                            "format": "uint8_t",
                            "enumerations": [
                                {
                                    "key": 1,
                                    "value": "Bluetooth SIG Assigned Numbers",
                                    "description": "Bluetooth SIG Assigned Numbers"
                                }
                            ]
                        },
                        {
                            "name": "Description",
                            "description": "Description",
                            "format": "uint16_t"
                        }
                    ],
                    "properties": [
                        "Read"
                    ],
                    "aux_properties": [],
                    "db_size": 7,
                    "value": ["0x06","0x00","0x00","0x00","0x01","0x00","0x02"]
                },
                {
                    "name": "Characteristic User Description",
                    "abbreviation":"char user description",
                    "description": "Characteristic User Description",
                    "uuid": [
                        "0x01",
                        "0x29"
                    ],
                    "fields": [
                        {
                            "name": "User Description",
                            "description": "User Description",
                            "format": "uint8_t"
                        }
                    ],
                    "properties": [
                        "Read",
                        "Write"
                    ],
                    "aux_properties": [],
                    "db_size": 20
                },
                {
                    "name": "Characteristic Extended Properties",
                    "abbreviation":"char extended properties",
                    "description": "Characteristic Extended Properties",
                    "uuid": [
                        "0x00",
                        "0x29"
                    ],
                    "fields": [
                        {
                            "name": "Properties",
                            "description": "Properties",
                            "format": "uint16_t"
                        }
                    ],
                    "properties": [
                        "Read"
                    ],
                    "aux_properties": [],
                    "db_size": 2,
                    "value": ["0x00","0x00"]
                },
                {
                    "name": "Value Trigger Setting",
                    "abbreviation":"val trigger setting",
                    "description": "Value Trigger Setting",
                    "uuid": [
                        "0x0A",
                        "0x29"
                    ],
                    "fields": [
                        {
                            "name": "Condition",
                            "description": "Condition",
                            "format": "uint8_t"
                        },
                        {
                            "name": "Analog Value",
                            "description": "Value Analog",
                            "format": "int16_t"
                        },
                        {
                            "name": "Analog Interval Value0",
                            "description": "Value Analog Interval0",
                            "format": "int16_t"
                        },
                        {
                            "name": "Analog Interval Value1",
                            "description": "Value Analog Interval1",
                            "format": "int16_t"
                        }
                    ],
                    "properties": [
                        "Read",
                        "Write"
                    ],
                    "aux_properties": [],
                    "db_size": 5
                },
                {
                    "name": "Time Trigger Setting",
                    "abbreviation":"time trigger setting",
                    "description": "Time Trigger Setting",
                    "uuid": [
                        "0x0E",
                        "0x29"
                    ],
                    "fields": [
                        {
                            "name": "Condition",
                            "description": "Condition",
                            "format": "uint8_t"
                        },
                        {
                            "name": "None",
                            "description": "Value (None)",
                            "format": "uint8_t"
                        },
                        {
                            "name": "Time Interval Value",
                            "description": "Value (Time Interval)",
                            "format": "uint32_t"
                        },
                        {
                            "name": "Count Value",
                            "description": "Value (Count)",
                            "format": "uint16_t"
                        }
                    ],
                    "properties": [
                        "Read",
                        "Write"
                    ],
                    "aux_properties": [],
                    "db_size": 4
                },
                {
                    "name": "Valid Range",
                    "abbreviation":"valid range",
                    "description": "Valid Range",
                    "uuid": [
                        "0x06",
                        "0x29"
                    ],
                    "fields": [
                        {
                            "name": "Lower inclusive value",
                            "description": "Lower inclusive value",
                            "format": "int16_t"
                        },
                        {
                            "name": "Upper inclusive value",
                            "description": "Upper inclusive value",
                            "format": "int16_t"
                        }
                    ],
                    "properties": [
                        "Read"
                    ],
                    "aux_properties": [],
                    "db_size": 4,
                    "value": ["0x58","0x02","0x20","0x1C"]
                }
            ]
        },
        {
            "name": "Aggregate",
            "abbreviation": "aggregate",
            "description": "The Aggregate Input is an aggregate of the Digital Input Characteristic value (if available) and ALL Analog Inputs available.",
            "uuid": [
                "0x5A",
                "0x2A"
            ],
            "db_size": 8,
            "fields": [
                {
                    "name": "Input Bits0",
                    "description": "Input Bits",
                    "format": "uint16_t"
                },
                {
                    "name": "Input Bits1",
                    "description": "Input Bits",
                    "format": "uint16_t"
                },
                {
                    "name": "Analog Input0",
                    "description": "Analog Input",
                    "format": "int16_t"
                },
                {
                    "name": "Analog Input1",
                    "description": "Analog Input",
                    "format": "int16_t"
                }
            ],
            "properties": [
                "Read",
                "Notify"
            ],
            "aux_properties": [],
            "descriptors": [
                {
                    "name": "Client Characteristic Configuration",
                    "abbreviation": "cli cnfg",
                    "uuid": [
                        "0x02",
                        "0x29"
                    ],
                    "db_size": 2,
                    "description": "Client Characteristic Configuration Descriptor",
                    "properties": [
                        "Read",
                        "Write"
                    ],
                    "aux_properties": [
                        "Peer Specific"
                    ],
                    "fields": [
                        {
                            "name": "cli cnfg",
                            "description": "Client Characteristic Configuration",
                            "format": "uint16_t"
                        }
                    ]
                }
            ]
        }
    ]
}
