{
    "name": "Battery Service",
    "abbreviation": "ba",
    "description": "The Battery Service exposes the state of a battery within a device.",
    "uuid": [
        "0x0F",
        "0x18"
    ],
    "aux_properties": [
        "None"
    ],
    "error_codes": [],
    "characteristics": [
        {
            "name": "Battery Level",
            "abbreviation": "battery level",
            "description": "The current charge level of a battery. 100% represents fully charged while 0% represents fully discharged.",
            "uuid": [
                "0x19",
                "0x2A"
            ],
            "db_size": 1,
            "fields": [
                {
                    "name": "Level",
                    "description": "Level",
                    "format": "uint8_t"
                }
            ],
            "properties": [
                "Read",
                "Notify"
            ],
            "aux_properties": [],
            "descriptors": [
                {
                    "name": "Characteristic Presentation Format",
                    "abbreviation": "presn format",
                    "uuid": [
                        "0x04",
                        "0x29"
                    ],
                    "description": "Characteristic Presentation Format Descriptor",
                    "format": "struct",
                    "fields": [
                        {
                            "name": "Format",
                            "description": "Format",
                            "format": "uint8_t"
                        },
                        {
                            "name": "Exponent",
                            "description": "Exponent",
                            "format": "int8_t"
                        },
                        {
                            "name": "Unit",
                            "description": "Unit",
                            "format": "uint16_t"
                        },
                        {
                            "name": "Namespace",
                            "description": "Namespace",
                            "format": "uint8_t"
                        },
                        {
                            "name": "Description",
                            "description": "Description",
                            "format": "uint16_t"
                        }
                    ],
                    "properties": [
                        "Read"
                    ],
                    "aux_properties": [],
                    "db_size": 7
                },
                {
                    "name": "Client Characteristic Configuration",
                    "abbreviation": "cli cnfg",
                    "uuid": [
                        "0x02",
                        "0x29"
                    ],
                    "db_size": 2,
                    "description": "Client Characteristic Configuration Descriptor",
                    "properties": [
                        "Read",
                        "Write"
                    ],
                    "aux_properties": [
                        "Peer Specific"
                    ],
                    "fields": [
                        {
                            "name": "cli cnfg",
                            "description": "Client Characteristic Configuration",
                            "format": "uint16_t"
                        }
                    ]
                }
            ]
        }
    ]
}
