{
    "name": "Blood Pressure Service",
    "abbreviation": "bl",
    "description": "This service exposes blood pressure and other data from a blood pressure monitor intended for healthcare applications.",
    "uuid": [
        "0x10",
        "0x18"
    ],
    "aux_properties": [
        "None"
    ],
    "error_codes": [],
    "characteristics": [
        {
            "name": "Blood Pressure Measurement",
            "abbreviation": "meas",
            "description": "The Blood Pressure Measurement characteristic is a variable length structure containing a Flags field,a Blood Pressure Measurement Compound Value field,and contains additional fields such as Time Stamp,Pulse Rate and User ID as determined by the contents of the Flags field.",
            "uuid": [
                "0x35",
                "0x2A"
            ],
            "db_size": 18,
            "fields": [
                {
                    "name": "Flags",
                    "description": "Flags",
                    "format": "struct",
                    "fields": [
                        {
                            "name": "Is Blood Pressure Units kPa",
                            "description": "Blood Pressure Units Flag is mmHg(false) or kPa(true)",
                            "format": "bool"
                        },
                        {
                            "name": "Is Time Stamp present",
                            "description": "Time Stamp Flag",
                            "format": "bool"
                        },
                        {
                            "name": "Is Pulse Rate present",
                            "description": "Pulse Rate Flag",
                            "format": "bool"
                        },
                        {
                            "name": "Is User ID present",
                            "description": "User ID Flag",
                            "format": "bool"
                        },
                        {
                            "name": "Is Measurement Status present",
                            "description": "Measurement Status Flag",
                            "format": "bool"
                        }
                    ]
                },
                {
                    "name": "Systolic",
                    "description": "Blood Pressure Measurement Compound Value - Systolic (mmHg or kPa)",
                    "format": "st_ble_ieee11073_sfloat_t"
                },
                {
                    "name": "Diastolic",
                    "description": "Blood Pressure Measurement Compound Value - Diastolic (mmHg)",
                    "format": "st_ble_ieee11073_sfloat_t"
                },
                {
                    "name": "Mean Arterial Pressure",
                    "description": "Blood Pressure Measurement Compound Value - Mean Arterial Pressure (mmHg or kPa)",
                    "format": "st_ble_ieee11073_sfloat_t"
                },
                {
                    "name": "Time Stamp",
                    "description": "Time Stamp",
                    "format": "st_ble_date_time_t"
                },
                {
                    "name": "Pulse Rate",
                    "description": "Pulse Rate",
                    "format": "st_ble_ieee11073_sfloat_t"
                },
                {
                    "name": "User ID",
                    "description": "User ID",
                    "format": "uint8_t",
                    "enumerations": [
                        {
                            "key": 255,
                            "value": "Unknown User",
                            "description": "Unknown User"
                        }
                    ]
                },
                {
                    "name": "Measurement Status",
                    "description": "Measurement Status",
                    "format": "struct",
                    "fields": [
                        {
                            "name": "Is Body Movement Detected",
                            "description": "Body Movement Detected",
                            "format": "bool"
                        },
                        {
                            "name": "Is Cuff Fit Loose",
                            "description": "Cuff Fit is Loose",
                            "format": "bool"
                        },
                        {
                            "name": "Is Irregular Pulse Detected",
                            "description": "Irregular Pulse Detected",
                            "format": "bool"
                        },
                        {
                            "name": "Pulse Rate Range",
                            "description": "Pulse Rate Range",
                            "format": "uint8_t",
                            "enumerations": [
                                {
                                    "key": 0,
                                    "value": "Pulse rate is within the range",
                                    "description": "Pulse rate is within the range"
                                },
                                {
                                    "key": 1,
                                    "value": "Pulse rate exceeds upper limit",
                                    "description": "Pulse rate exceeds upper limit"
                                },
                                {
                                    "key": 2,
                                    "value": "Pulse rate is less than lower limit",
                                    "description": "Pulse rate is less than lower limit" 
                                }
                            ]
                        },
                        {
                            "name": "Is Measurement Position Improper",
                            "description": "Measurement Position Improper",
                            "format": "bool"
                        }
                    ]
                }
            ],
            "properties": [
                "Indicate"
            ],
            "aux_properties": [],
            "descriptors": [
                {
                    "name": "Client Characteristic Configuration",
                    "abbreviation": "cli cnfg",
                    "uuid": [
                        "0x02",
                        "0x29"
                    ],
                    "db_size": 2,
                    "description": "Client Characteristic Configuration Descriptor",
                    "properties": [
                        "Read",
                        "Write"
                    ],
                    "aux_properties": [
                        "Peer Specific"
                    ],
                    "fields": [
                        {
                            "name": "cli cnfg",
                            "description": "Client Characteristic Configuration",
                            "format": "uint16_t"
                        }
                    ]
                }
            ]
        },
        {
            "name": "Intermediate Cuff Pressure",
            "abbreviation": "intermediate cuff pressure",
            "description": "This characteristic has the same format as the Blood Pressure Measurement characteristic.",
            "uuid": [
                "0x36",
                "0x2A"
            ],
            "db_size": 18,
            "fields": [
                {
                    "name": "Intermediate Cuff Pressure",
                    "description": "Intermediate Cuff Pressure",
                    "format": "st_ble_bls_meas_t"
                }
            ],
            "properties": [
                "Notify"
            ],
            "aux_properties": [],
            "descriptors": [
                {
                    "name": "Client Characteristic Configuration",
                    "abbreviation": "cli cnfg",
                    "uuid": [
                        "0x02",
                        "0x29"
                    ],
                    "db_size": 2,
                    "description": "Client Characteristic Configuration Descriptor",
                    "properties": [
                        "Read",
                        "Write"
                    ],
                    "aux_properties": [
                        "Peer Specific"
                    ],
                    "fields": [
                        {
                            "name": "cli cnfg",
                            "description": "Client Characteristic Configuration",
                            "format": "uint16_t"
                        }
                    ]
                }
            ]
        },
        {
            "name": "Blood Pressure Feature",
            "abbreviation": "feat",
            "description": "The Blood Pressure Feature characteristic is used to describe the supported features of the Blood Pressure Sensor.",
            "uuid": [
                "0x49",
                "0x2A"
            ],
            "db_size": 2,
            "fields": [
                {
                    "name": "Is Body Movement Detection Support bit",
                    "description": "Body Movement Detection Support bit",
                    "format": "bool"
                },
                {
                    "name": "Is Cuff Fit Detection Support bit",
                    "description": "Cuff Fit Detection Support bit",
                    "format": "bool"
                },
                {
                    "name": "Is Irregular Pulse Detection Support bit",
                    "description": "Irregular Pulse Detection Support bit",
                    "format": "bool"
                },
                {
                    "name": "Is Pulse Rate Range Detection Support bit",
                    "description": "Pulse Rate Range Detection Support bit",
                    "format": "bool"
                },
                {
                    "name": "Is Measurement Position Detection Support bit",
                    "description": "Measurement Position Detection Support bit",
                    "format": "bool"
                },
                {
                    "name": "Is Multiple Bond Support bit",
                    "description": "Multiple Bond Support bit",
                    "format": "bool"
                }
            ],
            "properties": [
                "Read"
            ],
            "aux_properties": []
        }
    ]
}
