{
    "name": "Body Composition Service",
    "abbreviation": "bc",
    "description": "This service exposes data related to body composition from a body composition analyzer intended for consumer healthcare and sports/fitness applications.",
    "uuid": [
        "0x1B",
        "0x18"
    ],
    "aux_properties": [
        "None"
    ],
    "error_codes": [],
    "characteristics": [
        {
            "name": "Body Composition Feature",
            "abbreviation": "body_composition_feature",
            "description": "The Body Composition Feature characteristic shall be used to describe the supported features of the Server.",
            "uuid": [
                "0x9B",
                "0x2A"
            ],
            "db_size": 4,
            "fields": [
                {
                    "name": "Is Time Stamp Supported",
                    "description": "Time Stamp Supported",
                    "format": "bool"
                },
                {
                    "name": "Is Multiple Users Supported",
                    "description": "Multiple Users Supported",
                    "format": "bool"
                },
                {
                    "name": "Is Basal Metabolism Supported",
                    "description": "Basal Metabolism Supported",
                    "format": "bool"
                },
                {
                    "name": "Is Muscle Percentage Supported",
                    "description": "Muscle Percentage Supported",
                    "format": "bool"
                },
                {
                    "name": "Is Muscle Mass Supported",
                    "description": "Muscle Mass Supported",
                    "format": "bool"
                },
                {
                    "name": "Is Fat Free Mass Supported",
                    "description": "Fat Free Mass Supported",
                    "format": "bool"
                },
                {
                    "name": "Is Soft Lean Mass Supported",
                    "description": "Soft Lean Mass Supported",
                    "format": "bool"
                },
                {
                    "name": "Is Body Water Mass Supported",
                    "description": "Body Water Mass Supported",
                    "format": "bool"
                },
                {
                    "name": "Is Impedance Supported",
                    "description": "Impedance Supported",
                    "format": "bool"
                },
                {
                    "name": "Is Weight Supported",
                    "description": "Weight Supported",
                    "format": "bool"
                },
                {
                    "name": "Is Height Supported",
                    "description": "Height Supported",
                    "format": "bool"
                },
                {
                    "name": "Mass Measurement Resolution",
                    "description": "Mass Measurement Resolution",
                    "format": "uint8_t"
                },
                {
                    "name": "Height Measurement Resolution",
                    "description": "Height Measurement Resolution",
                    "format": "uint8_t"
                }
            ],
            "properties": [
                "Read"
            ],
            "aux_properties": []
        },
        {
            "name": "Body Composition Measurement",
            "abbreviation": "body_composition_measurement",
            "description": "The Body Composition Measurement characteristic is used to send body composition-related data to the Client.",
            "uuid": [
                "0x9C",
                "0x2A"
            ],
            "db_size": 30,
            "fields": [
                {
                    "name": "Flags",
                    "description": "Flags",
                    "format": "struct",
                    "fields": [
                        {
                            "name": "Is Measurement Units",
                            "description": "Measurement Units",
                            "format": "bool"
                        },
                        {
                            "name": "Is Time Stamp Present",
                            "description": "Time Stamp Present",
                            "format": "bool"
                        },
                        {
                            "name": "Is User ID present",
                            "description": "User ID present",
                            "format": "bool"
                        },
                        {
                            "name": "Is Basal Metabolism present",
                            "description": "Basal Metabolism present",
                            "format": "bool"
                        },
                        {
                            "name": "Is Muscle Percentage present",
                            "description": "Muscle Percentage present",
                            "format": "bool"
                        },
                        {
                            "name": "Is Muscle Mass present",
                            "description": "Muscle Mass present",
                            "format": "bool"
                        },
                        {
                            "name": "Is Fat Free Mass present",
                            "description": "Fat Free Mass present",
                            "format": "bool"
                        },
                        {
                            "name": "Is Soft Lean Mass present",
                            "description": "Soft Lean Mass present",
                            "format": "bool"
                        },
                        {
                            "name": "Is Body Water Mass present",
                            "description": "Body Water Mass present",
                            "format": "bool"
                        },
                        {
                            "name": "Is Impedance present",
                            "description": "Impedance present",
                            "format": "bool"
                        },
                        {
                            "name": "Is Weight present",
                            "description": "Weight present",
                            "format": "bool"
                        },
                        {
                            "name": "Is Height present",
                            "description": "Height present",
                            "format": "bool"
                        },
                        {
                            "name": "Is Multiple Packet Measurement",
                            "description": "Multiple Packet Measurement",
                            "format": "bool"
                        }
                    ]
                },
                {
                    "name": "Body Fat Percentage",
                    "description": "Body Fat Percentage",
                    "format": "uint16_t"
                },
                {
                    "name": "Time Stamp",
                    "description": "Time Stamp",
                    "format": "st_ble_date_time_t"
                },
                {
                    "name": "User ID",
                    "description": "User ID",
                    "format": "uint8_t",
                    "enumerations": [
                        {
                            "key": 255,
                            "value": "unknown user",
                            "description": "unknown user"
                        }
                    ]
                },
                {
                    "name": "Basal Metabolism",
                    "description": "Basal Metabolism",
                    "format": "uint16_t"
                },
                {
                    "name": "Muscle Percentage",
                    "description": "Muscle Percentage",
                    "format": "uint16_t"
                },
                {
                    "name": "Muscle Mass - Kilograms",
                    "description": "Muscle Mass - Kilograms",
                    "format": "uint16_t"
                },
                {
                    "name": "Muscle Mass - Pounds",
                    "description": "Muscle Mass - Pounds",
                    "format": "uint16_t"
                },
                {
                    "name": "Fat Free Mass - Kilograms",
                    "description": "Fat Free Mass - Kilograms",
                    "format": "uint16_t"
                },
                {
                    "name": "Fat Free Mass - Pounds",
                    "description": "Fat Free Mass - Pounds",
                    "format": "uint16_t"
                },
                {
                    "name": "Soft Lean Mass - Kilograms",
                    "description": "Soft Lean Mass - Kilograms",
                    "format": "uint16_t"
                },
                {
                    "name": "Soft Lean Mass - Pounds",
                    "description": "Soft Lean Mass - Pounds",
                    "format": "uint16_t"
                },
                {
                    "name": "Body Water Mass - Kilograms",
                    "description": "Body Water Mass - Kilograms",
                    "format": "uint16_t"
                },
                {
                    "name": "Body Water Mass - Pounds",
                    "description": "Body Water Mass - Pounds",
                    "format": "uint16_t"
                },
                {
                    "name": "Impedance",
                    "description": "Impedance",
                    "format": "uint16_t"
                },
                {
                    "name": "Weight - Kilograms",
                    "description": "Weight - Kilograms",
                    "format": "uint16_t"
                },
                {
                    "name": "Weight - Pounds",
                    "description": "Weight - Pounds",
                    "format": "uint16_t"
                },
                {
                    "name": "Height - Meters",
                    "description": "Height - Meters",
                    "format": "uint16_t"
                },
                {
                    "name": "Height - Inches",
                    "description": "Height - Inches",
                    "format": "uint16_t"
                }
            ],
            "properties": [
                "Indicate"
            ],
            "aux_properties": [],
            "descriptors": [
                {
                    "name": "Client Characteristic Configuration",
                    "abbreviation": "cli cnfg",
                    "uuid": [
                        "0x02",
                        "0x29"
                    ],
                    "db_size": 2,
                    "description": "Client Characteristic Configuration Descriptor",
                    "properties": [
                        "Read",
                        "Write"
                    ],
                    "aux_properties": [
                        "Peer Specific"
                    ],
                    "fields": [
                        {
                            "name": "cli cnfg",
                            "description": "Client Characteristic Configuration",
                            "format": "uint16_t"
                        }
                    ]
                }
            ]
        }
    ]
}
