{
    "name": "Bond Management Service",
    "abbreviation": "bm",
    "description": "This Specification proposes that this service will enable users to manage their bonds on devices with a limited user interface.",
    "uuid": [
        "0x1E",
        "0x18"
    ],
    "aux_properties": [
        "None"
    ],
    "error_codes": [
        {
            "code": "0x80",
            "name": "Op Code not supported",
            "description": "Response if unsupported Op Code is received"
        },
        {
            "code": "0x81",
            "name": "Operation failed",
            "description": "Response if unable to complete a procedure for any reason"
        }
    ],
    "characteristics": [
        {
            "name": "Bond Management Control Point",
            "abbreviation": "cp",
            "description": "The Bond Management Service Control Point (BMSCP) encapsulates functionality and mechanisms to control the bonds of a device.",
            "uuid": [
                "0xA4",
                "0x2A"
            ],
            "db_size": 100,
            "fields": [
                {
                    "name": "Op Code",
                    "description": "Op Code",
                    "format": "uint8_t",
                    "enumerations": [
                        {
                            "key": 3,
                            "value": "Delete bond of requesting device LE transport only",
                            "description": "Delete bond of requesting device (LE transport only)"
                        },
                        {
                            "key": 6,
                            "value": "Delete all bonds on server LE transport only",
                            "description": "Delete all bonds on server (LE transport only)"
                        },
                        {
                            "key": 9,
                            "value": "Delete all but the active bond on server LE transport only",
                            "description": "Delete all but the active bond on server (LE transport only)"
                        }
                    ]
                },
                {
                    "name": "Operand",
                    "description": "Operand",
                    "format": "st_ble_seq_data_t"
                }
            ],
            "properties": [
                "Write",
                "ReliableWrite"
            ],
            "aux_properties": [
                "Variable Length"
            ]
        },
        {
            "name": "Bond Management Features",
            "abbreviation": "feat",
            "description": "The Bond Management Feature characteristic shall be used to indicate the supported features of the server.",
            "uuid": [
                "0xA5",
                "0x2A"
            ],
            "db_size": 3,
            "fields": [
                {
                    "name": "Is Delete bond of current connection LE transport only supported",
                    "description": "Delete bond of current connection (LE transport only) supported",
                    "format": "bool"
                },
                {
                    "name": "Is Authorization Code required to delete bond of current connection",
                    "description": "Authorization Code required to delete bond of current connection",
                    "format": "bool"
                },
                {
                    "name": "Is Remove all bonds on server LE transport only supported",
                    "description": "Remove all bonds on server (LE transport only) supported",
                    "format": "bool"
                },
                {
                    "name": "Is Authorization Code required to remove all bonds on server",
                    "description": "Authorization Code required to remove all bonds on server",
                    "format": "bool"
                },
                {
                    "name": "Is Remove all but the active bond on server LE transport only supported",
                    "description": "Remove all but the active bond on server (LE transport only) supported",
                    "format": "bool"
                },
                {
                    "name": "Is Authorization Code required to remove all but the active bond on server",
                    "description": "Authorization Code required to remove all but the active bond on server",
                    "format": "bool"
                },
                {
                    "name": "Is Identify yourself supported",
                    "description": "Identify yourself supported",
                    "format": "bool"
                },
                {
                    "name": "Is Feature Extension",
                    "description": "Feature Extension",
                    "format": "bool"
                }
            ],
            "properties": [
                "Read"
            ],
            "aux_properties": []
        }
    ]
}
