{
    "name": "Continuous Glucose Monitoring Service",
    "abbreviation": "cgm",
    "description": "This service exposes glucose and other data from a personal Continuous Glucose Monitoring (CGM) sensor for use in consumer healthcare applications.",
    "uuid": [
        "0x1F",
        "0x18"
    ],
    "aux_properties": [
        "None"
    ],
    "error_codes": [
        {
            "code": "0x80",
            "name": "Missing CRC",
            "description": "If E2E-CRC is supported and a Write procedure is processed without CRC attached "
        },
        {
            "code": "0x81",
            "name": "Invalid CRC",
            "description": "If E2E-CRC is supported and a Write procedure is processed with incorrect or invalid CRC value attached"
        }
    ],
    "characteristics": [
        {
            "name": "CGM Measurement",
            "abbreviation": "meas",
            "description": "This characteristic shall be used to send continuous glucose monitoring measurements.",
            "uuid": [
                "0xA7",
                "0x2A"
            ],
            "db_size": 15,
            "fields": [
                {
                    "name": "Size",
                    "description": "Size",
                    "format": "uint8_t"
                },
                {
                    "name": "Flags",
                    "description": "Flags",
                    "format": "struct",
                    "fields": [
                        {
                            "name": "Is CGM Trend Information Present",
                            "description": "CGM Trend Information Present",
                            "format": "bool"
                        },
                        {
                            "name": "Is CGM Quality Present",
                            "description": "CGM Quality Present",
                            "format": "bool"
                        },
                        {
                            "name": "Is Sensor Status Annunciation Field,Warning-Octet present",
                            "description": "Sensor Status Annunciation Field,Warning-Octet present",
                            "format": "bool"
                        },
                        {
                            "name": "Is Sensor Status Annunciation Field,Cal/Temp-Octet present",
                            "description": "Sensor Status Annunciation Field,Cal/Temp-Octet present",
                            "format": "bool"
                        },
                        {
                            "name": "Is Sensor Status Annunciation Field,Status-Octet present",
                            "description": "Sensor Status Annunciation Field,Status-Octet present",
                            "format": "bool"
                        }
                    ]
                },
                {
                    "name": "CGM Glucose Concentration",
                    "description": "CGM Glucose Concentration",
                    "format": "st_ble_ieee11073_sfloat_t"
                },
                {
                    "name": "Time Offset",
                    "description": "Time Offset",
                    "format": "uint16_t"
                },
                {
                    "name": "Sensor Status Annunciation",
                    "description": "Sensor Status Annunciation",
                    "format": "struct",
                    "fields": [
                        {
                            "name": "Is Session Stopped",
                            "description": "Session Stopped",
                            "format": "bool"
                        },
                        {
                            "name": "Is Device Battery Low",
                            "description": "Device Battery Low",
                            "format": "bool"
                        },
                        {
                            "name": "Is Sensor type incorrect for device",
                            "description": "Sensor type incorrect for device",
                            "format": "bool"
                        },
                        {
                            "name": "Is Sensor malfunction",
                            "description": "Sensor malfunction",
                            "format": "bool"
                        },
                        {
                            "name": "Is Device Specific Alert",
                            "description": "Device Specific Alert",
                            "format": "bool"
                        },
                        {
                            "name": "Is General device fault has occurred in the sensor",
                            "description": "General device fault has occurred in the sensor",
                            "format": "bool"
                        },
                        {
                            "name": "Is Time synchronization between sensor and collector required",
                            "description": "Time synchronization between sensor and collector required",
                            "format": "bool"
                        },
                        {
                            "name": "Is Calibration not allowed",
                            "description": "Calibration not allowed",
                            "format": "bool"
                        },
                        {
                            "name": "Is Calibration recommended",
                            "description": "Calibration recommended",
                            "format": "bool"
                        },
                        {
                            "name": "Is Calibration required",
                            "description": "Calibration required",
                            "format": "bool"
                        },
                        {
                            "name": "Is Sensor Temperature too high for valid test/result at time of measurement",
                            "description": "Sensor Temperature too high for valid test/result at time of measurement",
                            "format": "bool"
                        },
                        {
                            "name": "Is Sensor temperature too low for valid test/result at time of measurement",
                            "description": "Sensor temperature too low for valid test/result at time of measurement",
                            "format": "bool"
                        },
                        {
                            "name": "Is Sensor result lower than the Patient Low level",
                            "description": "Sensor result lower than the Patient Low level",
                            "format": "bool"
                        },
                        {
                            "name": "Is Sensor result higher than the Patient High level",
                            "description": "Sensor result higher than the Patient High level",
                            "format": "bool"
                        },
                        {
                            "name": "Is Sensor result lower than the Hypo level",
                            "description": "Sensor result lower than the Hypo level",
                            "format": "bool"
                        },
                        {
                            "name": "Is Sensor result higher than the Hyper level",
                            "description": "Sensor result higher than the Hyper level",
                            "format": "bool"
                        },
                        {
                            "name": "Is Sensor Rate of Decrease exceeded",
                            "description": "Sensor Rate of Decrease exceeded",
                            "format": "bool"
                        },
                        {
                            "name": "Is Sensor Rate of Increase exceeded",
                            "description": "Sensor Rate of Increase exceeded",
                            "format": "bool"
                        },
                        {
                            "name": "Is Sensor result lower than the device can process",
                            "description": "Sensor result lower than the device can process",
                            "format": "bool"
                        },
                        {
                            "name": "Is Sensor result higher than the device can process",
                            "description": "Sensor result higher than the device can process",
                            "format": "bool"
                        }
                    ]
                },
                {
                    "name": "CGM Trend Information",
                    "description": "CGM Trend Information",
                    "format": "st_ble_ieee11073_sfloat_t"
                },
                {
                    "name": "CGM Quality",
                    "description": "CGM Quality",
                    "format": "st_ble_ieee11073_sfloat_t"
                },
                {
                    "name": "E2E-CRC",
                    "description": "E2E-CRC",
                    "format": "uint16_t"
                }
            ],
            "properties": [
                "Notify"
            ],
            "aux_properties": [],
            "descriptors": [
                {
                    "name": "Client Characteristic Configuration",
                    "abbreviation": "cli cnfg",
                    "uuid": [
                        "0x02",
                        "0x29"
                    ],
                    "db_size": 2,
                    "description": "Client Characteristic Configuration Descriptor",
                    "properties": [
                        "Read",
                        "Write"
                    ],
                    "aux_properties": [
                        "Peer Specific"
                    ],
                    "fields": [
                        {
                            "name": "cli cnfg",
                            "description": "Client Characteristic Configuration",
                            "format": "uint16_t"
                        }
                    ]
                }
            ]
        },
        {
            "name": "CGM Feature",
            "abbreviation": "feat",
            "description": "This characteristic shall be used to describe the supported features of the Server",
            "uuid": [
                "0xA8",
                "0x2A"
            ],
            "db_size": 6,
            "fields": [
                {
                    "name": "CGM Feature",
                    "description": "CGM Feature",
                    "format": "struct",
                    "fields": [
                        {
                            "name": "Is Calibration Supported",
                            "description": "Calibration Supported",
                            "format": "bool"
                        },
                        {
                            "name": "Is Patient High/Low Alerts supported",
                            "description": "Patient High/Low Alerts supported",
                            "format": "bool"
                        },
                        {
                            "name": "Is Hypo Alerts supported",
                            "description": "Hypo Alerts supported",
                            "format": "bool"
                        },
                        {
                            "name": "Is Hyper Alerts supported",
                            "description": "Hyper Alerts supported",
                            "format": "bool"
                        },
                        {
                            "name": "Is Rate of Increase/Decrease Alerts supported",
                            "description": "Rate of Increase/Decrease Alerts supported",
                            "format": "bool"
                        },
                        {
                            "name": "Is Device Specific Alert supported",
                            "description": "Device Specific Alert supported",
                            "format": "bool"
                        },
                        {
                            "name": "Is Sensor Malfunction Detection supported",
                            "description": "Sensor Malfunction Detection supported",
                            "format": "bool"
                        },
                        {
                            "name": "Is Sensor Temperature High-Low Detection supported",
                            "description": "Sensor Temperature High-Low Detection supported",
                            "format": "bool"
                        },
                        {
                            "name": "Is Sensor Result High-Low Detection supported",
                            "description": "Sensor Result High-Low Detection supported",
                            "format": "bool"
                        },
                        {
                            "name": "Is Low Battery Detection supported",
                            "description": "Low Battery Detection supported",
                            "format": "bool"
                        },
                        {
                            "name": "Is Sensor Type Error Detection supported",
                            "description": "Sensor Type Error Detection supported",
                            "format": "bool"
                        },
                        {
                            "name": "Is General Device Fault supported",
                            "description": "General Device Fault supported",
                            "format": "bool"
                        },
                        {
                            "name": "Is E2E-CRC supported",
                            "description": "E2E-CRC supported",
                            "format": "bool"
                        },
                        {
                            "name": "Is Multiple Bond supported",
                            "description": "Multiple Bond supported",
                            "format": "bool"
                        },
                        {
                            "name": "Is Multiple Sessions supported",
                            "description": "Multiple Sessions supported",
                            "format": "bool"
                        },
                        {
                            "name": "Is CGM Trend Information supported",
                            "description": "CGM Trend Information supported",
                            "format": "bool"
                        },
                        {
                            "name": "Is CGM Quality supported",
                            "description": "CGM Quality supported",
                            "format": "bool"
                        }
                    ]
                },
                {
                    "name": "CGM Type",
                    "description": "CGM Type",
                    "format": "uint8_t",
                    "enumerations": [
                        {
                            "key": 1,
                            "value": "Capillary Whole blood 1",
                            "description": "Capillary Whole blood"
                        },
                        {
                            "key": 2,
                            "value": "Capillary Plasma",
                            "description": "Capillary Plasma"
                        },
                        {
                            "key": 3,
                            "value": "Capillary Whole blood 3",
                            "description": "Capillary Whole blood"
                        },
                        {
                            "key": 4,
                            "value": "Venous Plasma",
                            "description": "Venous Plasma"
                        },
                        {
                            "key": 5,
                            "value": "Arterial Whole blood",
                            "description": "Arterial Whole blood"
                        },
                        {
                            "key": 6,
                            "value": "Arterial Plasma",
                            "description": "Arterial Plasma"
                        },
                        {
                            "key": 7,
                            "value": "Undetermined Whole blood",
                            "description": "Undetermined Whole blood"
                        },
                        {
                            "key": 8,
                            "value": "Undetermined Plasma",
                            "description": "Undetermined Plasma"
                        },
                        {
                            "key": 9,
                            "value": "Interstitial Fluid",
                            "description": "Interstitial Fluid (ISF)"
                        },
                        {
                            "key": 10,
                            "value": "Control Solution",
                            "description": "Control Solution"
                        }
                    ]
                },
                {
                    "name": "CGM Sample Location",
                    "description": "CGM Sample Location",
                    "format": "uint8_t",
                    "enumerations": [
                        {
                            "key": 1,
                            "value": "Finger",
                            "description": "Finger"
                        },
                        {
                            "key": 2,
                            "value": "Alternate Site Test",
                            "description": "Alternate Site Test (AST)"
                        },
                        {
                            "key": 3,
                            "value": "Earlobe",
                            "description": "Earlobe"
                        },
                        {
                            "key": 4,
                            "value": "Control solution",
                            "description": "Control solution"
                        },
                        {
                            "key": 5,
                            "value": "Subcutaneous tissue",
                            "description": "Subcutaneous tissue"
                        },
                        {
                            "key": 15,
                            "value": "Sample Location value not available",
                            "description": "Sample Location value not available"
                        }
                    ]
                },
                {
                    "name": "E2E-CRC",
                    "description": "E2E-CRC",
                    "format": "uint16_t"
                }
            ],
            "properties": [
                "Read"
            ],
            "aux_properties": []
        },
        {
            "name": "CGM Status",
            "abbreviation": "status",
            "description": "This characteristic shall be used to describe the actively request for the status from the CGM Sensor of the Server.",
            "uuid": [
                "0xA9",
                "0x2A"
            ],
            "db_size": 7,
            "fields": [
                {
                    "name": "Time Offset",
                    "description": "Time Offset",
                    "format": "uint16_t"
                },
                {
                    "name": "CGM Status",
                    "description": "CGM Status",
                    "format": "uint32_t"
                },
                {
                    "name": "E2E-CRC",
                    "description": "E2E-CRC",
                    "format": "uint16_t"
                }
            ],
            "properties": [
                "Read"
            ],
            "aux_properties": []
        },
        {
            "name": "CGM Session Start Time",
            "abbreviation": "session start time",
            "description": "This characteristic is used to describe the time of the initial CGM measurement.",
            "uuid": [
                "0xAA",
                "0x2A"
            ],
            "db_size": 11,
            "fields": [
                {
                    "name": "Session Start Time",
                    "description": "Session Start Time",
                    "format": "st_ble_date_time_t"
                },
                {
                    "name": "Time Zone",
                    "description": "Time Zone",
                    "format": "int8_t"
                },
                {
                    "name": "DST-Offset",
                    "description": "DST-Offset",
                    "format": "uint8_t",
                    "enumerations": [
                        {
                            "key": 0,
                            "value": "Standard Time",
                            "description": "Standard Time"
                        },
                        {
                            "key": 2,
                            "value": "Half An Hour Daylight Time",
                            "description": "Half An Hour Daylight Time (+0.5h)"
                        },
                        {
                            "key": 4,
                            "value": "Daylight Time",
                            "description": "Daylight Time (+1h)"
                        },
                        {
                            "key": 8,
                            "value": "Double Daylight Time",
                            "description": "Double Daylight Time (+2h)"
                        }
                    ]
                },
                {
                    "name": "E2E-CRC",
                    "description": "E2E-CRC",
                    "format": "uint16_t"
                }
            ],
            "properties": [
                "Read",
                "Write"
            ],
            "aux_properties": []
        },
        {
            "name": "CGM Session Run Time",
            "abbreviation": "session run time",
            "description": "This characteristic is used to describe the the expected run time of the CGM session.",
            "uuid": [
                "0xAB",
                "0x2A"
            ],
            "db_size": 4,
            "fields": [
                {
                    "name": "CGM Session Run Time",
                    "description": "CGM Session Run Time",
                    "format": "uint16_t"
                },
                {
                    "name": "E2E-CRC",
                    "description": "E2E-CRC",
                    "format": "uint16_t"
                }
            ],
            "properties": [
                "Read"
            ],
            "aux_properties": []
        },
        {
            "name": "Record Access Control Point",
            "abbreviation": "record access cp",
            "description": "The Client must perform a write to this characteristic to execute a desired procedure at the Server.",
            "uuid": [
                "0x52",
                "0x2A"
            ],
            "db_size": 4,
            "fields": [
                {
                    "name": "Op Code",
                    "description": "Op Code",
                    "format": "uint8_t",
                    "enumerations": [
                        {
                            "key": 1,
                            "value": "Report stored records",
                            "description": "Report stored records (Operator: Value from Operator Table)"
                        },
                        {
                            "key": 2,
                            "value": "Delete stored records",
                            "description": "Delete stored records (Operator: Value from Operator Table)"
                        },
                        {
                            "key": 3,
                            "value": "Abort operation",
                            "description": "Abort operation (Operator: Null 'value of 0x00 from Operator Table')"
                        },
                        {
                            "key": 4,
                            "value": "Report number of stored records",
                            "description": "Report number of stored records (Operator: Value from Operator Table)"
                        },
                        {
                            "key": 5,
                            "value": "Number of stored records response",
                            "description": "Number of stored records response (Operator: Null 'value of 0x00 from Operator Table')"
                        },
                        {
                            "key": 6,
                            "value": "Response Code",
                            "description": "Response Code (Operator: Null 'value of 0x00 from Operator Table')"
                        }
                    ]
                },
                {
                    "name": "Operator",
                    "description": "Operator",
                    "format": "uint8_t",
                    "enumerations": [
                        {
                            "key": 0,
                            "value": "Null",
                            "description": "Null"
                        },
                        {
                            "key": 1,
                            "value": "All records",
                            "description": "All records"
                        },
                        {
                            "key": 2,
                            "value": "Less than or equal to",
                            "description": "Less than or equal to"
                        },
                        {
                            "key": 3,
                            "value": "Greater than or equal to",
                            "description": "Greater than or equal to"
                        },
                        {
                            "key": 4,
                            "value": "Within range of",
                            "description": "Within range of (inclusive)"
                        },
                        {
                            "key": 5,
                            "value": "First record",
                            "description": "First record(i.e. oldest record)"
                        },
                        {
                            "key": 6,
                            "value": "Last record",
                            "description": "Last record (i.e. most recent record)"
                        }
                    ]
                },
                {
                    "name": "Operand",
                    "description": "Operand",
                    "format": "uint8_t",
                    "enumerations": [
                        {
                            "key": 1,
                            "value": "Filter parameters 1",
                            "description": "Filter parameters (as appropriate to Operator and Service)"
                        },
                        {
                            "key": 2,
                            "value": "Filter parameters 2",
                            "description": "Filter parameters (as appropriate to Operator and Service)"
                        },
                        {
                            "key": 3,
                            "value": "Not included",
                            "description": "Not included"
                        },
                        {
                            "key": 4,
                            "value": "Filter parameters 4",
                            "description": "Filter parameters (as appropriate to Operator and Service)"
                        },
                        {
                            "key": 5,
                            "value": "Number of Records",
                            "description": "Number of Records (Field size defined per service)"
                        },
                        {
                            "key": 6,
                            "value": "Request Op Code,Response Code Value",
                            "description": "Request Op Code,Response Code Value"
                        }
                    ]
                },
                {
                    "name": "Response Code",
                    "description": "Response Code",
                    "format": "uint8_t",
                    "enumerations": [
                        {
                            "key": 1,
                            "value": "Success",
                            "description": "Normal response for successful operation"
                        },
                        {
                            "key": 2,
                            "value": "Op Code not supported",
                            "description": "Normal response if unsupported Op Code is received"
                        },
                        {
                            "key": 3,
                            "value": "Invalid Operator",
                            "description": "Normal response if Operator received does not meet the requirements of the service (e.g. Null was expected)"
                        },
                        {
                            "key": 4,
                            "value": "Operator not supported",
                            "description": "Normal response if unsupported Operator is received"
                        },
                        {
                            "key": 5,
                            "value": "Invalid Operand",
                            "description": "Normal response if Operand received does not meet the requirements of the service"
                        },
                        {
                            "key": 6,
                            "value": "No records found",
                            "description": "Normal response if request to report stored records or request to delete stored records resulted in no records meeting criteria."
                        },
                        {
                            "key": 7,
                            "value": "Abort unsuccessful",
                            "description": "Normal response if request for Abort cannot be completed"
                        },
                        {
                            "key": 8,
                            "value": "Procedure not completed",
                            "description": "Normal response if unable to complete a procedure for any reason"
                        },
                        {
                            "key": 9,
                            "value": "Operand not supported",
                            "description": "Normal response if unsupported Operand is received"
                        }
                    ]
                }
            ],
            "properties": [
                "Write",
                "Indicate"
            ],
            "aux_properties": [],
            "descriptors": [
                {
                    "name": "Client Characteristic Configuration",
                    "abbreviation": "cli cnfg",
                    "uuid": [
                        "0x02",
                        "0x29"
                    ],
                    "db_size": 2,
                    "description": "Client Characteristic Configuration Descriptor",
                    "properties": [
                        "Read",
                        "Write"
                    ],
                    "aux_properties": [
                        "Peer Specific"
                    ],
                    "fields": [
                        {
                            "name": "cli cnfg",
                            "description": "Client Characteristic Configuration",
                            "format": "uint16_t"
                        }
                    ]
                }
            ]
        },
        {
            "name": "CGM Specific Ops Control Point",
            "abbreviation": "specific ops cp",
            "description": "The Client shall perform a write to the CGM Specific Ops Control Point to request a desired CGM specific procedure at the Server.",
            "uuid": [
                "0xAC",
                "0x2A"
            ],
            "db_size": 18,
            "fields": [
                {
                    "name": "Op Code",
                    "description": "Op Code",
                    "format": "uint8_t",
                    "enumerations": [
                        {
                            "key": 1,
                            "value": "Set CGM Communication Interval",
                            "description": "Set CGM Communication Interval"
                        },
                        {
                            "key": 2,
                            "value": "Get CGM Communication Interval",
                            "description": "Get CGM Communication Interval"
                        },
                        {
                            "key": 3,
                            "value": "CGM Communication Interval response",
                            "description": "CGM Communication Interval response"
                        },
                        {
                            "key": 4,
                            "value": "Set Glucose Calibration Value",
                            "description": "Set Glucose Calibration Value"
                        },
                        {
                            "key": 5,
                            "value": "Get Glucose Calibration Value",
                            "description": "Get Glucose Calibration Value"
                        },
                        {
                            "key": 6,
                            "value": "Glucose Calibration Value response",
                            "description": "Glucose Calibration Value response"
                        },
                        {
                            "key": 7,
                            "value": "Set Patient High Alert Level",
                            "description": "Set Patient High Alert Level"
                        },
                        {
                            "key": 8,
                            "value": "Get Patient High Alert Level",
                            "description": "Get Patient High Alert Level"
                        },
                        {
                            "key": 9,
                            "value": "Patient High Alert Level Response",
                            "description": "Patient High Alert Level Response"
                        },
                        {
                            "key": 10,
                            "value": "Set Patient Low Alert Level",
                            "description": "Set Patient Low Alert Level"
                        },
                        {
                            "key": 11,
                            "value": "Get Patient Low Alert Level",
                            "description": "Get Patient Low Alert Level"
                        },
                        {
                            "key": 12,
                            "value": "Patient Low Alert Level Response",
                            "description": "Patient Low Alert Level Response"
                        },
                        {
                            "key": 13,
                            "value": "Set Hypo Alert Level",
                            "description": "Set Hypo Alert Level"
                        },
                        {
                            "key": 14,
                            "value": "Get Hypo Alert Level",
                            "description": "Get Hypo Alert Level"
                        },
                        {
                            "key": 15,
                            "value": "Hypo Alert Level Response",
                            "description": "Hypo Alert Level Response"
                        },
                        {
                            "key": 16,
                            "value": "Set Hyper Alert Level",
                            "description": "Set Hyper Alert Level"
                        },
                        {
                            "key": 17,
                            "value": "Get Hyper Alert Level",
                            "description": "Get Hyper Alert Level"
                        },
                        {
                            "key": 18,
                            "value": "Hyper Alert Level Response",
                            "description": "Hyper Alert Level Response"
                        },
                        {
                            "key": 19,
                            "value": "Set Rate of Decrease Alert Level",
                            "description": "Set Rate of Decrease Alert Level"
                        },
                        {
                            "key": 20,
                            "value": "Get Rate of Decrease Alert Level",
                            "description": "Get Rate of Decrease Alert Level"
                        },
                        {
                            "key": 21,
                            "value": "Rate of Decrease Alert Level Response",
                            "description": "Rate of Decrease Alert Level Response"
                        },
                        {
                            "key": 22,
                            "value": "Set Rate of Increase Alert Level",
                            "description": "Set Rate of Increase Alert Level"
                        },
                        {
                            "key": 23,
                            "value": "Get Rate of Increase Alert Level",
                            "description": "Get Rate of Increase Alert Level"
                        },
                        {
                            "key": 24,
                            "value": "Rate of Increase Alert Level Response",
                            "description": "Rate of Increase Alert Level Response"
                        },
                        {
                            "key": 25,
                            "value": "Reset Device Specific Alert",
                            "description": "Reset Device Specific Alert"
                        },
                        {
                            "key": 26,
                            "value": "Start the Session",
                            "description": "Start the Session"
                        },
                        {
                            "key": 27,
                            "value": "Stop the Session",
                            "description": "Stop the Session"
                        },
                        {
                            "key": 28,
                            "value": "Response Code",
                            "description": "Response Code"
                        }
                    ]
                },
                {
                    "name": "Op Code - Response Codes",
                    "description": "Op Code - Response Codes",
                    "format": "uint8_t",
                    "enumerations": [
                        {
                            "key": 1,
                            "value": "Success",
                            "description": "Success"
                        },
                        {
                            "key": 2,
                            "value": "Op Code not supported",
                            "description": "Op Code not supported"
                        },
                        {
                            "key": 3,
                            "value": "Invalid Operand",
                            "description": "Invalid Operand"
                        },
                        {
                            "key": 4,
                            "value": "Procedure not completed",
                            "description": "Procedure not completed"
                        },
                        {
                            "key": 5,
                            "value": "Parameter out of range",
                            "description": "Parameter out of range"
                        }
                    ]
                },
                {
                    "name": "Operand",
                    "description": "Operand",
                    "format": "uint8_t",
                    "enumerations": [
                        {
                            "key": 1,
                            "value": "Communication interval in minutes 1",
                            "description": "Communication interval in minutes"
                        },
                        {
                            "key": 3,
                            "value": "Communication Interval in minutes 3",
                            "description": "Communication Interval in minutes"
                        },
                        {
                            "key": 4,
                            "value": "Operand value as defined in the Calibration Value Fields.",
                            "description": "Operand value as defined in the Calibration Value Fields."
                        },
                        {
                            "key": 5,
                            "value": "Calibration Data Record Number",
                            "description": "Calibration Data Record Number"
                        },
                        {
                            "key": 6,
                            "value": "Calibration Data",
                            "description": "Calibration Data"
                        },
                        {
                            "key": 7,
                            "value": "Patient High bG value in mg/dL 7",
                            "description": "Patient High bG value in mg/dL"
                        },
                        {
                            "key": 9,
                            "value": "Patient High bG value in mg/dL 9",
                            "description": "Patient High bG value in mg/dL"
                        },
                        {
                            "key": 10,
                            "value": "Patient Low bG value in mg/dL 10",
                            "description": "Patient Low bG value in mg/dL"
                        },
                        {
                            "key": 12,
                            "value": "Patient Low bG value in mg/dL 12",
                            "description": "Patient Low bG value in mg/dL"
                        },
                        {
                            "key": 13,
                            "value": "Hypo Alert Level value in mg/dL 13",
                            "description": "Hypo Alert Level value in mg/dL"
                        },
                        {
                            "key": 15,
                            "value": "Hypo Alert Level value in mg/dL 15",
                            "description": "Hypo Alert Level value in mg/dL"
                        },
                        {
                            "key": 16,
                            "value": "Hyper Alert Level value in mg/dL 16",
                            "description": "Hyper Alert Level value in mg/dL"
                        },
                        {
                            "key": 18,
                            "value": "Hyper Alert Level value in mg/dL 18",
                            "description": "Hyper Alert Level value in mg/dL"
                        },
                        {
                            "key": 19,
                            "value": "Rate of Decrease Alert Level value in mg/dL/min 19",
                            "description": "Rate of Decrease Alert Level value in mg/dL/min"
                        },
                        {
                            "key": 21,
                            "value": "Rate of Decrease Alert Level value in mg/dL/min 21",
                            "description": "Rate of Decrease Alert Level value in mg/dL/min"
                        },
                        {
                            "key": 22,
                            "value": "Rate of Increase Alert Level value in mg/dL/min 22",
                            "description": "Rate of Increase Alert Level value in mg/dL/min"
                        },
                        {
                            "key": 24,
                            "value": "Rate of Increase Alert Level value in mg/dL/min 24",
                            "description": "Rate of Increase Alert Level value in mg/dL/min"
                        },
                        {
                            "key": 28,
                            "value": "Request Op Code,Response Code Value",
                            "description": "Request Op Code,Response Code Value"
                        }
                    ]
                },
                {
                    "name": "E2E-CRC",
                    "description": "E2E-CRC",
                    "format": "uint16_t"
                },
                {
                    "name": "Calibration Value - Glucose Concentration of Calibration",
                    "description": "Calibration Value - Glucose Concentration of Calibration",
                    "format": "st_ble_ieee11073_sfloat_t"
                },
                {
                    "name": "Calibration Value - Calibration Time",
                    "description": "Calibration Value - Calibration Time",
                    "format": "uint16_t"
                },
                {
                    "name": "Calibration Value - Calibration Type",
                    "description": "Calibration Value - Calibration Type",
                    "format": "uint8_t"
                },
                {
                    "name": "Calibration Value - Calibration Sample Location",
                    "description": "Calibration Value - Calibration Sample Location",
                    "format": "uint8_t"
                },
                {
                    "name": "Calibration Value - Next Calibration Time",
                    "description": "Calibration Value - Next Calibration Time",
                    "format": "uint16_t"
                },
                {
                    "name": "Calibration Value - Calibration Data Record Number",
                    "description": "Calibration Value - Calibration Data Record Number",
                    "format": "uint16_t"
                },
                {
                    "name": "Calibration Value - Calibration Status",
                    "description": "Calibration Value - Calibration Status",
                    "format": "struct",
                    "fields": [
                        {
                            "name": "Is Calibration Data rejected",
                            "description": "Calibration Data rejected (Calibration failed)",
                            "format": "bool"
                        },
                        {
                            "name": "Is Calibration Data out of range",
                            "description": "Calibration Data out of range",
                            "format": "bool"
                        },
                        {
                            "name": "Is Calibration Process Pending",
                            "description": "Calibration Process Pending",
                            "format": "bool"
                        }
                    ]
                }
            ],
            "properties": [
                "Write",
                "Indicate"
            ],
            "aux_properties": [],
            "descriptors": [
                {
                    "name": "Client Characteristic Configuration",
                    "abbreviation": "cli cnfg",
                    "uuid": [
                        "0x02",
                        "0x29"
                    ],
                    "db_size": 2,
                    "description": "Client Characteristic Configuration Descriptor",
                    "properties": [
                        "Read",
                        "Write"
                    ],
                    "aux_properties": [
                        "Peer Specific"
                    ],
                    "fields": [
                        {
                            "name": "cli cnfg",
                            "description": "Client Characteristic Configuration",
                            "format": "uint16_t"
                        }
                    ]
                }
            ]
        }
    ]
}
