{
    "name": "Current Time Service",
    "abbreviation": "ct",
    "description": "This service defines how the current time can be exposed using the Generic Attribute Profile (GATT).",
    "uuid": [
        "0x05",
        "0x18"
    ],
    "aux_properties": [
        "None"
    ],
    "error_codes": [
        {
            "name": "Data field ignored",
            "code": "0x80",
            "description": "The server ignored one or more fields."
        }
    ],
    "characteristics": [
        {
            "name": "Current Time",
            "abbreviation": "cur time",
            "description": "This characteristic represents the date and time (local date and time).",
            "uuid": [
                "0x2B",
                "0x2A"
            ],
            "db_size": 10,
            "fields": [
                {
                    "name": "Exact Time 256",
                    "description": "Exact Time 256",
                    "format": "struct",
                    "fields": [
                        {
                            "name": "Date Time",
                            "format": "st_ble_date_time_t",
                            "description": "Date Time"
                        },
                        {
                            "name": "Day of Week",
                            "format": "uint8_t",
                            "description": "Day of Week"
                        },
                        {
                            "name": "Fractions256",
                            "format": "uint8_t",
                            "description": "Fractions256"
                        }
                    ]
                },
                {
                    "name": "Adjust Reason",
                    "description": "Adjust Reason",
                    "format": "struct",
                    "fields": [
                        {
                            "name": "Is Manual Time Update",
                            "description": "Manual time update",
                            "format": "bool"
                        },
                        {
                            "name": "Is External Reference Time Update",
                            "description": "External Reference Time Update",
                            "format": "bool"
                        },
                        {
                            "name": "Is Change of Time Zone",
                            "description": "Change of Time Zone",
                            "format": "bool"
                        },
                        {
                            "name": "Is Change of DST",
                            "description": "Change of Day Saving Time",
                            "format": "bool"
                        }
                    ]
                }
            ],
            "properties": [
                "Read",
                "Write",
                "Notify"
            ],
            "aux_properties": [],
            "descriptors": [
                {
                    "name": "Client Characteristic Configuration",
                    "abbreviation": "cli cnfg",
                    "uuid": [
                        "0x02",
                        "0x29"
                    ],
                    "db_size": 2,
                    "description": "Client Characteristic Configuration Descriptor",
                    "properties": [
                        "Read",
                        "Write"
                    ],
                    "aux_properties": [
                        "Peer Specific"
                    ],
                    "fields": [
                        {
                            "name": "cli cnfg",
                            "description": "Client Characteristic Configuration",
                            "format": "uint16_t"
                        }
                    ]
                }
            ]
        },
        {
            "name": "Local Time Information",
            "abbreviation": "local time info",
            "description": "This characteristic represents the local time (current time zone and current DST offset).",
            "uuid": [
                "0x0F",
                "0x2A"
            ],
            "db_size": 2,
            "fields": [
                {
                    "name": "Time Zone",
                    "description": "Time Zone",
                    "format": "int8_t"
                },
                {
                    "name": "Daylight Saving Time Offset",
                    "description": "Daylight Saving Time",
                    "format": "uint8_t",
                    "enumerations": [
                        {
                            "key": 0,
                            "value": "Standard Time",
                            "description": "Standard Time"
                        },
                        {
                            "key": 2,
                            "value": "Half An Hour Daylight Time",
                            "description": "Half An Hour Daylight Time (+0.5h)"
                        },
                        {
                            "key": 4,
                            "value": "Daylight Time",
                            "description": "Daylight Time (+1h)"
                        },
                        {
                            "key": 8,
                            "value": "Double Daylight Time",
                            "description": "Double Daylight Time (+2h)"
                        }
                    ]
                }
            ],
            "properties": [
                "Read",
                "Write"
            ],
            "aux_properties": []
        },
        {
            "name": "Reference Time Information",
            "abbreviation": "ref time info",
            "description": "The characteristic represents the reference time source.",
            "uuid": [
                "0x14",
                "0x2A"
            ],
            "db_size": 4,
            "fields": [
                {
                    "name": "Source",
                    "description": "Source",
                    "format": "uint8_t",
                    "enumerations": [
                        {
                            "key": 0,
                            "value": "Unknown",
                            "description": "Unknown"
                        },
                        {
                            "key": 1,
                            "value": "Network Time Protocol",
                            "description": "Network Time Protocol"
                        },
                        {
                            "key": 2,
                            "value": "GPS",
                            "description": "GPS"
                        },
                        {
                            "key": 3,
                            "value": "Radio Time Signal",
                            "description": "Radio Time Signal"
                        },
                        {
                            "key": 4,
                            "value": "Manual",
                            "description": "Manual"
                        },
                        {
                            "key": 5,
                            "value": "Atomic Clock",
                            "description": "Atomic Clock"
                        },
                        {
                            "key": 6,
                            "value": "Cellular Network",
                            "description": "Cellular Network"
                        }
                    ]
                },
                {
                    "name": "Accuracy",
                    "description": "Accuracy",
                    "format": "uint8_t"
                },
                {
                    "name": "Days Since Update",
                    "description": "Days Since Update",
                    "format": "uint8_t"
                },
                {
                    "name": "Hours Since Update",
                    "description": "Hours Since Update",
                    "format": "uint8_t"
                }
            ],
            "properties": [
                "Read"
            ],
            "aux_properties": []
        }
    ]
}
