{
    "name": "Cycling Speed and Cadence Service",
    "abbreviation": "csc",
    "description": "This service exposes speed-related and cadence-related data from a Cycling Speed and Cadence sensor intended for fitness applications.",
    "uuid": [
        "0x16",
        "0x18"
    ],
    "aux_properties": [
        "None"
    ],
    "error_codes": [
        {
            "code": "0x80",
            "name": "Procedure Already in Progress",
            "description": "Procedure already in progress"
        },
        {
            "code": "0x81",
            "name": "Client Characteristic Configuration descriptor improperly configured",
            "description": "Client Characteristic Configuration descriptor imporperly configured"
        }
    ],
    "characteristics": [
        {
            "name": "CSC Measurement",
            "abbreviation": "csc_measurement",
            "description": "The CSC Measurement characteristic (CSC refers to Cycling Speed and Cadence) is a variable length structure containing a Flags field and,based on the contents of the Flags field,may contain one or more additional fields as shown in the tables below.",
            "uuid": [
                "0x5B",
                "0x2A"
            ],
            "db_size": 2,
            "fields": [
                {
                    "name": "Flags",
                    "description": "Flags",
                    "format": "struct",
                    "fields": [
                        {
                            "name": "Is Wheel Revolution Data Present",
                            "description": "Wheel Revolution Data Present",
                            "format": "bool"
                        },
                        {
                            "name": "Is Crank Revolution Data Present",
                            "description": "Crank Revolution Data Present",
                            "format": "bool"
                        }
                    ]
                },
                {
                    "name": "Cumulative Wheel Revolutions",
                    "description": "Cumulative Wheel Revolutions",
                    "format": "uint32_t"
                },
                {
                    "name": "Last Wheel Event Time",
                    "description": "Last Wheel Event Time",
                    "format": "uint16_t"
                },
                {
                    "name": "Cumulative Crank Revolutions",
                    "description": "Cumulative Crank Revolutions",
                    "format": "uint16_t"
                },
                {
                    "name": "Last Crank Event Time",
                    "description": "Last Crank Event Time",
                    "format": "uint16_t"
                }
            ],
            "properties": [
                "Notify"
            ],
            "aux_properties": [],
            "descriptors": [
                {
                    "name": "Client Characteristic Configuration",
                    "abbreviation": "cli cnfg",
                    "uuid": [
                        "0x02",
                        "0x29"
                    ],
                    "db_size": 2,
                    "description": "Client Characteristic Configuration Descriptor",
                    "properties": [
                        "Read",
                        "Write"
                    ],
                    "aux_properties": [
                        "Peer Specific"
                    ],
                    "fields": [
                        {
                            "name": "cli cnfg",
                            "description": "Client Characteristic Configuration",
                            "format": "uint16_t"
                        }
                    ]
                }
            ]
        },
        {
            "name": "CSC Feature",
            "abbreviation": "csc_feature",
            "description": "The CSC (Cycling Speed and Cadence) Feature characteristic is used to describe the supported features of the Server.",
            "uuid": [
                "0x5C",
                "0x2A"
            ],
            "db_size": 2,
            "fields": [
                {
                    "name": "Is Wheel Revolution Data Supported",
                    "description": "Wheel Revolution Data Supported",
                    "format": "bool"
                },
                {
                    "name": "Is Crank Revolution Data Supported",
                    "description": "Crank Revolution Data Supported",
                    "format": "bool"
                },
                {
                    "name": "Is Multiple Sensor Locations Supported",
                    "description": "Multiple Sensor Locations Supported",
                    "format": "bool"
                }
            ],
            "properties": [
                "Read"
            ],
            "aux_properties": []
        },
        {
            "name": "Sensor Location",
            "abbreviation": "sensor_location",
            "description": "The Sensor Location characteristic is used to expose the location of the sensor.",
            "uuid": [
                "0x5D",
                "0x2A"
            ],
            "db_size": 1,
            "fields": [
                {
                    "name": "Sensor Location",
                    "description": "Sensor Location",
                    "format": "uint8_t",
                    "enumerations": [
                        {
                            "key": 0,
                            "value": "Other",
                            "description": "Other"
                        },
                        {
                            "key": 1,
                            "value": "Top of shoe",
                            "description": "Top of shoe"
                        },
                        {
                            "key": 2,
                            "value": "In shoe",
                            "description": "In shoe"
                        },
                        {
                            "key": 3,
                            "value": "Hip",
                            "description": "Hip"
                        },
                        {
                            "key": 4,
                            "value": " Front Wheel",
                            "description": " Front Wheel"
                        },
                        {
                            "key": 5,
                            "value": "Left Crank",
                            "description": "Left Crank"
                        },
                        {
                            "key": 6,
                            "value": "Right Crank",
                            "description": "Right Crank"
                        },
                        {
                            "key": 7,
                            "value": "Left Pedal",
                            "description": "Left Pedal"
                        },
                        {
                            "key": 8,
                            "value": "Right Pedal",
                            "description": "Right Pedal"
                        },
                        {
                            "key": 9,
                            "value": " Front Hub",
                            "description": " Front Hub"
                        },
                        {
                            "key": 10,
                            "value": "Rear Dropout",
                            "description": "Rear Dropout"
                        },
                        {
                            "key": 11,
                            "value": "Chainstay",
                            "description": "Chainstay"
                        },
                        {
                            "key": 12,
                            "value": "Rear Wheel",
                            "description": "Rear Wheel"
                        },
                        {
                            "key": 13,
                            "value": "Rear Hub",
                            "description": "Rear Hub"
                        },
                        {
                            "key": 14,
                            "value": "Chest",
                            "description": "Chest"
                        },
                        {
                            "key": 15,
                            "value": "Spider",
                            "description": "Spider"
                        },
                        {
                            "key": 16,
                            "value": "Chain Ring",
                            "description": "Chain Ring"
                        }
                    ]
                }
            ],
            "properties": [
                "Read"
            ],
            "aux_properties": []
        },
        {
            "name": "SC Control Point",
            "abbreviation": "sc_control_point",
            "description": "The SC Control Point characteristic is used to request a specific function to be executed on the receiving device.",
            "uuid": [
                "0x55",
                "0x2A"
            ],
            "db_size": 20,
            "fields": [
                {
                    "name": "Op Code",
                    "description": "Op Code",
                    "format": "uint8_t",
                    "enumerations": [
                        {
                            "key": 0,
                            "value": "Reserved for future use",
                            "description": "Reserved for future use"
                        },
                        {
                            "requires": "C3",
                            "key": 1,
                            "value": "Set Cumulative Value",
                            "description": "Set Cumulative Value"
                        },
                        {
                            "requires": "N/A",
                            "key": 2,
                            "value": "Start Sensor Calibration",
                            "description": "Start Sensor Calibration"
                        },
                        {
                            "requires": "C1",
                            "key": 3,
                            "value": "Update Sensor Location",
                            "description": "Update Sensor Location"
                        },
                        {
                            "requires": "N/A",
                            "key": 4,
                            "value": "Request Supported Sensor Locations",
                            "description": "Request Supported Sensor Locations"
                        },
                        {
                            "requires": "C2",
                            "key": 16,
                            "value": "Response Code",
                            "description": "Response Code"
                        }
                    ]
                },
                {
                    "name": "Cumulative Value",
                    "description": "Cumulative Value",
                    "format": "uint8_t"
                },
                {
                    "name": "Sensor Location Value",
                    "description": "Sensor Location Value",
                    "format": "uint8_t"
                },
                {
                    "name": "Request Op Code",
                    "description": "Request Op Code",
                    "format": "uint8_t"
                },
                {
                    "name": "Response Value",
                    "description": "Response Value",
                    "format": "uint8_t",
                    "enumerations": [
                        {
                            "key": 0,
                            "value": "Reserved For Future Use (Response Parameter: N/A)",
                            "description": "Reserved For Future Use (Response Parameter: N/A)"
                        },
                        {
                            "key": 1,
                            "value": "Success (Response Parameter: None,except for Op Code 0x04,see Note below)",
                            "description": "Success (Response Parameter: None,except for Op Code 0x04,see Note below)"
                        },
                        {
                            "key": 2,
                            "value": "Op Code not supported (Response Parameter: N/A)",
                            "description": "Op Code not supported (Response Parameter: N/A)"
                        },
                        {
                            "key": 3,
                            "value": "Invalid Parameter (Response Parameter: None)",
                            "description": "Invalid Parameter (Response Parameter: None)"
                        },
                        {
                            "key": 4,
                            "value": "Operation Failed (Response Parameter: None)",
                            "description": "Operation Failed (Response Parameter: None)"
                        }
                    ]
                },
                {
                    "name": "Response Parameter",
                    "description": "Response Parameter",
                    "format": "uint8_t"
                }
            ],
            "properties": [
                "Write",
                "Indicate"
            ],
            "aux_properties": [],
            "descriptors": [
                {
                    "name": "Client Characteristic Configuration",
                    "abbreviation": "cli cnfg",
                    "uuid": [
                        "0x02",
                        "0x29"
                    ],
                    "db_size": 2,
                    "description": "Client Characteristic Configuration Descriptor",
                    "properties": [
                        "Read",
                        "Write"
                    ],
                    "aux_properties": [
                        "Peer Specific"
                    ],
                    "fields": [
                        {
                            "name": "cli cnfg",
                            "description": "Client Characteristic Configuration",
                            "format": "uint16_t"
                        }
                    ]
                }
            ]
        }
    ]
}
