{
    "name": "Cycling Power Service",
    "abbreviation": "cp",
    "description": "This service exposes power- and force-related data and optionally speed- and cadence-related data from a Cycling Power sensor intended for sports and fitness applications.",
    "uuid": [
        "0x18",
        "0x18"
    ],
    "aux_properties": [
        "None"
    ],
    "error_codes": [
        {
            "code": "0x80",
            "name": "Inappopropriate Connection Parameters",
            "description": "Inappopropriate Connection Parameters"
        },
        {
            "code": "0xFD",
            "name": "Client Characteristic Configuration Descriptor Improperly Configured",
            "description": "Client Characteristic Configuration Descriptor Improperly Configured"
        },
        {
            "code": "0xFE",
            "name": "Procedure Already in Progress",
	    "description": "Procedure Already in Progress"
        }
    ],
    "characteristics": [
        {
            "name": "Cycling Power Measurement",
            "abbreviation": "meas",
            "description": "The Cycling Power Measurement characteristic is used to send power-related data,speed-related data,and/or cadence-related data.",
            "uuid": [
                "0x63",
                "0x2A"
            ],
            "db_size": 34,
            "fields": [
                {
                    "name": "Flags",
                    "description": "Flags",
                    "format": "struct",
                    "fields": [
                        {
                            "name": "Is Pedal Power Balance Present",
                            "description": "Pedal Power Balance Present",
                            "format": "bool"
                        },
                        {
                            "name": "Is Pedal Power Balance Reference",
                            "description": "Pedal Power Balance Reference",
                            "format": "bool"
                        },
                        {
                            "name": "Is Accumulated Torque Present",
                            "description": "Accumulated Torque Present",
                            "format": "bool"
                        },
                        {
                            "name": "Is Accumulated Torque Source",
                            "description": "Accumulated Torque Source",
                            "format": "bool"
                        },
                        {
                            "name": "Is Wheel Revolution Data Present",
                            "description": "Wheel Revolution Data Present",
                            "format": "bool"
                        },
                        {
                            "name": "Is Crank Revolution Data Present",
                            "description": "Crank Revolution Data Present",
                            "format": "bool"
                        },
                        {
                            "name": "Is Extreme Force Magnitudes Present",
                            "description": "Extreme Force Magnitudes Present",
                            "format": "bool"
                        },
                        {
                            "name": "Is Extreme Torque Magnitudes Present",
                            "description": "Extreme Torque Magnitudes Present",
                            "format": "bool"
                        },
                        {
                            "name": "Is Extreme Angles Present",
                            "description": "Extreme Angles Present",
                            "format": "bool"
                        },
                        {
                            "name": "Is Top Dead Spot Angle Present",
                            "description": "Top Dead Spot Angle Present",
                            "format": "bool"
                        },
                        {
                            "name": "Is Bottom Dead Spot Angle Present",
                            "description": "Bottom Dead Spot Angle Present",
                            "format": "bool"
                        },
                        {
                            "name": "Is Accumulated Energy Present",
                            "description": "Accumulated Energy Present",
                            "format": "bool"
                        },
                        {
                            "name": "Is Offset Compensation Indicator",
                            "description": "Offset Compensation Indicator",
                            "format": "bool"
                        }
                    ]
                },
                {
                    "name": "Instantaneous Power",
                    "description": "Instantaneous Power",
                    "format": "int16_t"
                },
                {
                    "name": "Pedal Power Balance",
                    "description": "Pedal Power Balance",
                    "format": "uint8_t"
                },
                {
                    "name": "Accumulated Torque",
                    "description": "Accumulated Torque",
                    "format": "uint16_t"
                },
                {
                    "name": "Wheel Revolution Data - Cumulative Wheel Revolutions",
                    "description": "Wheel Revolution Data - Cumulative Wheel Revolutions",
                    "format": "uint32_t"
                },
                {
                    "name": "Wheel Revolution Data - Last Wheel Event Time",
                    "description": "Wheel Revolution Data - Last Wheel Event Time",
                    "format": "uint16_t"
                },
                {
                    "name": "Crank Revolution Data- Cumulative Crank Revolutions",
                    "description": "Crank Revolution Data- Cumulative Crank Revolutions",
                    "format": "uint16_t"
                },
                {
                    "name": "Crank Revolution Data- Last Crank Event Time",
                    "description": "Crank Revolution Data- Last Crank Event Time",
                    "format": "uint16_t"
                },
                {
                    "name": "Extreme Force Magnitudes - Maximum Force Magnitude",
                    "description": "Extreme Force Magnitudes - Maximum Force Magnitude",
                    "format": "int16_t"
                },
                {
                    "name": "Extreme Force Magnitudes - Minimum Force Magnitude",
                    "description": "Extreme Force Magnitudes - Minimum Force Magnitude",
                    "format": "int16_t"
                },
                {
                    "name": "Extreme Torque Magnitudes- Maximum Torque Magnitude",
                    "description": "Extreme Torque Magnitudes- Maximum Torque Magnitude",
                    "format": "int16_t"
                },
                {
                    "name": "Extreme Torque Magnitudes- Minimum Torque Magnitude",
                    "description": "Extreme Torque Magnitudes- Minimum Torque Magnitude",
                    "format": "int16_t"
                },
                {
                    "name": "Extreme Angles - Maximum Angle",
                    "description": "Extreme Angles - Maximum Angle",
                    "format": "uint16_t"
                },
                {
                    "name": "Extreme Angles - Minimum Angle",
                    "description": "Extreme Angles - Minimum Angle",
                    "format": "uint16_t"
                },
                {
                    "name": "Top Dead Spot Angle",
                    "description": "Top Dead Spot Angle",
                    "format": "uint16_t"
                },
                {
                    "name": "Bottom Dead Spot Angle",
                    "description": "Bottom Dead Spot Angle",
                    "format": "uint16_t"
                },
                {
                    "name": "Accumulated Energy",
                    "description": "Accumulated Energy",
                    "format": "uint16_t"
                }
            ],
            "properties": [
                "Notify",
                "Broadcast"
            ],
            "aux_properties": [],
            "descriptors": [
                {
                    "name": "Client Characteristic Configuration",
                    "abbreviation": "cli cnfg",
                    "uuid": [
                        "0x02",
                        "0x29"
                    ],
                    "db_size": 2,
                    "description": "Client Characteristic Configuration Descriptor",
                    "properties": [
                        "Read",
                        "Write"
                    ],
                    "aux_properties": [
                        "Peer Specific"
                    ],
                    "fields": [
                        {
                            "name": "cli cnfg",
                            "description": "Client Characteristic Configuration",
                            "format": "uint16_t"
                        }
                    ]
                },
                {
                    "name": "Server Characteristic Configuration",
                    "abbreviation": "ser cnfg",
                    "uuid": [
                        "0x03",
                        "0x29"
                    ],
                    "db_size": 2,
                    "description": "Server Characteristic Configuration Descriptor",
                    "properties": [
                        "Read",
                        "Write"
                    ],
                    "aux_properties": [
                    ],
                    "fields": [
                        {
                            "name": "ser cnfg",
                            "description": "Properties",
                            "format": "uint16_t"
                        }
                    ]
                }
            ]
        },
        {
            "name": "Cycling Power Feature",
            "abbreviation": "feat",
            "description": "The Cycling Power Feature characteristic shall be used to describe the supported features of the Server.",
            "uuid": [
                "0x65",
                "0x2A"
            ],
            "db_size": 4,
            "fields": [
                {
                    "name": "Is Pedal Power Balance Supported",
                    "description": "Pedal Power Balance Supported",
                    "format": "bool"
                },
                {
                    "name": "Is Accumulated Torque Supported",
                    "description": "Accumulated Torque Supported",
                    "format": "bool"
                },
                {
                    "name": "Is Wheel Revolution Data Supported",
                    "description": "Wheel Revolution Data Supported",
                    "format": "bool"
                },
                {
                    "name": "Is Crank Revolution Data Supported",
                    "description": "Crank Revolution Data Supported",
                    "format": "bool"
                },
                {
                    "name": "Is Extreme Magnitudes Supported",
                    "description": "Extreme Magnitudes Supported",
                    "format": "bool"
                },
                {
                    "name": "Is Extreme Angles Supported",
                    "description": "Extreme Angles Supported",
                    "format": "bool"
                },
                {
                    "name": "Is Top and Bottom Dead Spot Angles Supported",
                    "description": "Top and Bottom Dead Spot Angles Supported",
                    "format": "bool"
                },
                {
                    "name": "Is Accumulated Energy Supported",
                    "description": "Accumulated Energy Supported",
                    "format": "bool"
                },
                {
                    "name": "Is Offset Compensation Indicator Supported",
                    "description": "Offset Compensation Indicator Supported",
                    "format": "bool"
                },
                {
                    "name": "Is Offset Compensation Supported",
                    "description": "Offset Compensation Supported",
                    "format": "bool"
                },
                {
                    "name": "Is Cycling Power Measurement Characteristic Content Masking Supported",
                    "description": "Cycling Power Measurement Characteristic Content Masking Supported",
                    "format": "bool"
                },
                {
                    "name": "Is Multiple Sensor Locations Supported",
                    "description": "Multiple Sensor Locations Supported",
                    "format": "bool"
                },
                {
                    "name": "Is Crank Length Adjustment Supported",
                    "description": "Crank Length Adjustment Supported",
                    "format": "bool"
                },
                {
                    "name": "Is Chain Length Adjustment Supported",
                    "description": "Chain Length Adjustment Supported",
                    "format": "bool"
                },
                {
                    "name": "Is Chain Weight Adjustment Supported",
                    "description": "Chain Weight Adjustment Supported",
                    "format": "bool"
                },
                {
                    "name": "Is Span Length Adjustment Supported",
                    "description": "Span Length Adjustment Supported",
                    "format": "bool"
                },
                {
                    "name": "Is Sensor Measurement Context",
                    "description": "Sensor Measurement Context",
                    "format": "bool"
                },
                {
                    "name": "Is Instantaneous Measurement Direction Supported",
                    "description": "Instantaneous Measurement Direction Supported",
                    "format": "bool"
                },
                {
                    "name": "Is Factory Calibration Date Supported",
                    "description": "Factory Calibration Date Supported",
                    "format": "bool"
                },
                {
                    "name": "Is Enhanced Offset Compensation Supported",
                    "description": "Enhanced Offset Compensation Supported",
                    "format": "bool"
                },
                {
                    "name": "Distribute System Support",
                    "description": "Distribute System Support",
                    "format": "uint8_t"
                }
            ],
            "properties": [
                "Read"
            ],
            "aux_properties": []
        },
        {
            "name": "Sensor Location",
            "abbreviation": "sensor loc",
            "description": "The Sensor Location characteristic of the device may be used to describe the physical location of the Server when correctly fitted.",
            "uuid": [
                "0x5D",
                "0x2A"
            ],
            "db_size": 1,
            "fields": [
                {
                    "name": "Sensor Location",
                    "description": "Sensor Location",
                    "format": "uint8_t",
                    "enumerations": [
                        {
                            "key": 0,
                            "value": "Other",
                            "description": "Other"
                        },
                        {
                            "key": 1,
                            "value": "Top of shoe",
                            "description": "Top of shoe"
                        },
                        {
                            "key": 2,
                            "value": "In shoe",
                            "description": "In shoe"
                        },
                        {
                            "key": 3,
                            "value": "Hip",
                            "description": "Hip"
                        },
                        {
                            "key": 4,
                            "value": " Front Wheel",
                            "description": " Front Wheel"
                        },
                        {
                            "key": 5,
                            "value": "Left Crank",
                            "description": "Left Crank"
                        },
                        {
                            "key": 6,
                            "value": "Right Crank",
                            "description": "Right Crank"
                        },
                        {
                            "key": 7,
                            "value": "Left Pedal",
                            "description": "Left Pedal"
                        },
                        {
                            "key": 8,
                            "value": "Right Pedal",
                            "description": "Right Pedal"
                        },
                        {
                            "key": 9,
                            "value": " Front Hub",
                            "description": " Front Hub"
                        },
                        {
                            "key": 10,
                            "value": "Rear Dropout",
                            "description": "Rear Dropout"
                        },
                        {
                            "key": 11,
                            "value": "Chainstay",
                            "description": "Chainstay"
                        },
                        {
                            "key": 12,
                            "value": "Rear Wheel",
                            "description": "Rear Wheel"
                        },
                        {
                            "key": 13,
                            "value": "Rear Hub",
                            "description": "Rear Hub"
                        },
                        {
                            "key": 14,
                            "value": "Chest",
                            "description": "Chest"
                        },
                        {
                            "key": 15,
                            "value": "Spider",
                            "description": "Spider"
                        },
                        {
                            "key": 16,
                            "value": "Chain Ring",
                            "description": "Chain Ring"
                        }
                    ]
                }
            ],
            "properties": [
                "Read"
            ],
            "aux_properties": []
        },
        {
            "name": "Cycling Power Vector",
            "abbreviation": "vector",
            "description": "The Cycling Power Vector characteristic is used to send raw data (either force or torque).",
            "uuid": [
                "0x64",
                "0x2A"
            ],
            "db_size": 11,
            "fields": [
                {
                    "name": "Flags",
                    "description": "Flags",
                    "format": "struct",
                    "fields": [
                        {
                            "name": "Is Crank Revolution Data Present",
                            "description": "Crank Revolution Data Present",
                            "format": "bool"
                        },
                        {
                            "name": "Is First Crank Measurement Angle Present",
                            "description": "First Crank Measurement Angle Present",
                            "format": "bool"
                        },
                        {
                            "name": "Is Instantaneous Force Magnitude Array Present",
                            "description": "Instantaneous Force Magnitude Array Present",
                            "format": "bool"
                        },
                        {
                            "name": "Is Instantaneous Torque Magnitude Array Present",
                            "description": "Instantaneous Torque Magnitude Array Present",
                            "format": "bool"
                        },
                        {
                            "name": "Instantaneous Measurement Direction",
                            "description": "Instantaneous Measurement Direction",
                            "format": "uint8_t"
                        }
                    ]
                },
                {
                    "name": "Crank Revolution Data - Cumulative Crank Revolutions",
                    "description": "Crank Revolution Data - Cumulative Crank Revolutions",
                    "format": "uint16_t"
                },
                {
                    "name": "Crank Revolution Data - Last Crank Event Time",
                    "description": "Crank Revolution Data - Last Crank Event Time",
                    "format": "uint16_t"
                },
                {
                    "name": "First Crank Measurement Angle",
                    "description": "First Crank Measurement Angle",
                    "format": "uint16_t"
                },
                {
                    "name": "Instantaneous Force Magnitude Array",
                    "description": "Instantaneous Force Magnitude Array",
                    "format": "int16_t"
                },
                {
                    "name": "Instantaneous Torque Magnitude Array",
                    "description": "Instantaneous Torque Magnitude Array",
                    "format": "int16_t"
                }
            ],
            "properties": [
                "Notify"
            ],
            "aux_properties": [],
            "descriptors": [
                {
                    "name": "Client Characteristic Configuration",
                    "abbreviation": "cli cnfg",
                    "uuid": [
                        "0x02",
                        "0x29"
                    ],
                    "db_size": 2,
                    "description": "Client Characteristic Configuration Descriptor",
                    "properties": [
                        "Read",
                        "Write"
                    ],
                    "aux_properties": [
                        "Peer Specific"
                    ],
                    "fields": [
                        {
                            "name": "cli cnfg",
                            "description": "Client Characteristic Configuration",
                            "format": "uint16_t"
                        }
                    ]
                }
            ]
        },
        {
            "name": "Cycling Power Control Point",
            "abbreviation": "cp",
            "description": "The Client must perform a write to this characteristic to execute a desired procedure at the Server.",
            "uuid": [
                "0x66",
                "0x2A"
            ],
            "db_size": 20,
            "fields": [
                {
                    "name": "Op Codes",
                    "description": "Op Codes",
                    "format": "uint8_t",
                    "enumerations": [
                        {
                            "key": 1,
                            "value": "Set Cumulative Value",
                            "description": "Set Cumulative Value"
                        },
                        {
                            "key": 2,
                            "value": "Update Sensor Location",
                            "description": "Update Sensor Location"
                        },
                        {
                            "key": 3,
                            "value": "Request Supported Sensor Locations",
                            "description": "Request Supported Sensor Locations"
                        },
                        {
                            "key": 4,
                            "value": "Set Crank Length",
                            "description": "Set Crank Length"
                        },
                        {
                            "key": 5,
                            "value": "Request Crank Length",
                            "description": "Request Crank Length"
                        },
                        {
                            "key": 6,
                            "value": "Set Chain Length",
                            "description": "Set Chain Length"
                        },
                        {
                            "key": 7,
                            "value": "Request Chain Length",
                            "description": "Request Chain Length"
                        },
                        {
                            "key": 8,
                            "value": "Set Chain Weight",
                            "description": "Set Chain Weight"
                        },
                        {
                            "key": 9,
                            "value": "Request Chain Weight",
                            "description": "Request Chain Weight"
                        },
                        {
                            "key": 10,
                            "value": "Set Span Length",
                            "description": "Set Span Length"
                        },
                        {
                            "key": 11,
                            "value": "Request Span Length",
                            "description": "Request Span Length"
                        },
                        {
                            "key": 12,
                            "value": "Start Offset Compensation",
                            "description": "Start Offset Compensation"
                        },
                        {
                            "key": 13,
                            "value": "Mask Cycling Power Measurement Characteristic Content",
                            "description": "Mask Cycling Power Measurement Characteristic Content"
                        },
                        {
                            "key": 14,
                            "value": "Request Sampling Rate",
                            "description": "Request Sampling Rate"
                        },
                        {
                            "key": 15,
                            "value": "Request Factory Calibration Date",
                            "description": "Request Factory Calibration Date"
                        },
                        {
                            "key": 16,
                            "value": "Start Enhanced Offset Compensation",
                            "description": "Start Enhanced Offset Compensation"
                        },
                        {
                            "key": 32,
                            "value": "Response Code",
                            "description": "Response Code"
                        }
                    ]
                },
                {
                    "name": "Parameter Value",
                    "description": "Parameter Value",
                    "format": "struct",
                    "fields": [
                        {
                            "name": "Set Cumulative Value",
                            "description": "Set Cumulative Value",
                            "format": "uint32_t"
                        },
                        {
                            "name": "Update Sensor Value",
                            "description": "Update Sensor Value",
                            "format": "uint8_t"
                        },
                        {
                            "name": "Set Crank Length",
                            "description": "Set Crank Length",
                            "format": "uint16_t"
                        },
                        {
                            "name": "Set Chain Length",
                            "description": "Set Chain Length",
                            "format": "uint16_t"
                        },
                        {
                            "name": "Set Chain Weight",
                            "description": "Set Chain Weight",
                            "format": "uint16_t"
                        },
                        {
                            "name": "Set Span Length",
                            "description": "Set Span Length",
                            "format": "uint16_t"
                        },
                        {
                            "name": "Mask Cycling Power Measurement Characteristic Content",
                            "description": "Mask Cycling Power Measurement Characteristic Content",
                            "format": "uint16_t"
                        }
                    ]
                },
                {
                    "name": "Request Op Code",
                    "description": "Request Op Code",
                    "format": "uint8_t"
                },
                {
                    "name": "Response Value",
                    "description": "Response Value",
                    "format": "uint8_t",
                    "enumerations": [
                        {
                            "key": 1,
                            "value": "Success",
                            "description": "Success"
                        },
                        {
                            "key": 2,
                            "value": "Op Code not Supported",
                            "description": "Op Code not Supported"
                        },
                        {
                            "key": 3,
                            "value": "Invalid Parameter",
                            "description": "Invalid Parameter"
                        },
                        {
                            "key": 4,
                            "value": "Operation Failed",
                            "description": "Operation Failed"
                        }
                    ]
                },
                {
                    "name": "Response Parameter",
                    "description": "Response Parameter",
                    "format": "struct",
                    "fields": [
                        {
                            "name": "Request Supported Sensor Locations",
                            "description": "Request Supported Sensor Locations",
                            "format": "st_ble_seq_data_t"
                        },
                        {
                            "name": "Request Crank Length",
                            "description": "Request Crank Length",
                            "format": "uint16_t"
                        },
                        {
                            "name": "Request Chain Length",
                            "description": "Request Chain Length",
                            "format": "uint16_t"
                        },
                        {
                            "name": "Request Chain Weight",
                            "description": "Request Chain Weight",
                            "format": "uint16_t"
                        },
                        {
                            "name": "Request Span Length",
                            "description": "Request Span Length",
                            "format": "uint16_t"
                        },
                        {
                            "name": "Start Offset Compensation",
                            "description": "Start Offset Compensation",
                            "format": "int16_t"
                        },
                        {
                            "name": "Request Sampling Rate",
                            "description": "Request Sampling Rate",
                            "format": "uint8_t"
                        },
                        {
                            "name": "Request Factory Calibration Date",
                            "description": "Request Factory Calibration Date",
                            "format": "st_ble_date_time_t"
                        },
                        {
                            "name": "Start Enhanced Offset Compensation Parameter",
                            "description": "Start Enhanced Offset Compensation Parameter",
                            "format": "struct",
                            "fields": [
                                {
                                    "name": "Force Torque Value",
                                    "description": "Force Torque Value",
                                    "format": "uint16_t"
                                },
                                {
                                    "name": "Manufacturer Company ID",
                                    "description": "Manufacturer Company ID",
                                    "format": "uint16_t"
                                },
                                {
                                    "name": "Manufacturer Specific Data",
                                    "description": "Manufacturer Specific Data",
                                    "format": "st_ble_seq_data_t"
                                }
                            ]
                        },
                        {
                            "name": "Start Enhanced Offset Compensation Error Parameter",
                            "description": "Start Enhanced Offset Compensation Error Parameter",
                            "format": "struct",
                            "fields": [
                                {
                                    "name": "Error Handle",
                                    "description": "Error Handle",
                                    "format": "uint8_t"
                                },
                                {
                                    "name": "Manufacturer Company ID",
                                    "description": "Manufacturer Company ID",
                                    "format": "uint16_t"
                                },
                                {
                                    "name": "Manufacturer Specific Data",
                                    "description": "Manufacturer Specific Data",
                                    "format": "st_ble_seq_data_t"
                                }
                            ]

                        }

                    ]
                }
            ],
            "properties": [
                "Write",
                "Indicate"
            ],
            "aux_properties": [],
            "descriptors": [
                {
                    "name": "Client Characteristic Configuration",
                    "abbreviation": "cli cnfg",
                    "uuid": [
                        "0x02",
                        "0x29"
                    ],
                    "db_size": 2,
                    "description": "Client Characteristic Configuration Descriptor",
                    "properties": [
                        "Read",
                        "Write"
                    ],
                    "aux_properties": [
                        "Peer Specific"
                    ],
                    "fields": [
                        {
                            "name": "cli cnfg",
                            "description": "Client Characteristic Configuration",
                            "format": "uint16_t"
                        }
                    ]
                }
            ]
        }
    ]
}
