{
    "name": "Device Information Service",
    "abbreviation": "di",
    "description": "The Device Information Service exposes manufacturer and/or vendor information about a device.",
    "uuid": [
        "0x0A",
        "0x18"
    ],
    "aux_properties": [
        "None"
    ],
    "error_codes": [],
    "characteristics": [
        {
            "name": "Manufacturer Name String",
            "abbreviation": "mfr name",
            "description": "Thise value of this characteristic is a UTF-8 string representing the name of the manufacturer of the device.",
            "uuid": [
                "0x29",
                "0x2A"
            ],
            "db_size": 100,
            "fields": [
                {
                    "name": "Manufacturer Name String",
                    "description": "Manufacturer Name String",
                    "format": "st_ble_seq_data_t"
                }
            ],
            "properties": [
                "Read"
            ],
            "aux_properties": []
        },
        {
            "name": "Model Number String",
            "abbreviation": "model num",
            "description": "The value of this characteristic is a UTF-8 string representing the model number assigned by the device vendor.",
            "uuid": [
                "0x24",
                "0x2A"
            ],
            "db_size": 100,
            "fields": [
                {
                    "name": "Model Number String",
                    "description": "Model Number String",
                    "format": "st_ble_seq_data_t"
                }
            ],
            "properties": [
                "Read"
            ],
            "aux_properties": []
        },
        {
            "name": "Serial Number String",
            "abbreviation": "ser num",
            "description": "The value of this characteristic is a variable-length UTF-8 string representing the serial number for a particular instance of the device.",
            "uuid": [
                "0x25",
                "0x2A"
            ],
            "db_size": 100,
            "fields": [
                {
                    "name": "Serial Number String",
                    "description": "Serial Number String",
                    "format": "st_ble_seq_data_t"
                }
            ],
            "properties": [
                "Read"
            ],
            "aux_properties": []
        },
        {
            "name": "Hardware Revision String",
            "abbreviation": "hw rev",
            "description": "This characteristic represents the hardware revision for the hardware within the device.",
            "uuid": [
                "0x27",
                "0x2A"
            ],
            "db_size": 100,
            "fields": [
                {
                    "name": "Hardware Revision String",
                    "description": "Hardware Revision String",
                    "format": "st_ble_seq_data_t"
                }
            ],
            "properties": [
                "Read"
            ],
            "aux_properties": []
        },
        {
            "name": "Firmware Revision String",
            "abbreviation": "firm rev",
            "description": "This characteristic represents the firmware revision for the firmware within the device.",
            "uuid": [
                "0x26",
                "0x2A"
            ],
            "db_size": 100,
            "fields": [
                {
                    "name": "Firmware Revision String",
                    "description": "Firmware Revision String",
                    "format": "st_ble_seq_data_t"
                }
            ],
            "properties": [
                "Read"
            ],
            "aux_properties": []
        },
        {
            "name": "Software Revision String",
            "abbreviation": "sw rev",
            "description": "The value of this characteristic is a UTF-8 string representing the software revision for the software within the device.",
            "uuid": [
                "0x28",
                "0x2A"
            ],
            "db_size": 100,
            "fields": [
                {
                    "name": "Software Revision String",
                    "description": "Software Revision String",
                    "format": "st_ble_seq_data_t"
                }
            ],
            "properties": [
                "Read"
            ],
            "aux_properties": []
        },
        {
            "name": "System ID",
            "abbreviation": "sys id",
            "description": "This characteristic represents a structure containing an Organizationally Unique Identifier (OUI) followed by a manufacturer-defined identifier and is unique for each individual instance of the product.",
            "uuid": [
                "0x23",
                "0x2A"
            ],
            "db_size": 8,
            "fields": [
                {
                    "name": "Manufacturer Identifier",
                    "description": "Manufacturer Identifier",
                    "format": "uint8_t",
                    "length": 5
                },
                {
                    "name": "Organizationally Unique Identifier",
                    "description": "Organizationally Unique Identifier",
                    "format": "uint8_t",
                    "length": 3
                }
            ],
            "properties": [
                "Read"
            ],
            "aux_properties": []
        },
        {
            "name": "IEEE 11073-20601 Regulatory Certification Data List",
            "abbreviation": "reg cer data list",
            "description": "The value of the characteristic is an opaque structure listing various regulatory and/or certification compliance items to which the device claims adherence.",
            "uuid": [
                "0x2A",
                "0x2A"
            ],
            "db_size": 100,
            "fields": [
                {
                    "name": "Data",
                    "description": "Data",
                    "format": "st_ble_seq_data_t"
                }
            ],
            "properties": [
                "Read"
            ],
            "aux_properties": []
        },
        {
            "name": "PnP ID",
            "abbreviation": "pnp id",
            "description": "The PnP_ID characteristic returns its value when read using the GATT Characteristic Value Read procedure.",
            "uuid": [
                "0x50",
                "0x2A"
            ],
            "db_size": 7,
            "fields": [
                {
                    "name": "Vendor ID Source",
                    "description": "Vendor ID Source",
                    "format": "uint8_t",
                    "enumerations": [
                        {
                            "key": 1,
                            "value": "Bluetooth SIG assigned Company Identifier value from the Assigned Numbers document",
                            "description": "Bluetooth SIG assigned Company Identifier value from the Assigned Numbers document"
                        },
                        {
                            "key": 2,
                            "value": "USB Implementer's Forum assigned Vendor ID value",
                            "description": "USB Implementer's Forum assigned Vendor ID value"
                        }
                    ]
                },
                {
                    "name": "Vendor ID",
                    "description": "Vendor ID",
                    "format": "uint16_t"
                },
                {
                    "name": "Product ID",
                    "description": "Product ID",
                    "format": "uint16_t"
                },
                {
                    "name": "Product Version",
                    "description": "Product Version",
                    "format": "uint16_t"
                }
            ],
            "properties": [
                "Read"
            ],
            "aux_properties": []
        }
    ]
}
