{
    "name": "Environmental Sensing Service",
    "abbreviation": "es",
    "description": "This service exposes measurement data from an environmental sensor intended for sports and fitness applications. A wide range of environmental parameters is supported.",
    "uuid": [
        "0x1A",
        "0x18"
    ],
    "aux_properties": [
        "None"
    ],
    "error_codes": [
        {
            "code": "0x80",
            "name": "Write Request Rejected",
            "description": "An attempt was made to write a value to the descriptor that is invalid or not supported by this Server."
        },
        {
            "code": "0x81",
            "name": "Condition not supported",
            "description": "An attempt was made to write a value to the Condition field of the ES Trigger Setting descriptor that is invalid or not supported by this Server."
        }
    ],
    "characteristics": [
        {
            "name": "Descriptor Value Changed",
            "abbreviation": "desc value changed",
            "description": "This characteristic enables a Server to alert bonded Clients that the value of one or more ESS-related descriptors for a given ESS Characteristic have changed and need to be re-read.",
            "uuid": [
                "0x7D",
                "0x2A"
            ],
            "db_size": 18,
            "fields": [
                {
                    "name": "Flags",
                    "description": "Flags",
                    "format": "uint16_t"
                },
                {
                    "name": "UUID",
                    "description": "UUID",
                    "format": "uint8_t",
                    "length": 16
                }
            ],
            "properties": [
                "Indicate"
            ],
            "aux_properties": [],
            "descriptors": [
                {
                    "name": "Client Characteristic Configuration",
                    "abbreviation": "cli cnfg",
                    "uuid": [
                        "0x02",
                        "0x29"
                    ],
                    "db_size": 2,
                    "description": "Client Characteristic Configuration Descriptor",
                    "properties": [
                        "Read",
                        "Write"
                    ],
                    "aux_properties": [
                        "Peer Specific"
                    ],
                    "fields": [
                        {
                            "name": "cli cnfg",
                            "description": "Client Characteristic Configuration",
                            "format": "uint16_t"
                        }
                    ]
                }
            ]
        },
        {
            "name": "Temperature 0",
            "abbreviation": "temperature 0",
            "description": "Temperature",
            "uuid": [
                "0x6E",
                "0x2A"
            ],
            "db_size": 2,
            "fields": [
                {
                    "name": "Temperature",
                    "description": "Temperature",
                    "format": "int16_t"
                }
            ],
            "properties": [
                "Read",
                "Notify",
                "WritableAuxiliaries",
                "ExtendedProperties"
            ],
            "aux_properties": [],
            "descriptors": [
                {
                    "name": "Client Characteristic Configuration",
                    "abbreviation": "cli cnfg",
                    "uuid": [
                        "0x02",
                        "0x29"
                    ],
                    "db_size": 2,
                    "description": "Client Characteristic Configuration Descriptor",
                    "properties": [
                        "Read",
                        "Write"
                    ],
                    "aux_properties": [
                        "Peer Specific"
                    ],
                    "fields": [
                        {
                            "name": "cli cnfg",
                            "description": "Client Characteristic Configuration",
                            "format": "uint16_t"
                        }
                    ]
                },
                {
                    "name": "Environmental Sensing Measurement",
                    "abbreviation": "es meas",
                    "description": "This optional characteristic descriptor describes the associated ESS Characteristic by providing additional information pertaining to the value.",
                    "uuid": [
                        "0x0C",
                        "0x29"
                    ],
                    "properties": [
                        "Read"
                    ],
                    "aux_properties": [],
                    "fields": [
                        {
                            "name": "Flags",
                            "description": "Flags",
                            "format": "uint16_t"
                        },
                        {
                            "name": "Sampling Function",
                            "description": "Sampling Function",
                            "format": "uint8_t",
                            "enumerations": [
                                {
                                    "key": 0,
                                    "value": "Unspecified",
                                    "description": "Unspecified"
                                },
                                {
                                    "key": 1,
                                    "value": "Instantaneous",
                                    "description": "Instantaneous"
                                },
                                {
                                    "key": 2,
                                    "value": "Arithmetic Mean",
                                    "description": "Arithmetic Mean"
                                },

                                {
                                    "key": 3,
                                    "value": "RMS",
                                    "description": "RMS"
                                },
                                {
                                    "key": 4,
                                    "value": "Maximum",
                                    "description": "Maximum"
                                },
                                {
                                    "key": 5,
                                    "value": "Minimum",
                                    "description": "Minimum"
                                },
                                {
                                    "key": 6,
                                    "value": "Accumulated",
                                    "description": "Accumulated"
                                },
                                {
                                    "key": 7,
                                    "value": "Count",
                                    "description": "Count"
                                }
                            ]
                        },
                        {
                            "name": "Measurement Period",
                            "description": "Measurement Period",
                            "format": "uint32_t"
                        },
                        {
                            "name": "Update Interval",
                            "description": "Update Interval",
                            "format": "uint32_t"
                        },
                        {
                            "name": "Application",
                            "description": "Application",
                            "format": "uint8_t"
                        },
                        {
                            "name": "Measurement Uncertainty",
                            "description": "Measurement Uncertainty",
                            "format": "uint8_t"
                        }
                    ],
                    "db_size": 11
                },
                {
                    "name": "Characteristic Extended Properties",
                    "abbreviation":"char extended properties",
                    "description": "Characteristic Extended Properties",
                    "uuid": [
                        "0x00",
                        "0x29"
                    ],
                    "fields": [
                        {
                            "name": "Properties",
                            "description": "Properties",
                            "format": "uint16_t"
                            
                        }
                    ],
                    "properties":[
                        "Read"
                    ],
                    "aux_properties": [],
                    "db_size": 2,
                    "value": ["0x02","0x00"]
                },
                {
                    "name": "Environmental Sensing Trigger Setting 0",
                    "abbreviation": "es trigger 0",
                    "description": "The ES Configuration descriptor shall be present if more than one ES Trigger Setting descriptor is present for an associated ESS Characteristic.",
                    "uuid": [
                        "0x0D",
                        "0x29"
                    ],
                    "properties": [
                        "Read",
                        "Write"
                    ],
                    "aux_properties": [],
                    "fields": [
                        {
                            "name": "Condition",
                            "description": "Condition",
                            "format": "uint8_t",
                            "enumerations": [
                                {
                                    "key": 0,
                                    "value": "Trigger Inactive",
                                    "description": "Trigger Inactive"
                                },
                                {
                                    "key": 1,
                                    "value": "Use a fixed time interval between transmissions",
                                    "description": "Use a fixed time interval between transmissions"
                                },
                                {
                                    "key": 2,
                                    "value": "No less than the specified time between transmissions",
                                    "description": "No less than the specified time between transmissions"
                                },
                                {
                                    "key": 3,
                                    "value": "When value changes compared to previous value",
                                    "description": "When value changes compared to previous value"
                                },
                                {
                                    "key": 4,
                                    "value": "While less than the specified value",
                                    "description": "While less than the specified value"
                                },
                                {
                                    "key": 5,
                                    "value": "While less than or equal to the specified value",
                                    "description": "While less than or equal to the specified value"
                                },
                                {
                                    "key": 6,
                                    "value": "While greater than the specified value",
                                    "description": "While greater than the specified value"
                                },
                                {
                                    "key": 7,
                                    "value": "While greater than or equal to the specified value",
                                    "description": "While greater than or equal to the specified value"
                                },
                                {
                                    "key": 8,
                                    "value": "While equal to the specified value",
                                    "description": "While equal to the specified value"
                                },
                                {
                                    "key": 9,
                                    "value": "While not equal to the specified value",
                                    "description": "While not equal to the specified value"
                                }
                            ]
                        },
                        {
                            "name": "Operand",
                            "description": "Operand",
                            "format": "uint8_t",
                            "length": 3
                        }
                    ],
                    "db_size": 4
                },
                {
                    "name": "Environmental Sensing Trigger Setting 1",
                    "abbreviation": "es trigger 1",
                    "description": "The ES Configuration descriptor shall be present if more than one ES Trigger Setting descriptor is present for an associated ESS Characteristic.",
                    "uuid": [
                        "0x0D",
                        "0x29"
                    ],
                    "properties": [
                        "Read",
                        "Write"
                    ],
                    "aux_properties": [],
                    "fields": [
                        {
                            "name": "Condition",
                            "description": "Condition",
                            "format": "uint8_t"
                        },
                        {
                            "name": "Operand",
                            "description": "Operand",
                            "format": "uint8_t",
                            "length": 3
                        }
                    ],
                    "db_size": 4
                },
                {
                    "name": "Environmental Sensing Trigger Setting 2",
                    "abbreviation": "es trigger 2",
                    "description": "The ES Configuration descriptor shall be present if more than one ES Trigger Setting descriptor is present for an associated ESS Characteristic.",
                    "uuid": [
                        "0x0D",
                        "0x29"
                    ],
                    "properties": [
                        "Read",
                        "Write"
                    ],
                    "aux_properties": [],
                    "fields": [
                        {
                            "name": "Condition",
                            "description": "Condition",
                            "format": "uint8_t"
                        },
                        {
                            "name": "Operand",
                            "description": "Operand",
                            "format": "uint8_t",
                            "length": 3
                        }
                    ],
                    "db_size": 4
                },
                {
                    "name": "Environmental Sensing Configuration",
                    "abbreviation": "es conf",
                    "description": "The ES Configuration descriptor exposes information about the configuration of the Server.",
                    "properties": [
                        "Read",
                        "Write"
                    ],
                    "aux_properties": [],
                    "uuid": [
                        "0x0B",
                        "0x29"
                    ],
                    "fields": [
                        {
                            "name": "Trigger Logic",
                            "description": "Trigger Logic",
                            "format": "uint8_t",
                            "enumerations": [
                                {
                                    "key": 0,
                                    "value": "Boolean AND",
                                    "description": "Boolean AND"
                                },
                                {
                                    "key": 1,
                                    "value": "Boolean OR",
                                    "description": "Boolean OR"
                                }
                            ]
                        }
                    ],
                    "db_size": 1
                },
                {
                    "name": "Characteristic User Description",
                    "abbreviation": "char user desc",
                    "description": "Characteristic User Description",
                    "uuid": [
                        "0x01",
                        "0x29"
                    ],
                    "fields": [
                        {
                            "name": "User Description",
                            "description": "User Description",
                            "format": "uint8_t",
                            "length": 98
                        },
                        {
                            "name": "Length",
                            "description": "Length",
                            "format": "uint16_t"
                        }
                    ],
                    "properties": [
                        "Read",
                        "Write"
                    ],
                    "aux_properties": [],
                    "db_size": 100
                },
                {
                    "name": "Valid Range",
                    "abbreviation": "valid range",
                    "description": "The Valid Range descriptor defined in [2] is an optional descriptor that allows a Client to read the upper and lower bounds (inclusive) of an associated ESS characteristic value that are supported by the Server.",
                    "uuid": [
                        "0x06",
                        "0x29"
                    ],
                    "fields": [
                        {
                            "name": "Lower inclusive value",
                            "description": "Lower inclusive value",
                            "format": "int16_t"
                        },
                        {
                            "name": "Upper inclusive value",
                            "description": "Upper inclusive value",
                            "format": "int16_t"
                        }
                    ],
                    "properties": [
                        "Read"
                    ],
                    "aux_properties": [],
                    "db_size": 4,
                    "value":["0x00","0x00","0x20","0x00"]
                }
            ]
        },
        {
            "name": "Temperature 1",
            "abbreviation": "temperature 1",
            "description": "Temperature",
            "uuid": [
                "0x6E",
                "0x2A"
            ],
            "db_size": 2,
            "fields": [
                {
                    "name": "Temperature",
                    "description": "Temperature",
                    "format": "int16_t"
                }
            ],
            "properties": [
                "Read",
                "Notify",
                "WritableAuxiliaries",
                "ExtendedProperties"
            ],
            "aux_properties": [],
            "descriptors": [
                {
                    "name": "Client Characteristic Configuration",
                    "abbreviation": "cli cnfg",
                    "uuid": [
                        "0x02",
                        "0x29"
                    ],
                    "db_size": 2,
                    "description": "Client Characteristic Configuration Descriptor",
                    "properties": [
                        "Read",
                        "Write"
                    ],
                    "aux_properties": [
                        "Peer Specific"
                    ],
                    "fields": [
                        {
                            "name": "cli cnfg",
                            "description": "Client Characteristic Configuration",
                            "description": "Client Characteristic Configuration",
                            "format": "uint16_t"
                        }
                    ]
                },
                {
                    "name": "Environmental Sensing Measurement",
                    "abbreviation": "es meas",
                    "description": "This optional characteristic descriptor describes the associated ESS Characteristic by providing additional information pertaining to the value.",
                    "uuid": [
                        "0x0C",
                        "0x29"
                    ],
                    "properties": [
                        "Read"
                    ],
                    "aux_properties": [],
                    "fields": [
                        {
                            "name": "Flags",
                            "description": "Flags",
                            "format": "uint16_t"
                        },
                        {
                            "name": "Sampling Function",
                            "description": "Sampling Function",
                            "format": "uint8_t",
                            "enumerations": [
                                {
                                    "key": 0,
                                    "value": "Unspecified",
                                    "description": "Unspecified"
                                },
                                {
                                    "key": 1,
                                    "value": "Instantaneous",
                                    "description": "Instantaneous"
                                },
                                {
                                    "key": 2,
                                    "value": "Arithmetic Mean",
                                    "description": "Arithmetic Mean"
                                },

                                {
                                    "key": 3,
                                    "value": "RMS",
                                    "description": "RMS"
                                },
                                {
                                    "key": 4,
                                    "value": "Maximum",
                                    "description": "Maximum"
                                },
                                {
                                    "key": 5,
                                    "value": "Minimum",
                                    "description": "Minimum"
                                },
                                {
                                    "key": 6,
                                    "value": "Accumulated",
                                    "description": "Accumulated"
                                },
                                {
                                    "key": 7,
                                    "value": "Count",
                                    "description": "Count"
                                }
                            ]
                        },
                        {
                            "name": "Measurement Period",
                            "description": "Measurement Period",
                            "format": "uint32_t"
                        },
                        {
                            "name": "Update Interval",
                            "description": "Update Interval",
                            "format": "uint32_t"
                        },
                        {
                            "name": "Application",
                            "description": "Application",
                            "format": "uint8_t"
                        },
                        {
                            "name": "Measurement Uncertainty",
                            "description": "Measurement Uncertainty",
                            "format": "uint8_t"
                        }
                    ],
                    "db_size": 11
                },
                {
                    "name": "Characteristic Extended Properties",
                    "abbreviation":"char extended properties",
                    "description": "Characteristic Extended Properties",
                    "uuid": [
                        "0x00",
                        "0x29"
                    ],
                    "fields": [
                        {
                            "name": "Properties",
                            "description": "Properties",
                            "format": "uint16_t"
                        }
                    ],
                    "properties":[
                        "Read"
                    ],
                    "aux_properties": [],
                    "db_size": 2,
                    "value": ["0x02","0x00"]
                },
                {
                    "name": "Environmental Sensing Trigger Setting 0",
                    "abbreviation": "es trigger 0",
                    "description": "The ES Configuration descriptor shall be present if more than one ES Trigger Setting descriptor is present for an associated ESS Characteristic.",
                    "uuid": [
                        "0x0D",
                        "0x29"
                    ],
                    "properties": [
                        "Read",
                        "Write"
                    ],
                    "aux_properties": [],
                    "fields": [
                        {
                            "name": "Condition",
                            "description": "Condition",
                            "format": "uint8_t",
                            "enumerations": [
                                {
                                    "key": 0,
                                    "value": "Trigger Inactive",
                                    "description": "Trigger Inactive"
                                },
                                {
                                    "key": 1,
                                    "value": "Use a fixed time interval between transmissions",
                                    "description": "Use a fixed time interval between transmissions"
                                },
                                {
                                    "key": 2,
                                    "value": "No less than the specified time between transmissions",
                                    "description": "No less than the specified time between transmissions"
                                },
                                {
                                    "key": 3,
                                    "value": "When value changes compared to previous value",
                                    "description": "When value chances compared to previous value"
                                },
                                {
                                    "key": 4,
                                    "value": "While less than the specified value",
                                    "description": "While less than the specified value"
                                },
                                {
                                    "key": 5,
                                    "value": "While less than or equal to the specified value",
                                    "description": "While less than or equal to the specified value"
                                },
                                {
                                    "key": 6,
                                    "value": "While greater than the specified value",
                                    "description": "While greater than the specified value"
                                },
                                {
                                    "key": 7,
                                    "value": "While greater than or equal to the specified value",
                                    "description": "While greater than or equal to the specified value"
                                },
                                {
                                    "key": 8,
                                    "value": "While equal to the specified value",
                                    "description": "While equal to the specified value"
                                },
                                {
                                    "key": 9,
                                    "value": "While not equal to the specified value",
                                    "description": "While not equal to the specified value"
                                }
                            ]
                        },
                        {
                            "name": "Operand",
                            "description": "Operand",
                            "format": "uint8_t",
                            "length": 3
                        }
                    ],
                    "db_size": 4
                },
                {
                    "name": "Environmental Sensing Trigger Setting 1",
                    "abbreviation": "es trigger 1",
                    "description": "The ES Configuration descriptor shall be present if more than one ES Trigger Setting descriptor is present for an associated ESS Characteristic.",
                    "uuid": [
                        "0x0D",
                        "0x29"
                    ],
                    "properties": [
                        "Read",
                        "Write"
                    ],
                    "aux_properties": [],
                    "fields": [
                        {
                            "name": "Condition",
                            "description": "Condition",
                            "format": "uint8_t"
                        },
                        {
                            "name": "Operand",
                            "description": "Operand",
                            "format": "uint8_t",
                            "length": 3
                        }
                    ],
                    "db_size": 4
                },
                {
                    "name": "Environmental Sensing Trigger Setting 2",
                    "abbreviation": "es trigger 2",
                    "description": "The ES Configuration descriptor shall be present if more than one ES Trigger Setting descriptor is present for an associated ESS Characteristic.",
                    "uuid": [
                        "0x0D",
                        "0x29"
                    ],
                    "properties": [
                        "Read",
                        "Write"
                    ],
                    "aux_properties": [],
                    "fields": [
                        {
                            "name": "Condition",
                            "description": "Condition",
                            "format": "uint8_t"
                        },
                        {
                            "name": "Operand",
                            "description": "Operand",
                            "format": "uint8_t",
                            "length": 3
                        }
                    ],
                    "db_size": 4
                },
                {
                    "name": "Environmental Sensing Configuration",
                    "abbreviation": "es conf",
                    "description": "The ES Configuration descriptor exposes information about the configuration of the Server.",
                    "properties": [
                        "Read",
                        "Write"
                    ],
                    "aux_properties": [],
                    "uuid": [
                        "0x0B",
                        "0x29"
                    ],
                    "fields": [
                        {
                            "name": "Trigger Logic",
                            "description": "Trigger Logic",
                            "format": "uint8_t",
                            "enumerations": [
                                {
                                    "key": 0,
                                    "value": "Boolean AND",
                                    "description": "Boolean AND"
                                },
                                {
                                    "key": 1,
                                    "value": "Boolean OR",
                                    "description": "Boolean OR"
                                }
                            ]
                        }
                    ],
                    "db_size": 1
                },
                {
                    "name": "Characteristic User Description",
                    "abbreviation": "char user desc",
                    "description": "Characteristic User Description",
                    "uuid": [
                        "0x01",
                        "0x29"
                    ],
                    "fields": [
                        {
                            "name": "User Description",
                            "description": "User Description",
                            "format": "uint8_t",
                            "length": 98
                        },
                        {
                            "name": "Length",
                            "description": "Length",
                            "format": "uint16_t"
                        }
                    ],
                    "properties": [
                        "Read",
                        "Write"
                    ],
                    "aux_properties": [],
                    "db_size": 100
                },
                {
                    "name": "Valid Range",
                    "abbreviation": "valid range",
                    "description": "The Valid Range descriptor defined in [2] is an optional descriptor that allows a Client to read the upper and lower bounds (inclusive) of an associated ESS characteristic value that are supported by the Server.",
                    "uuid": [
                        "0x06",
                        "0x29"
                    ],
                    "fields": [
                        {
                            "name": "Lower inclusive value",
                            "description": "Lower inclusive value",
                            "format": "int16_t"
                        },
                        {
                            "name": "Upper inclusive value",
                            "description": "Upper inclusive value",
                            "format": "int16_t"
                        }
                    ],
                    "properties": [
                        "Read"
                    ],
                    "aux_properties": [],
                    "db_size": 4,
                    "value":["0x00","0x00","0x20","0x00"]
                }
            ]
        },
        {
            "name": "Elevation 0",
            "abbreviation": "elevation 0",
            "description": "Elevation",
            "uuid": [
                "0x6C",
                "0x2A"
            ],
            "db_size": 3,
            "fields": [
                {
                    "name": "Elevation",
                    "description": "Elevation",
                    "format": "int32_t"
                }
            ],
            "properties": [
                "Read",
                "Notify",
                "WritableAuxiliaries",
                "ExtendedProperties"
            ],
            "aux_properties": [],
            "descriptors": [
                {
                    "name": "Client Characteristic Configuration",
                    "abbreviation": "cli cnfg",
                    "uuid": [
                        "0x02",
                        "0x29"
                    ],
                    "db_size": 2,
                    "description": "Client Characteristic Configuration Descriptor",
                    "properties": [
                        "Read",
                        "Write"
                    ],
                    "aux_properties": [
                        "Peer Specific"
                    ],
                    "fields": [
                        {
                            "name": "cli cnfg",
                            "description": "Client Characteristic Configuration",
                            "format": "uint16_t"
                        }
                    ]
                },
                {
                    "name": "Environmental Sensing Measurement",
                    "abbreviation": "es meas",
                    "description": "This optional characteristic descriptor describes the associated ESS Characteristic by providing additional information pertaining to the value.",
                    "uuid": [
                        "0x0C",
                        "0x29"
                    ],
                    "properties": [
                        "Read"
                    ],
                    "aux_properties": [],
                    "fields": [
                        {
                            "name": "Flags",
                            "description": "Flags",
                            "format": "uint16_t"
                        },
                        {
                            "name": "Sampling Function",
                            "description": "Sampling Function",
                            "format": "uint8_t",
                            "enumerations": [
                                {
                                    "key": 0,
                                    "value": "Unspecified",
                                    "description": "Unspecified"
                                },
                                {
                                    "key": 1,
                                    "value": "Instantaneous",
                                    "description": "Instantaneous"
                                },
                                {
                                    "key": 2,
                                    "value": "Arithmetic Mean",
                                    "description": "Arithmetic Mean"
                                },

                                {
                                    "key": 3,
                                    "value": "RMS",
                                    "description": "RMS"
                                },
                                {
                                    "key": 4,
                                    "value": "Maximum",
                                    "description": "Maximum"
                                },
                                {
                                    "key": 5,
                                    "value": "Minimum",
                                    "description": "Minimum"
                                },
                                {
                                    "key": 6,
                                    "value": "Accumulated",
                                    "description": "Accumulated"
                                },
                                {
                                    "key": 7,
                                    "value": "Count",
                                    "description": "Count"
                                }
                            ]
                        },
                        {
                            "name": "Measurement Period",
                            "description": "Measurement Period",
                            "format": "uint32_t"
                        },
                        {
                            "name": "Update Interval",
                            "description": "Update Interval",
                            "format": "uint32_t"
                        },
                        {
                            "name": "Application",
                            "description": "Application",
                            "format": "uint8_t"
                        },
                        {
                            "name": "Measurement Uncertainty",
                            "description": "Measurement Uncertainty",
                            "format": "uint8_t"
                        }
                    ],
                    "db_size": 11
                },
                {
                    "name": "Characteristic Extended Properties",
                    "abbreviation":"char extended properties",
                    "description": "Characteristic Extended Properties",
                    "uuid": [
                        "0x00",
                        "0x29"
                    ],
                    "fields": [
                        {
                            "name": "Properties",
                            "description": "Properties",
                            "format": "uint16_t"
                        }
                    ],
                    "properties":[
                        "Read"
                    ],
                    "aux_properties": [],
                    "db_size": 2,
                    "value": ["0x02","0x00"]
                },
                {
                    "name": "Environmental Sensing Trigger Setting 0",
                    "abbreviation": "es trigger 0",
                    "description": "The ES Configuration descriptor shall be present if more than one ES Trigger Setting descriptor is present for an associated ESS Characteristic.",
                    "uuid": [
                        "0x0D",
                        "0x29"
                    ],
                    "properties": [
                        "Read",
                        "Write"
                    ],
                    "aux_properties": [],
                   "fields": [
                        {
                            "name": "Condition",
                            "description": "Condition",
                            "format": "uint8_t",
                            "enumerations": [
                                {
                                    "key": 0,
                                    "value": "Trigger Inactive",
                                    "description": "Trigger Inactive"
                                },
                                {
                                    "key": 1,
                                    "value": "Use a fixed time interval between transmissions",
                                    "description": "Use a fixed time interval between transmissions"
                                },
                                {
                                    "key": 2,
                                    "value": "No less than the specified time between transmissions",
                                    "description": "No less than the specified time between transmissions"
                                },
                                {
                                    "key": 3,
                                    "value": "When value changes compared to previous value",
                                    "description": "When value changes compared to previous value"
                                },
                                {
                                    "key": 4,
                                    "value": "While less than the specified value",
                                    "description": "While less than the specified value"
                                },
                                {
                                    "key": 5,
                                    "value": "While less than or equal to the specified value",
                                    "description": "While less than or equal to the specified value"
                                },
                                {
                                    "key": 6,
                                    "value": "While greater than the specified value",
                                    "description": "While greater than the specified value"
                                },
                                {
                                    "key": 7,
                                    "value": "While greater than or equal to the specified value",
                                    "description": "While greater than or equal to the specified value"
                                },
                                {
                                    "key": 8,
                                    "value": "While equal to the specified value",
                                    "description": "While equal to the specified value"
                                },
                                {
                                    "key": 9,
                                    "value": "While not equal to the specified value",
                                    "description": "While not equal to the specified value"
                                }
                            ]
                        },
                        {
                            "name": "Operand",
                            "description": "Operand",
                            "format": "uint8_t",
                            "length": 3
                        }
                    ],
                    "db_size": 4
                },
                {
                    "name": "Environmental Sensing Trigger Setting 1",
                    "abbreviation": "es trigger 1",
                    "description": "The ES Configuration descriptor shall be present if more than one ES Trigger Setting descriptor is present for an associated ESS Characteristic.",
                    "uuid": [
                        "0x0D",
                        "0x29"
                    ],
                    "properties": [
                        "Read",
                        "Write"
                    ],
                    "aux_properties": [],
                    "fields": [
                        {
                            "name": "Condition",
                            "description": "Condition",
                            "format": "uint8_t"
                        },
                        {
                            "name": "Operand",
                            "description": "Operand",
                            "format": "uint8_t",
                            "length": 3
                        }
                    ],
                    "db_size": 4
                },
                {
                    "name": "Environmental Sensing Trigger Setting 2",
                    "abbreviation": "es trigger 2",
                    "description": "The ES Configuration descriptor shall be present if more than one ES Trigger Setting descriptor is present for an associated ESS Characteristic.",
                    "uuid": [
                        "0x0D",
                        "0x29"
                    ],
                    "properties": [
                        "Read",
                        "Write"
                    ],
                    "aux_properties": [],
                    "fields": [
                        {
                            "name": "Condition",
                            "description": "Condition",
                            "format": "uint8_t"
                        },
                        {
                            "name": "Operand",
                            "description": "Operand",
                            "format": "uint8_t",
                            "length": 3
                        }
                    ],
                    "db_size": 4
                },
                {
                    "name": "Environmental Sensing Configuration",
                    "abbreviation": "es conf",
                    "description": "The ES Configuration descriptor exposes information about the configuration of the Server.",
                    "properties": [
                        "Read",
                        "Write"
                    ],
                    "aux_properties": [],
                    "uuid": [
                        "0x0B",
                        "0x29"
                    ],
                    "fields": [
                        {
                            "name": "Trigger Logic",
                            "description": "Trigger Logic",
                            "format": "uint8_t",
                            "enumerations": [
                                {
                                    "key": 0,
                                    "value": "Boolean AND",
                                    "description": "Boolean AND"
                                },
                                {
                                    "key": 1,
                                    "value": "Boolean OR",
                                    "description": "Boolean OR"
                                }
                            ]
                        }
                    ],
                    "db_size": 1
                },
                {
                    "name": "Characteristic User Description",
                    "abbreviation": "char user desc",
                    "description": "Characteristic User Description",
                    "uuid": [
                        "0x01",
                        "0x29"
                    ],
                    "fields": [
                        {
                            "name": "User Description",
                            "description": "User Description",
                            "format": "uint8_t",
                            "length": 98
                        },
                        {
                            "name": "Length",
                            "description": "Length",
                            "format": "uint16_t"
                        }
                    ],
                    "properties": [
                        "Read",
                        "Write"
                    ],
                    "aux_properties": [],
                    "db_size": 100
                },
                {
                    "name": "Valid Range",
                    "abbreviation": "valid range",
                    "description": "The Valid Range descriptor defined in [2] is an optional descriptor that allows a Client to read the upper and lower bounds (inclusive) of an associated ESS characteristic value that are supported by the Server.",
                    "uuid": [
                        "0x06",
                        "0x29"
                    ],
                    "fields": [
                        {
                            "name": "Lower inclusive value",
                            "description": "Lower inclusive value",
                            "format": "int32_t"
                        },
                        {
                            "name": "Upper inclusive value",
                            "description": "Upper inclusive value",
                            "format": "int32_t"
                        }
                    ],
                    "properties": [
                        "Read"
                    ],
                    "aux_properties": [],
                    "db_size": 6,
                    "value":["0x00","0x00","0x00","0x20","0x00","0x00"]
                }
            ]
        },
        {
            "name": "Elevation 1",
            "abbreviation": "elevation 1",
            "description": "Elevation",
            "uuid": [
                "0x6C",
                "0x2A"
            ],
            "db_size": 3,
            "fields": [
                {
                    "name": "Elevation",
                    "description": "Elevation",
                    "format": "int32_t"
                }
            ],
            "properties": [
                "Read",
                "Notify",
                "WritableAuxiliaries",
                "ExtendedProperties"
            ],
            "aux_properties": [],
            "descriptors": [
                {
                    "name": "Client Characteristic Configuration",
                    "abbreviation": "cli cnfg",
                    "uuid": [
                        "0x02",
                        "0x29"
                    ],
                    "db_size": 2,
                    "description": "Client Characteristic Configuration Descriptor",
                    "properties": [
                        "Read",
                        "Write"
                    ],
                    "aux_properties": [
                        "Peer Specific"
                    ],
                    "fields": [
                        {
                            "name": "cli cnfg",
                            "description": "Client Characteristic Configuration",
                            "format": "uint16_t"
                        }
                    ]
                },
                {
                    "name": "Environmental Sensing Measurement",
                    "abbreviation": "es meas",
                    "description": "This optional characteristic descriptor describes the associated ESS Characteristic by providing additional information pertaining to the value.",
                    "uuid": [
                        "0x0C",
                        "0x29"
                    ],
                    "properties": [
                        "Read"
                    ],
                    "aux_properties": [],
                    "fields": [
                        {
                            "name": "Flags",
                            "description": "Flags",
                            "format": "uint16_t"
                        },
                        {
                            "name": "Sampling Function",
                            "description": "Sampling Function",
                            "format": "uint8_t",
                            "enumerations": [
                                {
                                    "key": 0,
                                    "value": "Unspecified",
                                    "description": "Unspecified"
                                },
                                {
                                    "key": 1,
                                    "value": "Instantaneous",
                                    "description": "Instantaneous"
                                },
                                {
                                    "key": 2,
                                    "value": "Arithmetic Mean",
                                    "description": "Arithmetic Mean"
                                },

                                {
                                    "key": 3,
                                    "value": "RMS",
                                    "description": "RMS"
                                },
                                {
                                    "key": 4,
                                    "value": "Maximum",
                                    "description": "Maximum"
                                },
                                {
                                    "key": 5,
                                    "value": "Minimum",
                                    "description": "Minimum"
                                },
                                {
                                    "key": 6,
                                    "value": "Accumulated",
                                    "description": "Accumulated"
                                },
                                {
                                    "key": 7,
                                    "value": "Count",
                                    "description": "Count"
                                }
                            ]
                        },
                        {
                            "name": "Measurement Period",
                            "description": "Measurement Period",
                            "format": "uint32_t"
                        },
                        {
                            "name": "Update Interval",
                            "description": "Update Interval",
                            "format": "uint32_t"
                        },
                        {
                            "name": "Application",
                            "description": "Application",
                            "format": "uint8_t"
                        },
                        {
                            "name": "Measurement Uncertainty",
                            "description": "Measurement Uncertainty",
                            "format": "uint8_t"
                        }
                    ],
                    "db_size": 11
                },
                {
                    "name": "Characteristic Extended Properties",
                    "abbreviation":"char extended properties",
                    "description": "Characteristic Extended Properties",
                    "uuid": [
                        "0x00",
                        "0x29"
                    ],
                    "fields": [
                        {
                            "name": "Properties",
                            "description": "Properties",
                            "format": "uint16_t"
                        }
                    ],
                    "properties":[
                        "Read"
                    ],
                    "aux_properties": [],
                    "db_size": 2,
                    "value": ["0x02","0x00"]
                },
                {
                    "name": "Environmental Sensing Trigger Setting 0",
                    "abbreviation": "es trigger 0",
                    "description": "The ES Configuration descriptor shall be present if more than one ES Trigger Setting descriptor is present for an associated ESS Characteristic.",
                    "uuid": [
                        "0x0D",
                        "0x29"
                    ],
                    "properties": [
                        "Read",
                        "Write"
                    ],
                    "aux_properties": [],
                    "fields": [
                        {
                            "name": "Condition",
                            "description": "Condition",
                            "format": "uint8_t",
                            "enumerations": [
                                {
                                    "key": 0,
                                    "value": "Trigger Inactive",
                                    "description": "Trigger Inactive"
                                },
                                {
                                    "key": 1,
                                    "value": "Use a fixed time interval between transmissions",
                                    "description": "Use a fixed time interval between transmissions"
                                },
                                {
                                    "key": 2,
                                    "value": "No less than the specified time between transmissions",
                                    "description": "No less than the specified time between transmissions"
                                },
                                {
                                    "key": 3,
                                    "value": "When value changes compared to previous value",
                                    "description": "When value changes compared to previous value"
                                },
                                {
                                    "key": 4,
                                    "value": "While less than the specified value",
                                    "description": "While less than the specified value"
                                },
                                {
                                    "key": 5,
                                    "value": "While less than or equal to the specified value",
                                    "description": "While less than or equal to the specified value"
                                },
                                {
                                    "key": 6,
                                    "value": "While greater than the specified value",
                                    "description": "While greater than the specified value"
                                },
                                {
                                    "key": 7,
                                    "value": "While greater than or equal to the specified value",
                                    "description": "While greater than or equal to the specified value"
                                },
                                {
                                    "key": 8,
                                    "value": "While equal to the specified value",
                                    "description": "While equal to the specified value"
                                },
                                {
                                    "key": 9,
                                    "value": "While not equal to the specified value",
                                    "description": "While not equal to the specified value"
                                }
                            ]
                        },
                        {
                            "name": "Operand",
                            "description": "Operand",
                            "format": "uint8_t",
                            "length": 3
                        }
                    ],
                    "db_size": 4
                },
                {
                    "name": "Environmental Sensing Trigger Setting 1",
                    "abbreviation": "es trigger 1",
                    "description": "The ES Configuration descriptor shall be present if more than one ES Trigger Setting descriptor is present for an associated ESS Characteristic.",
                    "uuid": [
                        "0x0D",
                        "0x29"
                    ],
                    "properties": [
                        "Read",
                        "Write"
                    ],
                    "aux_properties": [],
                    "fields": [
                        {
                            "name": "Condition",
                            "description": "Condition",
                            "format": "uint8_t"
                        },
                        {
                            "name": "Operand",
                            "description": "Operand",
                            "format": "uint8_t",
                            "length": 3
                        }
                    ],
                    "db_size": 4
                },
                {
                    "name": "Environmental Sensing Trigger Setting 2",
                    "abbreviation": "es trigger 2",
                    "description": "The ES Configuration descriptor shall be present if more than one ES Trigger Setting descriptor is present for an associated ESS Characteristic.",
                    "uuid": [
                        "0x0D",
                        "0x29"
                    ],
                    "properties": [
                        "Read",
                        "Write"
                    ],
                    "aux_properties": [],
                    "fields": [
                        {
                            "name": "Condition",
                            "description": "Condition",
                            "format": "uint8_t"
                        },
                        {
                            "name": "Operand",
                            "description": "Operand",
                            "format": "uint8_t",
                            "length": 3
                        }
                    ],
                    "db_size": 4
                },
                {
                    "name": "Environmental Sensing Configuration",
                    "abbreviation": "es conf",
                    "description": "The ES Configuration descriptor exposes information about the configuration of the Server.",
                    "properties": [
                        "Read",
                        "Write"
                    ],
                    "aux_properties": [],
                    "uuid": [
                        "0x0B",
                        "0x29"
                    ],
                    "fields": [
                        {
                            "name": "Trigger Logic",
                            "description": "Trigger Logic",
                            "format": "uint8_t",
                            "enumerations": [
                                {
                                    "key": 0,
                                    "value": "Boolean AND",
                                    "description": "Boolean AND"
                                },
                                {
                                    "key": 1,
                                    "value": "Boolean OR",
                                    "description": "Boolean OR"
                                }
                            ]
                        }
                    ],
                    "db_size": 1
                },
                {
                    "name": "Characteristic User Description",
                    "abbreviation": "char user desc",
                    "description": "Characteristic User Description",
                    "uuid": [
                        "0x01",
                        "0x29"
                    ],
                    "fields": [
                        {
                            "name": "User Description",
                            "description": "User Description",
                            "format": "uint8_t",
                            "length": 98
                        },
                        {
                            "name": "Length",
                            "description": "Length",
                            "format": "uint16_t"
                        }
                    ],
                    "properties": [
                        "Read",
                        "Write"
                    ],
                    "aux_properties": [],
                    "db_size": 100
                },
                {
                    "name": "Valid Range",
                    "abbreviation": "valid range",
                    "description": "The Valid Range descriptor defined in [2] is an optional descriptor that allows a Client to read the upper and lower bounds (inclusive) of an associated ESS characteristic value that are supported by the Server.",
                    "uuid": [
                        "0x06",
                        "0x29"
                    ],
                    "fields": [
                        {
                            "name": "Lower inclusive value",
                            "description": "Lower inclusive value",
                            "format": "int32_t"
                        },
                        {
                            "name": "Upper inclusive value",
                            "description": "Upper inclusive value",
                            "format": "int32_t"
                        }
                    ],
                    "properties": [
                        "Read"
                    ],
                    "aux_properties": [],
                    "db_size": 6,
                    "value":["0x00","0x00","0x00","0x20","0x00","0x00"]
                }
            ]
        }
    ]
}
