{
    "name": "Fitness Machine Service",
    "abbreviation": "ftm",
    "description": "This service exposes training-related data in the sports and fitness environment,which allows a Server (e.g.,a fitness machine) to send training-related data to a Client.",
    "uuid": [
        "0x26",
        "0x18"
    ],
    "aux_properties": [
        "None"
    ],
    "error_codes": [],
    "characteristics": [
        {
            "name": "Fitness Machine Feature",
            "abbreviation": "fitness_machine_feature",
            "description": "The Fitness Machine Feature characteristic is defined in the Fitness Machine Service Specification.",
            "uuid": [
                "0xCC",
                "0x2A"
            ],
            "db_size": 8,
            "fields": [],
            "properties": [
                "Read"
            ],
            "aux_properties": []
        },
        {
            "name": "Treadmill Data",
            "abbreviation": "treadmill_data",
            "description": "The Treadmill Data characteristic is used to send training-related data to the Client from a treadmill (Server).",
            "uuid": [
                "0xCD",
                "0x2A"
            ],
            "db_size": 34,
            "fields": [
                {
                    "name": "Flags",
                    "description": "Flags",
                    "format": "struct",
                    "fields": [
                        {
                            "name": "Is More Data",
                            "description": "More Data",
                            "format": "bool"
                        },
                        {
                            "name": "Is Average Speed present",
                            "description": "Average Speed present",
                            "format": "bool"
                        },
                        {
                            "name": "Is Total Distance Present",
                            "description": "Total Distance Present",
                            "format": "bool"
                        },
                        {
                            "name": "Is Inclination and Ramp Angle Setting present",
                            "description": "Inclination and Ramp Angle Setting present",
                            "format": "bool"
                        },
                        {
                            "name": "Is Elevation Gain present",
                            "description": "Elevation Gain present",
                            "format": "bool"
                        },
                        {
                            "name": "Is Instantaneous Pace present",
                            "description": "Instantaneous Pace present",
                            "format": "bool"
                        },
                        {
                            "name": "Is Average Pace present",
                            "description": "Average Pace present",
                            "format": "bool"
                        },
                        {
                            "name": "Is Expended Energy present",
                            "description": "Expended Energy present",
                            "format": "bool"
                        },
                        {
                            "name": "Is Heart Rate present",
                            "description": "Heart Rate present",
                            "format": "bool"
                        },
                        {
                            "name": "Is Metabolic Equivalent present",
                            "description": "Metabolic Equivalent present",
                            "format": "bool"
                        },
                        {
                            "name": "Is Elapsed Time present",
                            "description": "Elapsed Time present",
                            "format": "bool"
                        },
                        {
                            "name": "Is Remaining Time present",
                            "description": "Remaining Time present",
                            "format": "bool"
                        },
                        {
                            "name": "Is Force on Belt and Power Output present",
                            "description": "Force on Belt and Power Output present",
                            "format": "bool"
                        }
                    ]
                },
                {
                    "name": "Instantaneous Speed",
                    "description": "Instantaneous Speed",
                    "format": "uint16_t"
                },
                {
                    "name": "Average Speed",
                    "description": "Average Speed",
                    "format": "uint16_t"
                },
                {
                    "name": "Total Distance",
                    "description": "Total Distance",
                    "format": "uint32_t"
                },
                {
                    "name": "Inclination",
                    "description": "Inclination",
                    "format": "int16_t"
                },
                {
                    "name": "Ramp Angle Setting",
                    "description": "Ramp Angle Setting",
                    "format": "int16_t"
                },
                {
                    "name": "Positive Elevation Gain",
                    "description": "Positive Elevation Gain",
                    "format": "uint16_t"
                },
                {
                    "name": "Negative Elevation Gain",
                    "description": "Negative Elevation Gain",
                    "format": "uint16_t"
                },
                {
                    "name": "Instantaneous Pace",
                    "description": "Instantaneous Pace",
                    "format": "uint8_t"
                },
                {
                    "name": "Average Pace",
                    "description": "Average Pace",
                    "format": "uint8_t"
                },
                {
                    "name": "Total Energy",
                    "description": "Total Energy",
                    "format": "uint16_t"
                },
                {
                    "name": "Energy Per Hour",
                    "description": "Energy Per Hour",
                    "format": "uint16_t"
                },
                {
                    "name": "Energy Per Minute",
                    "description": "Energy Per Minute",
                    "format": "uint8_t"
                },
                {
                    "name": "Heart Rate",
                    "description": "Heart Rate",
                    "format": "uint8_t"
                },
                {
                    "name": "Metabolic Equivalent",
                    "description": "Metabolic Equivalent",
                    "format": "uint8_t"
                },
                {
                    "name": "Elapsed Time",
                    "description": "Elapsed Time",
                    "format": "uint16_t"
                },
                {
                    "name": "Remaining Time",
                    "description": "Remaining Time",
                    "format": "uint16_t"
                },
                {
                    "name": "Force on Belt",
                    "description": "Force on Belt",
                    "format": "int16_t"
                },
                {
                    "name": "Power Output",
                    "description": "Power Output",
                    "format": "int16_t"
                }
            ],
            "properties": [
                "Notify"
            ],
            "aux_properties": [],
            "descriptors": [
                {
                    "name": "Client Characteristic Configuration",
                    "abbreviation": "cli cnfg",
                    "uuid": [
                        "0x02",
                        "0x29"
                    ],
                    "db_size": 2,
                    "description": "Client Characteristic Configuration Descriptor",
                    "properties": [
                        "Read",
                        "Write"
                    ],
                    "aux_properties": [
                        "Peer Specific"
                    ],
                    "fields": [
                        {
                            "name": "cli cnfg",
                            "description": "Client Characteristic Configuration",
                            "format": "uint16_t"
                        }
                    ]
                }
            ]
        },
        {
            "name": "Cross Trainer Data",
            "abbreviation": "cross trainer data",
            "description": "The Cross Trainer Data characteristic is used to send training-related data to the Client from a cross trainer (Server).",
            "uuid": [
                "0xCE",
                "0x2A"
            ],
            "db_size": 41,
            "fields": [
                {
                    "name": "Flags",
                    "description": "Flags",
                    "format": "struct",
                    "fields": [
                        {
                            "name": "Is More Data",
                            "description": "More Data",
                            "format": "bool"
                        },
                        {
                            "name": "Is Average Speed present",
                            "description": "Average Speed present",
                            "format": "bool"
                        },
                        {
                            "name": "Is Total Distance Present",
                            "description": "Total Distance Present",
                            "format": "bool"
                        },
                        {
                            "name": "Is Step Count present",
                            "description": "Step Count present",
                            "format": "bool"
                        },
                        {
                            "name": "Is Stride Count present",
                            "description": "Stride Count present",
                            "format": "bool"
                        },
                        {
                            "name": "Is Elevation Gain present",
                            "description": "Elevation Gain present",
                            "format": "bool"
                        },
                        {
                            "name": "Is Inclination and Ramp Angle Setting present",
                            "description": "Inclination and Ramp Angle Setting present",
                            "format": "bool"
                        },
                        {
                            "name": "Is Resistance Level Present",
                            "description": "Resistance Level Present",
                            "format": "bool"
                        },
                        {
                            "name": "Is Instantaneous Power present",
                            "description": "Instantaneous Power present",
                            "format": "bool"
                        },
                        {
                            "name": "Is Average Power present",
                            "description": "Average Power present",
                            "format": "bool"
                        },
                        {
                            "name": "Is Expended Energy present",
                            "description": "Expended Energy present",
                            "format": "bool"
                        },
                        {
                            "name": "Is Heart Rate present",
                            "description": "Heart Rate present",
                            "format": "bool"
                        },
                        {
                            "name": "Is Metabolic Equivalent present",
                            "description": "Metabolic Equivalent present",
                            "format": "bool"
                        },
                        {
                            "name": "Is Elapsed Time present",
                            "description": "Elapsed Time present",
                            "format": "bool"
                        },
                        {
                            "name": "Is Remaining Time present",
                            "description": "Remaining Time present",
                            "format": "bool"
                        },
                        {
                            "name": "Is Movement Direction",
                            "description": "Movement Direction",
                            "format": "bool"
                        }
                    ]
                },
                {
                    "name": "Instantaneous Speed",
                    "description": "Instantaneous Speed",
                    "format": "uint16_t"
                },
                {
                    "name": "Average Speed",
                    "description": "Average Speed",
                    "format": "uint16_t"
                },
                {
                    "name": "Total Distance",
                    "description": "Total Distance",
                    "format": "uint32_t"
                },
                {
                    "name": "Step Per Minute",
                    "description": "Step Per Minute",
                    "format": "uint16_t"
                },
                {
                    "name": "Average Step Rate",
                    "description": "Average Step Rate",
                    "format": "uint16_t"
                },
                {
                    "name": "Stride Count",
                    "description": "Stride Count",
                    "format": "uint16_t"
                },
                {
                    "name": "Positive Elevation Gain",
                    "description": "Positive Elevation Gain",
                    "format": "uint16_t"
                },
                {
                    "name": "Negative Elevation Gain",
                    "description": "Negative Elevation Gain",
                    "format": "uint16_t"
                },
                {
                    "name": "Inclination",
                    "description": "Inclination",
                    "format": "int16_t"
                },
                {
                    "name": "Ramp Angle Setting",
                    "description": "Ramp Angle Setting",
                    "format": "int16_t"
                },
                {
                    "name": "Resistance Level",
                    "description": "Resistance Level",
                    "format": "int16_t"
                },
                {
                    "name": "Instantaneous Power",
                    "description": "Instantaneous Power",
                    "format": "int16_t"
                },
                {
                    "name": "Average Power",
                    "description": "Average Power",
                    "format": "int16_t"
                },
                {
                    "name": "Total Energy",
                    "description": "Total Energy",
                    "format": "uint16_t"
                },
                {
                    "name": "Energy Per Hour",
                    "description": "Energy Per Hour",
                    "format": "uint16_t"
                },
                {
                    "name": "Energy Per Minute",
                    "description": "Energy Per Minute",
                    "format": "uint8_t"
                },
                {
                    "name": "Heart Rate",
                    "description": "Heart Rate",
                    "format": "uint8_t"
                },
                {
                    "name": "Metabolic Equivalent",
                    "description": "Metabolic Equivalent",
                    "format": "uint8_t"
                },
                {
                    "name": "Elapsed Time",
                    "description": "Elapsed Time",
                    "format": "uint16_t"
                },
                {
                    "name": "Remaining Time",
                    "description": "Remaining Time",
                    "format": "uint16_t"
                }
            ],
            "properties": [
                "Notify"
            ],
            "aux_properties": [],
            "descriptors": [
                {
                    "name": "Client Characteristic Configuration",
                    "abbreviation": "cli cnfg",
                    "uuid": [
                        "0x02",
                        "0x29"
                    ],
                    "db_size": 2,
                    "description": "Client Characteristic Configuration Descriptor",
                    "properties": [
                        "Read",
                        "Write"
                    ],
                    "aux_properties": [
                        "Peer Specific"
                    ],
                    "fields": [
                        {
                            "name": "cli cnfg",
                            "description": "Client Characteristic Configuration",
                            "format": "uint16_t"
                        }
                    ]
                }
            ]
        },
        {
            "name": "Step Climber Data",
            "abbreviation": "step climber data",
            "description": "The Step Climber Data characteristic is used to send training-related data to the Client from a step climber (Server).",
            "uuid": [
                "0xCF",
                "0x2A"
            ],
            "db_size": 23,
            "fields": [
                {
                    "name": "Flags",
                    "description": "Flags",
                    "format": "struct",
                    "fields": [
                        {
                            "name": "Is More Data",
                            "description": "More Data",
                            "format": "bool"
                        },
                        {
                            "name": "Is Step per Minute  present",
                            "description": "Step per Minute  present",
                            "format": "bool"
                        },
                        {
                            "name": "Is Average Step Rate Present",
                            "description": "Average Step Rate Present",
                            "format": "bool"
                        },
                        {
                            "name": "Is Positive Elevation Gain present",
                            "description": "Positive Elevation Gain present",
                            "format": "bool"
                        },
                        {
                            "name": "Is Expended Energy present",
                            "description": "Expended Energy present",
                            "format": "bool"
                        },
                        {
                            "name": "Is Heart Rate present",
                            "description": "Heart Rate present",
                            "format": "bool"
                        },
                        {
                            "name": "Is Metabolic Equivalent present",
                            "description": "Metabolic Equivalent present",
                            "format": "bool"
                        },
                        {
                            "name": "Is Elapsed Time present",
                            "description": "Elapsed Time present",
                            "format": "bool"
                        },
                        {
                            "name": "Is Remaining Time present",
                            "description": "Remaining Time present",
                            "format": "bool"
                        }
                    ]
                },
                {
                    "name": "Floors",
                    "description": "Floors",
                    "format": "uint16_t"
                },
                {
                    "name": "Step Count",
                    "description": "Step Count",
                    "format": "uint16_t"
                },
                {
                    "name": "Step Per Minute",
                    "description": "Step Per Minute",
                    "format": "uint16_t"
                },
                {
                    "name": "Average Step Rate",
                    "description": "Average Step Rate",
                    "format": "uint16_t"
                },
                {
                    "name": "Positive Elevation Gain",
                    "description": "Positive Elevation Gain",
                    "format": "uint16_t"
                },
                {
                    "name": "Total Energy",
                    "description": "Total Energy",
                    "format": "uint16_t"
                },
                {
                    "name": "Energy Per Hour",
                    "description": "Energy Per Hour",
                    "format": "uint16_t"
                },
                {
                    "name": "Energy Per Minute",
                    "description": "Energy Per Minute",
                    "format": "uint8_t"
                },
                {
                    "name": "Heart Rate",
                    "description": "Heart Rate",
                    "format": "uint8_t"
                },
                {
                    "name": "Metabolic Equivalent",
                    "description": "Metabolic Equivalent",
                    "format": "uint8_t"
                },
                {
                    "name": "Elapsed Time",
                    "description": "Elapsed Time",
                    "format": "uint16_t"
                },
                {
                    "name": "Remaining Time",
                    "description": "Remaining Time",
                    "format": "uint16_t"
                }
            ],
            "properties": [
                "Notify"
            ],
            "aux_properties": [],
            "descriptors": [
                {
                    "name": "Client Characteristic Configuration",
                    "abbreviation": "cli cnfg",
                    "uuid": [
                        "0x02",
                        "0x29"
                    ],
                    "db_size": 2,
                    "description": "Client Characteristic Configuration Descriptor",
                    "properties": [
                        "Read",
                        "Write"
                    ],
                    "aux_properties": [
                        "Peer Specific"
                    ],
                    "fields": [
                        {
                            "name": "cli cnfg",
                            "description": "Client Characteristic Configuration",
                            "format": "uint16_t"
                        }
                    ]
                }
            ]
        },
        {
            "name": "Stair Climber Data",
            "abbreviation": "stair climber data",
            "description": "The Stair Climber Data characteristic is used to send training-related data to the Client from a stair climber (Server).",
            "uuid": [
                "0xD0",
                "0x2A"
            ],
            "db_size": 23,
            "fields": [
                {
                    "name": "Flags",
                    "description": "Flags",
                    "format": "struct",
                    "fields": [
                        {
                            "name": "Is More Data",
                            "description": "More Data",
                            "format": "bool"
                        },
                        {
                            "name": "Is Step per Minute  present",
                            "description": "Step per Minute  present",
                            "format": "bool"
                        },
                        {
                            "name": "Is Average Step Rate Present",
                            "description": "Average Step Rate Present",
                            "format": "bool"
                        },
                        {
                            "name": "Is Positive Elevation Gain present",
                            "description": "Positive Elevation Gain present",
                            "format": "bool"
                        },
                        {
                            "name": "Is Stride Count Present",
                            "description": "Stride Count Present",
                            "format": "bool"
                        },
                        {
                            "name": "Is Expended Energy present",
                            "description": "Expended Energy present",
                            "format": "bool"
                        },
                        {
                            "name": "Is Heart Rate present",
                            "description": "Heart Rate present",
                            "format": "bool"
                        },
                        {
                            "name": "Is Metabolic Equivalent present",
                            "description": "Metabolic Equivalent present",
                            "format": "bool"
                        },
                        {
                            "name": "Is Elapsed Time present",
                            "description": "Elapsed Time present",
                            "format": "bool"
                        },
                        {
                            "name": "Is Remaining Time present",
                            "description": "Remaining Time present",
                            "format": "bool"
                        }
                    ]
                },
                {
                    "name": "Floors",
                    "description": "Floors",
                    "format": "uint16_t"
                },
                {
                    "name": "Step Per Minute",
                    "description": "Step Per Minute",
                    "format": "uint16_t"
                },
                {
                    "name": "Average Step Rate",
                    "description": "Average Step Rate",
                    "format": "uint16_t"
                },
                {
                    "name": "Positive Elevation Gain",
                    "description": "Positive Elevation Gain",
                    "format": "uint16_t"
                },
                {
                    "name": "Stride Count",
                    "description": "Stride Count",
                    "format": "uint16_t"
                },
                {
                    "name": "Total Energy",
                    "description": "Total Energy",
                    "format": "uint16_t"
                },
                {
                    "name": "Energy Per Hour",
                    "description": "Energy Per Hour",
                    "format": "uint16_t"
                },
                {
                    "name": "Energy Per Minute",
                    "description": "Energy Per Minute",
                    "format": "uint8_t"
                },
                {
                    "name": "Heart Rate",
                    "description": "Heart Rate",
                    "format": "uint8_t"
                },
                {
                    "name": "Metabolic Equivalent",
                    "description": "Metabolic Equivalent",
                    "format": "uint8_t"
                },
                {
                    "name": "Elapsed Time",
                    "description": "Elapsed Time",
                    "format": "uint16_t"
                },
                {
                    "name": "Remaining Time",
                    "description": "Remaining Time",
                    "format": "uint16_t"
                }
            ],
            "properties": [
                "Notify"
            ],
            "aux_properties": [],
            "descriptors": [
                {
                    "name": "Client Characteristic Configuration",
                    "abbreviation": "cli cnfg",
                    "uuid": [
                        "0x02",
                        "0x29"
                    ],
                    "db_size": 2,
                    "description": "Client Characteristic Configuration Descriptor",
                    "properties": [
                        "Read",
                        "Write"
                    ],
                    "aux_properties": [
                        "Peer Specific"
                    ],
                    "fields": [
                        {
                            "name": "cli cnfg",
                            "description": "Client Characteristic Configuration",
                            "format": "uint16_t"
                        }
                    ]
                }
            ]
        },
        {
            "name": "Rower Data",
            "abbreviation": "rower data",
            "description": "The Rower Data characteristic is used to send training-related data to the Client from a rower (Server).",
            "uuid": [
                "0xD1",
                "0x2A"
            ],
            "db_size": 30,
            "fields": [
                {
                    "name": "Flags",
                    "description": "Flags",
                    "format": "struct",
                    "fields": [
                        {
                            "name": "Is More Data",
                            "description": "More Data",
                            "format": "bool"
                        },
                        {
                            "name": "Is Average Stroke present",
                            "description": "Average Stroke present",
                            "format": "bool"
                        },
                        {
                            "name": "Is Total Distance Present",
                            "description": "Total Distance Present",
                            "format": "bool"
                        },
                        {
                            "name": "Is Instantaneous Pace present",
                            "description": "Instantaneous Pace present",
                            "format": "bool"
                        },
                        {
                            "name": "Is Average Pace Present",
                            "description": "Average Pace Present",
                            "format": "bool"
                        },
                        {
                            "name": "Is Instantaneous Power present",
                            "description": "Instantaneous Power present",
                            "format": "bool"
                        },
                        {
                            "name": "Is Average Power present",
                            "description": "Average Power present",
                            "format": "bool"
                        },
                        {
                            "name": "Is Resistance Level present",
                            "description": "Resistance Level present",
                            "format": "bool"
                        },
                        {
                            "name": "Is Expended Energy present",
                            "description": "Expended Energy present",
                            "format": "bool"
                        },
                        {
                            "name": "Is Heart Rate present",
                            "description": "Heart Rate present",
                            "format": "bool"
                        },
                        {
                            "name": "Is Metabolic Equivalent present",
                            "description": "Metabolic Equivalent present",
                            "format": "bool"
                        },
                        {
                            "name": "Is Elapsed Time present",
                            "description": "Elapsed Time present",
                            "format": "bool"
                        },
                        {
                            "name": "Is Remaining Time present",
                            "description": "Remaining Time present",
                            "format": "bool"
                        }
                    ]
                },
                {
                    "name": "Stroke Rate",
                    "description": "Stroke Rate",
                    "format": "uint8_t"
                },
                {
                    "name": "Stroke Count",
                    "description": "Stroke Count",
                    "format": "uint16_t"
                },
                {
                    "name": "Average Stroke Rate",
                    "description": "Average Stroke Rate",
                    "format": "uint8_t"
                },
                {
                    "name": "Total Distance",
                    "description": "Total Distance",
                    "format": "uint32_t"
                },
                {
                    "name": "Instantaneous Pace",
                    "description": "Instantaneous Pace",
                    "format": "uint16_t"
                },
                {
                    "name": "Average Pace",
                    "description": "Average Pace",
                    "format": "uint16_t"
                },
                {
                    "name": "Instantaneous Power",
                    "description": "Instantaneous Power",
                    "format": "int16_t"
                },
                {
                    "name": "Average Power",
                    "description": "Average Power",
                    "format": "int16_t"
                },
                {
                    "name": "Resistance Level",
                    "description": "Resistance Level",
                    "format": "int16_t"
                },
                {
                    "name": "Total Energy",
                    "description": "Total Energy",
                    "format": "uint16_t"
                },
                {
                    "name": "Energy Per Hour",
                    "description": "Energy Per Hour",
                    "format": "uint16_t"
                },
                {
                    "name": "Energy Per Minute",
                    "description": "Energy Per Minute",
                    "format": "uint8_t"
                },
                {
                    "name": "Heart Rate",
                    "description": "Heart Rate",
                    "format": "uint8_t"
                },
                {
                    "name": "Metabolic Equivalent",
                    "description": "Metabolic Equivalent",
                    "format": "uint8_t"
                },
                {
                    "name": "Elapsed Time",
                    "description": "Elapsed Time",
                    "format": "uint16_t"
                },
                {
                    "name": "Remaining Time",
                    "description": "Remaining Time",
                    "format": "uint16_t"
                }
            ],
            "properties": [
                "Notify"
            ],
            "aux_properties": [],
            "descriptors": [
                {
                    "name": "Client Characteristic Configuration",
                    "abbreviation": "cli cnfg",
                    "uuid": [
                        "0x02",
                        "0x29"
                    ],
                    "db_size": 2,
                    "description": "Client Characteristic Configuration Descriptor",
                    "properties": [
                        "Read",
                        "Write"
                    ],
                    "aux_properties": [
                        "Peer Specific"
                    ],
                    "fields": [
                        {
                            "name": "cli cnfg",
                            "description": "Client Characteristic Configuration",
                            "format": "uint16_t"
                        }
                    ]
                }
            ]
        },
        {
            "name": "Indoor Bike Data",
            "abbreviation": "indoor bike data",
            "description": "The Indoor Bike Data characteristic is used to send training-related data to the Client from an indoor bike (Server).",
            "uuid": [
                "0xD2",
                "0x2A"
            ],
            "db_size": 30,
            "fields": [
                {
                    "name": "Flags",
                    "description": "Flags",
                    "format": "struct",
                    "fields": [
                        {
                            "name": "Is More Data",
                            "description": "More Data",
                            "format": "bool"
                        },
                        {
                            "name": "Is Average Speed present",
                            "description": "Average Speed present",
                            "format": "bool"
                        },
                        {
                            "name": "Is Instantaneous Cadence present",
                            "description": "Instantaneous Cadence present",
                            "format": "bool"
                        },
                        {
                            "name": "Is Average Candence present",
                            "description": "Average Candence present",
                            "format": "bool"
                        },
                        {
                            "name": "Is Total Distance Present",
                            "description": "Total Distance Present",
                            "format": "bool"
                        },
                        {
                            "name": "Is Resistance Level present",
                            "description": "Resistance Level present",
                            "format": "bool"
                        },
                        {
                            "name": "Is Instantaneous Power present",
                            "description": "Instantaneous Power present",
                            "format": "bool"
                        },
                        {
                            "name": "Is Average Power present",
                            "description": "Average Power present",
                            "format": "bool"
                        },
                        {
                            "name": "Is Expended Energy present",
                            "description": "Expended Energy present",
                            "format": "bool"
                        },
                        {
                            "name": "Is Heart Rate present",
                            "description": "Heart Rate present",
                            "format": "bool"
                        },
                        {
                            "name": "Is Metabolic Equivalent present",
                            "description": "Metabolic Equivalent present",
                            "format": "bool"
                        },
                        {
                            "name": "Is Elapsed Time present",
                            "description": "Elapsed Time present",
                            "format": "bool"
                        },
                        {
                            "name": "Is Remaining Time present",
                            "description": "Remaining Time present",
                            "format": "bool"
                        }
                    ]
                },
                {
                    "name": "Instantaneous Speed",
                    "description": "Instantaneous Speed",
                    "format": "uint16_t"
                },
                {
                    "name": "Average Speed",
                    "description": "Average Speed",
                    "format": "uint16_t"
                },
                {
                    "name": "Instantaneous Cadence",
                    "description": "Instantaneous Cadence",
                    "format": "uint16_t"
                },
                {
                    "name": "Average Cadence",
                    "description": "Average Cadence",
                    "format": "uint16_t"
                },
                {
                    "name": "Total Distance",
                    "description": "Total Distance",
                    "format": "uint32_t"
                },
                {
                    "name": "Resistance Level",
                    "description": "Resistance Level",
                    "format": "int16_t"
                },
                {
                    "name": "Instantaneous Power",
                    "description": "Instantaneous Power",
                    "format": "int16_t"
                },
                {
                    "name": "Average Power",
                    "description": "Average Power",
                    "format": "int16_t"
                },
                {
                    "name": "Total Energy",
                    "description": "Total Energy",
                    "format": "uint16_t"
                },
                {
                    "name": "Energy Per Hour",
                    "description": "Energy Per Hour",
                    "format": "uint16_t"
                },
                {
                    "name": "Energy Per Minute",
                    "description": "Energy Per Minute",
                    "format": "uint8_t"
                },
                {
                    "name": "Heart Rate",
                    "description": "Heart Rate",
                    "format": "uint8_t"
                },
                {
                    "name": "Metabolic Equivalent",
                    "description": "Metabolic Equivalent",
                    "format": "uint8_t"
                },
                {
                    "name": "Elapsed Time",
                    "description": "Elapsed Time",
                    "format": "uint16_t"
                },
                {
                    "name": "Remaining Time",
                    "description": "Remaining Time",
                    "format": "uint16_t"
                }
            ],
            "properties": [
                "Notify"
            ],
            "aux_properties": [],
            "descriptors": [
                {
                    "name": "Client Characteristic Configuration",
                    "abbreviation": "cli cnfg",
                    "uuid": [
                        "0x02",
                        "0x29"
                    ],
                    "db_size": 2,
                    "description": "Client Characteristic Configuration Descriptor",
                    "properties": [
                        "Read",
                        "Write"
                    ],
                    "aux_properties": [
                        "Peer Specific"
                    ],
                    "fields": [
                        {
                            "name": "cli cnfg",
                            "description": "Client Characteristic Configuration",
                            "format": "uint16_t"
                        }
                    ]
                }
            ]
        },
        {
            "name": "Training Status",
            "abbreviation": "training status",
            "description": "The Training Status characteristic is defined in the Fitness Machine Service Specification.",
            "uuid": [
                "0xD3",
                "0x2A"
            ],
            "db_size": 20,
            "fields": [],
            "properties": [
                "Read",
                "Notify"
            ],
            "aux_properties": [],
            "descriptors": [
                {
                    "name": "Client Characteristic Configuration",
                    "abbreviation": "cli cnfg",
                    "uuid": [
                        "0x02",
                        "0x29"
                    ],
                    "db_size": 2,
                    "description": "Client Characteristic Configuration Descriptor",
                    "properties": [
                        "Read",
                        "Write"
                    ],
                    "aux_properties": [
                        "Peer Specific"
                    ],
                    "fields": [
                        {
                            "name": "cli cnfg",
                            "description": "Client Characteristic Configuration",
                            "format": "uint16_t"
                        }
                    ]
                }
            ]
        },
        {
            "name": "Supported Speed Range",
            "abbreviation": "supported speed range",
            "description": "The Supported Speed Range characteristic is used to send the supported speed range as well as the minimum speed increment supported by the Server.",
            "uuid": [
                "0xD4",
                "0x2A"
            ],
            "db_size": 6,
            "fields": [
                {
                    "name": "Minimum Speed",
                    "description": "Minimum Speed",
                    "format": "uint16_t"
                },
                {
                    "name": "Maximum Speed",
                    "description": "Maximum Speed",
                    "format": "uint16_t"
                },
                {
                    "name": "Minimum Increment",
                    "description": "Minimum Increment",
                    "format": "uint16_t"
                }
            ],
            "properties": [
                "Read"
            ],
            "aux_properties": []
        },
        {
            "name": "Supported Inclination Range",
            "abbreviation": "supported inclination range",
            "description": "The Supported Inclination Range characteristic is used to send the supported inclination range as well as the minimum inclination increment supported by the Server.",
            "uuid": [
                "0xD5",
                "0x2A"
            ],
            "db_size": 6,
            "fields": [
                {
                    "name": "Minimum Inclination",
                    "description": "Minimum Inclination",
                    "format": "int16_t"
                },
                {
                    "name": "Maximum Inclination",
                    "description": "Maximum Inclination",
                    "format": "int16_t"
                },
                {
                    "name": "Minimum Increment",
                    "description": "Minimum Increment",
                    "format": "uint16_t"
                }
            ],
            "properties": [
                "Read"
            ],
            "aux_properties": []
        },
        {
            "name": "Supported Resistance Level Range",
            "abbreviation": "supported resistance level range",
            "description": "The Supported Resistance Level Range characteristic is used to send the supported resistance level range as well as the minimum resistance increment supported by the Server.",
            "uuid": [
                "0xD6",
                "0x2A"
            ],
            "db_size": 6,
            "fields": [
                {
                    "name": "Minimum Resistance Level",
                    "description": "Minimum Resistance Level",
                    "format": "int16_t"
                },
                {
                    "name": "Maximum Resistance Level",
                    "description": "Maximum Resistance Level",
                    "format": "int16_t"
                },
                {
                    "name": "Minimum Increment",
                    "description": "Minimum Increment",
                    "format": "uint16_t"
                }
            ],
            "properties": [
                "Read"
            ],
            "aux_properties": []
        },
        {
            "name": "Supported Power Range",
            "abbreviation": "supported power range",
            "description": "The Supported Power Range characteristic is used to send the supported power range as well as the minimum power increment supported by the Server.",
            "uuid": [
                "0xD8",
                "0x2A"
            ],
            "db_size": 6,
            "fields": [
                {
                    "name": "Minimum Power",
                    "description": "Minimum Power",
                    "format": "int16_t"
                },
                {
                    "name": "Maximum Power",
                    "description": "Maximum Power",
                    "format": "int16_t"
                },
                {
                    "name": "Minimum Increment",
                    "description": "Minimum Increment",
                    "format": "uint16_t"
                }
            ],
            "properties": [
                "Read"
            ],
            "aux_properties": []
        },
        {
            "name": "Supported Heart Rate Range",
            "abbreviation": "supported heart rate range",
            "description": "The Supported Heart Rate Range characteristic is used to send the supported Heart Rate range as well as the minimum Heart Rate increment supported by the Server.",
            "uuid": [
                "0xD7",
                "0x2A"
            ],
            "db_size": 3,
            "fields": [
                {
                    "name": "Minimum Heart Rate",
                    "description": "Minimum Heart Rate",
                    "format": "uint8_t"
                },
                {
                    "name": "Maximum Heart Rate",
                    "description": "Maximum Heart Rate",
                    "format": "uint8_t"
                },
                {
                    "name": "Minimum Increment",
                    "description": "Minimum Increment",
                    "format": "uint8_t"
                }
            ],
            "properties": [
                "Read"
            ],
            "aux_properties": []
        },
        {
            "name": "Fitness Machine Control Point",
            "abbreviation": "fitness machine control point",
            "description": "The Fitness Machine Control Point characteristic is defined in the Fitness Machine Service Specification.",
            "uuid": [
                "0xD9",
                "0x2A"
            ],
            "db_size": 19,
            "fields": [],
            "properties": [
                "Write",
                "Indicate"
            ],
            "aux_properties": [],
            "descriptors": [
                {
                    "name": "Client Characteristic Configuration",
                    "abbreviation": "cli cnfg",
                    "uuid": [
                        "0x02",
                        "0x29"
                    ],
                    "db_size": 2,
                    "description": "Client Characteristic Configuration Descriptor",
                    "properties": [
                        "Read",
                        "Write"
                    ],
                    "aux_properties": [
                        "Peer Specific"
                    ],
                    "fields": [
                        {
                            "name": "cli cnfg",
                            "description": "Client Characteristic Configuration",
                            "format": "uint16_t"
                        }
                    ]
                }
            ]
        },
        {
            "name": "Fitness Machine Status",
            "abbreviation": "fitness machine status",
            "description": "The Fitness Machine Status characteristic is defined in the Fitness Machine Service Specification.",
            "uuid": [
                "0xDA",
                "0x2A"
            ],
            "db_size": 20,
            "fields": [],
            "properties": [
                "Notify"
            ],
            "aux_properties": [],
            "descriptors": [
                {
                    "name": "Client Characteristic Configuration",
                    "abbreviation": "cli cnfg",
                    "uuid": [
                        "0x02",
                        "0x29"
                    ],
                    "db_size": 2,
                    "description": "Client Characteristic Configuration Descriptor",
                    "properties": [
                        "Read",
                        "Write"
                    ],
                    "aux_properties": [
                        "Peer Specific"
                    ],
                    "fields": [
                        {
                            "name": "cli cnfg",
                            "description": "Client Characteristic Configuration",
                            "format": "uint16_t"
                        }
                    ]
                }
            ]
        }
    ]
}
