{
    "name": "Fitness Machine Service",
    "abbreviation": "ftm",
    "description": "This service exposes training-related data in the sports and fitness environment,which allows a Server (e.g.,a fitness machine) to send training-related data to a Client.",
    "uuid": [
        "0x26",
        "0x18"
    ],
    "aux_properties": [
        "None"
    ],
    "error_codes": [],
    "characteristics": [
        {
            "name": "Fitness Machine Feature",
            "abbreviation": "fitness_machine_feature",
            "description": "The Fitness Machine Feature characteristic is defined in the Fitness Machine Service Specification.",
            "uuid": [
                "0xCC",
                "0x2A"
            ],
            "db_size": 8,
            "fields":             [
                                {
                    "name": "is_average_speed_supported",
                    "abbreviation": "is_average_speed_supported",
                    "description": "Value indicating Average Speed Supported feature",
                    "format": "bool"
                },
                                {
                    "name": "is_cadence_supported",
                    "abbreviation": "is_cadence_supported",
                    "description": "Value indicating Cadence Supported feature",
                    "format": "bool"
                },
                                {
                    "name": "is_total_distance_supported",
                    "abbreviation": "is_total_distance_supported",
                    "description": "Value indicating Total Distance Supported feature",
                    "format": "bool"
                },
                                {
                    "name": "is_inclination_supported",
                    "abbreviation": "is_inclination_supported",
                    "description": "Value indicating Inclination Supported feature",
                    "format": "bool"
                },
                                {
                    "name": "is_elevation_gain_supported",
                    "abbreviation": "is_elevation_gain_supported",
                    "description": "Value indicating Elevation Gain Supported feature",
                    "format": "bool"
                },
                                {
                    "name": "is_pace_supported",
                    "abbreviation": "is_pace_supported",
                    "description": "Value indicating Pace Supported feature",
                    "format": "bool"
                },
                                {
                    "name": "is_step_count_supported",
                    "abbreviation": "is_step_count_supported",
                    "description": "Value indicating Step Count Supported feature",
                    "format": "bool"
                },
                                {
                    "name": "is_resistance_level_supported",
                    "abbreviation": "is_resistance_level_supported",
                    "description": "Value indicating Resistance Level Supported feature",
                    "format": "bool"
                },
                                {
                    "name": "is_stride_count_supported",
                    "abbreviation": "is_stride_count_supported",
                    "description": "Value indicating Stride Count Supported feature",
                    "format": "bool"
                },
                                {
                    "name": "is_expended_energy_supported",
                    "abbreviation": "is_expended_energy_supported",
                    "description": "Value indicating Expended Energy Supported feature",
                    "format": "bool"
                },
                                {
                    "name": "is_heart_rate_measurement_supported",
                    "abbreviation": "is_heart_rate_measurement_supported",
                    "description": "Value indicating Heart Rate Measurement Supported feature",
                    "format": "bool"
                },
                                {
                    "name": "is_metabolic_equivalent_supported",
                    "abbreviation": "is_metabolic_equivalent_supported",
                    "description": "Value indicating Metabolic Equivalent Supported feature",
                    "format": "bool"
                },
                                {
                    "name": "is_elapsed_time_supported",
                    "abbreviation": "is_elapsed_time_supported",
                    "description": "Value indicating Elapsed Time Supported feature",
                    "format": "bool"
                },
                                {
                    "name": "is_remaining_time_supported",
                    "abbreviation": "is_remaining_time_supported",
                    "description": "Value indicating Remaining Time Supported feature",
                    "format": "bool"
                },
                                {
                    "name": "is_power_measurement_supported",
                    "abbreviation": "is_power_measurement_supported",
                    "description": "Value indicating Power Measurement Supported feature",
                    "format": "bool"
                },
                                {
                    "name": "is_force_on_belt_and_power_output_supported",
                    "abbreviation": "is_force_on_belt_and_power_output_supported",
                    "description": "Value indicating Force on Belt and Power Output Supported feature",
                    "format": "bool"
                },
                                {
                    "name": "is_user_data_retention_supported",
                    "abbreviation": "is_user_data_retention_supported",
                    "description": "Value indicating User Data Retention Supported feature",
                    "format": "bool"
                },
                                {
                    "name": "is_speed_target_setting_supported",
                    "abbreviation": "is_speed_target_setting_supported",
                    "description": "Value indicating Speed Target Setting Supported feature",
                    "format": "bool"
                },
                                {
                    "name": "is_inclination_target_setting_supported",
                    "abbreviation": "is_inclination_target_setting_supported",
                    "description": "Value indicating Inclination Target Setting Supported feature",
                    "format": "bool"
                },
                                {
                    "name": "is_resistance_target_setting_supported",
                    "abbreviation": "is_resistance_target_setting_supported",
                    "description": "Value indicating Resistance Target Setting Supported feature",
                    "format": "bool"
                },
                                {
                    "name": "is_power_target_setting_supported",
                    "abbreviation": "is_power_target_setting_supported",
                    "description": "Value indicating Power Target Setting Supported feature",
                    "format": "bool"
                },
                                {
                    "name": "is_heart_rate_target_setting_supported",
                    "abbreviation": "is_heart_rate_target_setting_supported",
                    "description": "Value indicating Heart Rate Target Setting Supported feature",
                    "format": "bool"
                },
                                {
                    "name": "is_targeted_expended_energy_configuration_supported",
                    "abbreviation": "is_targeted_expended_energy_configuration_supported",
                    "description": "Value indicating Targeted Expended Energy Configuration Supported feature",
                    "format": "bool"
                },
                                {
                    "name": "is_targeted_step_number_configuration_supported",
                    "abbreviation": "is_targeted_step_number_configuration_supported",
                    "description": "Value indicating Targeted Step Number Configuration Supported feature",
                    "format": "bool"
                },
                                {
                    "name": "is_targeted_stride_number_configuration_supported",
                    "abbreviation": "is_targeted_stride_number_configuration_supported",
                    "description": "Value indicating Targeted Stride Number Configuration Supported feature",
                    "format": "bool"
                },
                                {
                    "name": "is_targeted_distance_configuration_supported",
                    "abbreviation": "is_targeted_distance_configuration_supported",
                    "description": "Value indicating Targeted Distance Configuration Supported feature",
                    "format": "bool"
                },
                                {
                    "name": "is_targeted_training_time_configuration_supported",
                    "abbreviation": "is_targeted_training_time_configuration_supported",
                    "description": "Value indicating Targeted Training Time Configuration Supported feature",
                    "format": "bool"
                },
                                {
                    "name": "is_indoor_bike_simulation_parameters_supported",
                    "abbreviation": "is_indoor_bike_simulation_parameters_supported",
                    "description": "Value indicating Indoor Bike Simulation Parameters Supported feature",
                    "format": "bool"
                },
                                {
                    "name": "is_wheel_circumference_configuration_supported",
                    "abbreviation": "is_wheel_circumference_configuration_supported",
                    "description": "Value indicating Wheel Circumference Configuration Supported feature",
                    "format": "bool"
                },
                                {
                    "name": "is_spin_down_control_supported",
                    "abbreviation": "is_spin_down_control_supported",
                    "description": "Value indicating Spin Down Control Supported feature",
                    "format": "bool"
                },
                                {
                    "name": "is_targeted_cadence_configuration_supported",
                    "abbreviation": "is_targeted_cadence_configuration_supported",
                    "description": "Value indicating Targeted Cadence Configuration Supported feature",
                    "format": "bool"
                },
                                {
                    "name": "is_targeted_time_in_two_heart_rate_zones_configuration_supported",
                    "abbreviation": "is_targeted_time_in_two_heart_rate_zones_configuration_supported",
                    "description": "Value indicating Targeted Time in Two Heart Rate Zones Configuration Supported feature",
                    "format": "bool"
                },
                                {
                    "name": "is_targeted_time_in_three_heart_rate_zones_configuration_supported",
                    "abbreviation": "is_targeted_time_in_three_heart_rate_zones_configuration_supported",
                    "description": "Value indicating Targeted Time in Three Heart Rate Zones Configuration Supported feature",
                    "format": "bool"
                },
                                {
                    "name": "is_targeted_time_in_five_heart_rate_zones_configuration_supported",
                    "abbreviation": "is_targeted_time_in_five_heart_rate_zones_configuration_supported",
                    "description": "Value indicating Targeted Time in Five Heart Rate Zones Configuration Supported feature",
                    "format": "bool"
                }
            ],
            "properties": [
                "Read"
            ],
            "aux_properties": []
        },
        {
            "name": "Treadmill Data",
            "abbreviation": "treadmill_data",
            "description": "The Treadmill Data characteristic is used to send training-related data to the Client from a treadmill (Server).",
            "uuid": [
                "0xCD",
                "0x2A"
            ],
            "db_size": 34,
            "fields": [
                {
                    "name": "Flags",
                    "description": "Flags",
                    "format": "struct",
                    "fields": [
                        {
                            "name": "Is More Data",
                            "description": "More Data",
                            "format": "bool"
                        },
                        {
                            "name": "Is Average Speed present",
                            "description": "Average Speed present",
                            "format": "bool"
                        },
                        {
                            "name": "Is Total Distance Present",
                            "description": "Total Distance Present",
                            "format": "bool"
                        },
                        {
                            "name": "Is Inclination and Ramp Angle Setting present",
                            "description": "Inclination and Ramp Angle Setting present",
                            "format": "bool"
                        },
                        {
                            "name": "Is Elevation Gain present",
                            "description": "Elevation Gain present",
                            "format": "bool"
                        },
                        {
                            "name": "Is Instantaneous Pace present",
                            "description": "Instantaneous Pace present",
                            "format": "bool"
                        },
                        {
                            "name": "Is Average Pace present",
                            "description": "Average Pace present",
                            "format": "bool"
                        },
                        {
                            "name": "Is Expended Energy present",
                            "description": "Expended Energy present",
                            "format": "bool"
                        },
                        {
                            "name": "Is Heart Rate present",
                            "description": "Heart Rate present",
                            "format": "bool"
                        },
                        {
                            "name": "Is Metabolic Equivalent present",
                            "description": "Metabolic Equivalent present",
                            "format": "bool"
                        },
                        {
                            "name": "Is Elapsed Time present",
                            "description": "Elapsed Time present",
                            "format": "bool"
                        },
                        {
                            "name": "Is Remaining Time present",
                            "description": "Remaining Time present",
                            "format": "bool"
                        },
                        {
                            "name": "Is Force on Belt and Power Output present",
                            "description": "Force on Belt and Power Output present",
                            "format": "bool"
                        }
                    ]
                },
                {
                    "name": "Instantaneous Speed",
                    "description": "Instantaneous Speed",
                    "format": "uint16_t"
                },
                {
                    "name": "Average Speed",
                    "description": "Average Speed",
                    "format": "uint16_t"
                },
                {
                    "name": "Total Distance",
                    "description": "Total Distance",
                    "format": "uint32_t"
                },
                {
                    "name": "Inclination",
                    "description": "Inclination",
                    "format": "int16_t"
                },
                {
                    "name": "Ramp Angle Setting",
                    "description": "Ramp Angle Setting",
                    "format": "int16_t"
                },
                {
                    "name": "Positive Elevation Gain",
                    "description": "Positive Elevation Gain",
                    "format": "uint16_t"
                },
                {
                    "name": "Negative Elevation Gain",
                    "description": "Negative Elevation Gain",
                    "format": "uint16_t"
                },
                {
                    "name": "Instantaneous Pace",
                    "description": "Instantaneous Pace",
                    "format": "uint8_t"
                },
                {
                    "name": "Average Pace",
                    "description": "Average Pace",
                    "format": "uint8_t"
                },
                {
                    "name": "Total Energy",
                    "description": "Total Energy",
                    "format": "uint16_t"
                },
                {
                    "name": "Energy Per Hour",
                    "description": "Energy Per Hour",
                    "format": "uint16_t"
                },
                {
                    "name": "Energy Per Minute",
                    "description": "Energy Per Minute",
                    "format": "uint8_t"
                },
                {
                    "name": "Heart Rate",
                    "description": "Heart Rate",
                    "format": "uint8_t"
                },
                {
                    "name": "Metabolic Equivalent",
                    "description": "Metabolic Equivalent",
                    "format": "uint8_t"
                },
                {
                    "name": "Elapsed Time",
                    "description": "Elapsed Time",
                    "format": "uint16_t"
                },
                {
                    "name": "Remaining Time",
                    "description": "Remaining Time",
                    "format": "uint16_t"
                },
                {
                    "name": "Force on Belt",
                    "description": "Force on Belt",
                    "format": "int16_t"
                },
                {
                    "name": "Power Output",
                    "description": "Power Output",
                    "format": "int16_t"
                }
            ],
            "properties": [
                "Notify"
            ],
            "aux_properties": [],
            "descriptors": [
                {
                    "name": "Client Characteristic Configuration",
                    "abbreviation": "cli cnfg",
                    "uuid": [
                        "0x02",
                        "0x29"
                    ],
                    "db_size": 2,
                    "description": "Client Characteristic Configuration Descriptor",
                    "properties": [
                        "Read",
                        "Write"
                    ],
                    "aux_properties": [
                        "Peer Specific"
                    ],
                    "fields": [
                        {
                            "name": "cli cnfg",
                            "description": "Client Characteristic Configuration",
                            "format": "uint16_t"
                        }
                    ]
                }
            ]
        },
        {
            "name": "Cross Trainer Data",
            "abbreviation": "cross trainer data",
            "description": "The Cross Trainer Data characteristic is used to send training-related data to the Client from a cross trainer (Server).",
            "uuid": [
                "0xCE",
                "0x2A"
            ],
            "db_size": 41,
            "fields": [
                {
                    "name": "Flags",
                    "description": "Flags",
                    "format": "struct",
                    "fields": [
                        {
                            "name": "Is More Data",
                            "description": "More Data",
                            "format": "bool"
                        },
                        {
                            "name": "Is Average Speed present",
                            "description": "Average Speed present",
                            "format": "bool"
                        },
                        {
                            "name": "Is Total Distance Present",
                            "description": "Total Distance Present",
                            "format": "bool"
                        },
                        {
                            "name": "Is Step Count present",
                            "description": "Step Count present",
                            "format": "bool"
                        },
                        {
                            "name": "Is Stride Count present",
                            "description": "Stride Count present",
                            "format": "bool"
                        },
                        {
                            "name": "Is Elevation Gain present",
                            "description": "Elevation Gain present",
                            "format": "bool"
                        },
                        {
                            "name": "Is Inclination and Ramp Angle Setting present",
                            "description": "Inclination and Ramp Angle Setting present",
                            "format": "bool"
                        },
                        {
                            "name": "Is Resistance Level Present",
                            "description": "Resistance Level Present",
                            "format": "bool"
                        },
                        {
                            "name": "Is Instantaneous Power present",
                            "description": "Instantaneous Power present",
                            "format": "bool"
                        },
                        {
                            "name": "Is Average Power present",
                            "description": "Average Power present",
                            "format": "bool"
                        },
                        {
                            "name": "Is Expended Energy present",
                            "description": "Expended Energy present",
                            "format": "bool"
                        },
                        {
                            "name": "Is Heart Rate present",
                            "description": "Heart Rate present",
                            "format": "bool"
                        },
                        {
                            "name": "Is Metabolic Equivalent present",
                            "description": "Metabolic Equivalent present",
                            "format": "bool"
                        },
                        {
                            "name": "Is Elapsed Time present",
                            "description": "Elapsed Time present",
                            "format": "bool"
                        },
                        {
                            "name": "Is Remaining Time present",
                            "description": "Remaining Time present",
                            "format": "bool"
                        },
                        {
                            "name": "Is Movement Direction",
                            "description": "Movement Direction",
                            "format": "bool"
                        }
                    ]
                },
                {
                    "name": "Instantaneous Speed",
                    "description": "Instantaneous Speed",
                    "format": "uint16_t"
                },
                {
                    "name": "Average Speed",
                    "description": "Average Speed",
                    "format": "uint16_t"
                },
                {
                    "name": "Total Distance",
                    "description": "Total Distance",
                    "format": "uint32_t"
                },
                {
                    "name": "Step Per Minute",
                    "description": "Step Per Minute",
                    "format": "uint16_t"
                },
                {
                    "name": "Average Step Rate",
                    "description": "Average Step Rate",
                    "format": "uint16_t"
                },
                {
                    "name": "Stride Count",
                    "description": "Stride Count",
                    "format": "uint16_t"
                },
                {
                    "name": "Positive Elevation Gain",
                    "description": "Positive Elevation Gain",
                    "format": "uint16_t"
                },
                {
                    "name": "Negative Elevation Gain",
                    "description": "Negative Elevation Gain",
                    "format": "uint16_t"
                },
                {
                    "name": "Inclination",
                    "description": "Inclination",
                    "format": "int16_t"
                },
                {
                    "name": "Ramp Angle Setting",
                    "description": "Ramp Angle Setting",
                    "format": "int16_t"
                },
                {
                    "name": "Resistance Level",
                    "description": "Resistance Level",
                    "format": "int16_t"
                },
                {
                    "name": "Instantaneous Power",
                    "description": "Instantaneous Power",
                    "format": "int16_t"
                },
                {
                    "name": "Average Power",
                    "description": "Average Power",
                    "format": "int16_t"
                },
                {
                    "name": "Total Energy",
                    "description": "Total Energy",
                    "format": "uint16_t"
                },
                {
                    "name": "Energy Per Hour",
                    "description": "Energy Per Hour",
                    "format": "uint16_t"
                },
                {
                    "name": "Energy Per Minute",
                    "description": "Energy Per Minute",
                    "format": "uint8_t"
                },
                {
                    "name": "Heart Rate",
                    "description": "Heart Rate",
                    "format": "uint8_t"
                },
                {
                    "name": "Metabolic Equivalent",
                    "description": "Metabolic Equivalent",
                    "format": "uint8_t"
                },
                {
                    "name": "Elapsed Time",
                    "description": "Elapsed Time",
                    "format": "uint16_t"
                },
                {
                    "name": "Remaining Time",
                    "description": "Remaining Time",
                    "format": "uint16_t"
                }
            ],
            "properties": [
                "Notify"
            ],
            "aux_properties": [],
            "descriptors": [
                {
                    "name": "Client Characteristic Configuration",
                    "abbreviation": "cli cnfg",
                    "uuid": [
                        "0x02",
                        "0x29"
                    ],
                    "db_size": 2,
                    "description": "Client Characteristic Configuration Descriptor",
                    "properties": [
                        "Read",
                        "Write"
                    ],
                    "aux_properties": [
                        "Peer Specific"
                    ],
                    "fields": [
                        {
                            "name": "cli cnfg",
                            "description": "Client Characteristic Configuration",
                            "format": "uint16_t"
                        }
                    ]
                }
            ]
        },
        {
            "name": "Step Climber Data",
            "abbreviation": "step climber data",
            "description": "The Step Climber Data characteristic is used to send training-related data to the Client from a step climber (Server).",
            "uuid": [
                "0xCF",
                "0x2A"
            ],
            "db_size": 23,
            "fields": [
                {
                    "name": "Flags",
                    "description": "Flags",
                    "format": "struct",
                    "fields": [
                        {
                            "name": "Is More Data",
                            "description": "More Data",
                            "format": "bool"
                        },
                        {
                            "name": "Is Step per Minute  present",
                            "description": "Step per Minute  present",
                            "format": "bool"
                        },
                        {
                            "name": "Is Average Step Rate Present",
                            "description": "Average Step Rate Present",
                            "format": "bool"
                        },
                        {
                            "name": "Is Positive Elevation Gain present",
                            "description": "Positive Elevation Gain present",
                            "format": "bool"
                        },
                        {
                            "name": "Is Expended Energy present",
                            "description": "Expended Energy present",
                            "format": "bool"
                        },
                        {
                            "name": "Is Heart Rate present",
                            "description": "Heart Rate present",
                            "format": "bool"
                        },
                        {
                            "name": "Is Metabolic Equivalent present",
                            "description": "Metabolic Equivalent present",
                            "format": "bool"
                        },
                        {
                            "name": "Is Elapsed Time present",
                            "description": "Elapsed Time present",
                            "format": "bool"
                        },
                        {
                            "name": "Is Remaining Time present",
                            "description": "Remaining Time present",
                            "format": "bool"
                        }
                    ]
                },
                {
                    "name": "Floors",
                    "description": "Floors",
                    "format": "uint16_t"
                },
                {
                    "name": "Step Count",
                    "description": "Step Count",
                    "format": "uint16_t"
                },
                {
                    "name": "Step Per Minute",
                    "description": "Step Per Minute",
                    "format": "uint16_t"
                },
                {
                    "name": "Average Step Rate",
                    "description": "Average Step Rate",
                    "format": "uint16_t"
                },
                {
                    "name": "Positive Elevation Gain",
                    "description": "Positive Elevation Gain",
                    "format": "uint16_t"
                },
                {
                    "name": "Total Energy",
                    "description": "Total Energy",
                    "format": "uint16_t"
                },
                {
                    "name": "Energy Per Hour",
                    "description": "Energy Per Hour",
                    "format": "uint16_t"
                },
                {
                    "name": "Energy Per Minute",
                    "description": "Energy Per Minute",
                    "format": "uint8_t"
                },
                {
                    "name": "Heart Rate",
                    "description": "Heart Rate",
                    "format": "uint8_t"
                },
                {
                    "name": "Metabolic Equivalent",
                    "description": "Metabolic Equivalent",
                    "format": "uint8_t"
                },
                {
                    "name": "Elapsed Time",
                    "description": "Elapsed Time",
                    "format": "uint16_t"
                },
                {
                    "name": "Remaining Time",
                    "description": "Remaining Time",
                    "format": "uint16_t"
                }
            ],
            "properties": [
                "Notify"
            ],
            "aux_properties": [],
            "descriptors": [
                {
                    "name": "Client Characteristic Configuration",
                    "abbreviation": "cli cnfg",
                    "uuid": [
                        "0x02",
                        "0x29"
                    ],
                    "db_size": 2,
                    "description": "Client Characteristic Configuration Descriptor",
                    "properties": [
                        "Read",
                        "Write"
                    ],
                    "aux_properties": [
                        "Peer Specific"
                    ],
                    "fields": [
                        {
                            "name": "cli cnfg",
                            "description": "Client Characteristic Configuration",
                            "format": "uint16_t"
                        }
                    ]
                }
            ]
        },
        {
            "name": "Stair Climber Data",
            "abbreviation": "stair climber data",
            "description": "The Stair Climber Data characteristic is used to send training-related data to the Client from a stair climber (Server).",
            "uuid": [
                "0xD0",
                "0x2A"
            ],
            "db_size": 23,
            "fields": [
                {
                    "name": "Flags",
                    "description": "Flags",
                    "format": "struct",
                    "fields": [
                        {
                            "name": "Is More Data",
                            "description": "More Data",
                            "format": "bool"
                        },
                        {
                            "name": "Is Step per Minute  present",
                            "description": "Step per Minute  present",
                            "format": "bool"
                        },
                        {
                            "name": "Is Average Step Rate Present",
                            "description": "Average Step Rate Present",
                            "format": "bool"
                        },
                        {
                            "name": "Is Positive Elevation Gain present",
                            "description": "Positive Elevation Gain present",
                            "format": "bool"
                        },
                        {
                            "name": "Is Stride Count Present",
                            "description": "Stride Count Present",
                            "format": "bool"
                        },
                        {
                            "name": "Is Expended Energy present",
                            "description": "Expended Energy present",
                            "format": "bool"
                        },
                        {
                            "name": "Is Heart Rate present",
                            "description": "Heart Rate present",
                            "format": "bool"
                        },
                        {
                            "name": "Is Metabolic Equivalent present",
                            "description": "Metabolic Equivalent present",
                            "format": "bool"
                        },
                        {
                            "name": "Is Elapsed Time present",
                            "description": "Elapsed Time present",
                            "format": "bool"
                        },
                        {
                            "name": "Is Remaining Time present",
                            "description": "Remaining Time present",
                            "format": "bool"
                        }
                    ]
                },
                {
                    "name": "Floors",
                    "description": "Floors",
                    "format": "uint16_t"
                },
                {
                    "name": "Step Per Minute",
                    "description": "Step Per Minute",
                    "format": "uint16_t"
                },
                {
                    "name": "Average Step Rate",
                    "description": "Average Step Rate",
                    "format": "uint16_t"
                },
                {
                    "name": "Positive Elevation Gain",
                    "description": "Positive Elevation Gain",
                    "format": "uint16_t"
                },
                {
                    "name": "Stride Count",
                    "description": "Stride Count",
                    "format": "uint16_t"
                },
                {
                    "name": "Total Energy",
                    "description": "Total Energy",
                    "format": "uint16_t"
                },
                {
                    "name": "Energy Per Hour",
                    "description": "Energy Per Hour",
                    "format": "uint16_t"
                },
                {
                    "name": "Energy Per Minute",
                    "description": "Energy Per Minute",
                    "format": "uint8_t"
                },
                {
                    "name": "Heart Rate",
                    "description": "Heart Rate",
                    "format": "uint8_t"
                },
                {
                    "name": "Metabolic Equivalent",
                    "description": "Metabolic Equivalent",
                    "format": "uint8_t"
                },
                {
                    "name": "Elapsed Time",
                    "description": "Elapsed Time",
                    "format": "uint16_t"
                },
                {
                    "name": "Remaining Time",
                    "description": "Remaining Time",
                    "format": "uint16_t"
                }
            ],
            "properties": [
                "Notify"
            ],
            "aux_properties": [],
            "descriptors": [
                {
                    "name": "Client Characteristic Configuration",
                    "abbreviation": "cli cnfg",
                    "uuid": [
                        "0x02",
                        "0x29"
                    ],
                    "db_size": 2,
                    "description": "Client Characteristic Configuration Descriptor",
                    "properties": [
                        "Read",
                        "Write"
                    ],
                    "aux_properties": [
                        "Peer Specific"
                    ],
                    "fields": [
                        {
                            "name": "cli cnfg",
                            "description": "Client Characteristic Configuration",
                            "format": "uint16_t"
                        }
                    ]
                }
            ]
        },
        {
            "name": "Rower Data",
            "abbreviation": "rower data",
            "description": "The Rower Data characteristic is used to send training-related data to the Client from a rower (Server).",
            "uuid": [
                "0xD1",
                "0x2A"
            ],
            "db_size": 30,
            "fields": [
                {
                    "name": "Flags",
                    "description": "Flags",
                    "format": "struct",
                    "fields": [
                        {
                            "name": "Is More Data",
                            "description": "More Data",
                            "format": "bool"
                        },
                        {
                            "name": "Is Average Stroke present",
                            "description": "Average Stroke present",
                            "format": "bool"
                        },
                        {
                            "name": "Is Total Distance Present",
                            "description": "Total Distance Present",
                            "format": "bool"
                        },
                        {
                            "name": "Is Instantaneous Pace present",
                            "description": "Instantaneous Pace present",
                            "format": "bool"
                        },
                        {
                            "name": "Is Average Pace Present",
                            "description": "Average Pace Present",
                            "format": "bool"
                        },
                        {
                            "name": "Is Instantaneous Power present",
                            "description": "Instantaneous Power present",
                            "format": "bool"
                        },
                        {
                            "name": "Is Average Power present",
                            "description": "Average Power present",
                            "format": "bool"
                        },
                        {
                            "name": "Is Resistance Level present",
                            "description": "Resistance Level present",
                            "format": "bool"
                        },
                        {
                            "name": "Is Expended Energy present",
                            "description": "Expended Energy present",
                            "format": "bool"
                        },
                        {
                            "name": "Is Heart Rate present",
                            "description": "Heart Rate present",
                            "format": "bool"
                        },
                        {
                            "name": "Is Metabolic Equivalent present",
                            "description": "Metabolic Equivalent present",
                            "format": "bool"
                        },
                        {
                            "name": "Is Elapsed Time present",
                            "description": "Elapsed Time present",
                            "format": "bool"
                        },
                        {
                            "name": "Is Remaining Time present",
                            "description": "Remaining Time present",
                            "format": "bool"
                        }
                    ]
                },
                {
                    "name": "Stroke Rate",
                    "description": "Stroke Rate",
                    "format": "uint8_t"
                },
                {
                    "name": "Stroke Count",
                    "description": "Stroke Count",
                    "format": "uint16_t"
                },
                {
                    "name": "Average Stroke Rate",
                    "description": "Average Stroke Rate",
                    "format": "uint8_t"
                },
                {
                    "name": "Total Distance",
                    "description": "Total Distance",
                    "format": "uint32_t"
                },
                {
                    "name": "Instantaneous Pace",
                    "description": "Instantaneous Pace",
                    "format": "uint16_t"
                },
                {
                    "name": "Average Pace",
                    "description": "Average Pace",
                    "format": "uint16_t"
                },
                {
                    "name": "Instantaneous Power",
                    "description": "Instantaneous Power",
                    "format": "int16_t"
                },
                {
                    "name": "Average Power",
                    "description": "Average Power",
                    "format": "int16_t"
                },
                {
                    "name": "Resistance Level",
                    "description": "Resistance Level",
                    "format": "int16_t"
                },
                {
                    "name": "Total Energy",
                    "description": "Total Energy",
                    "format": "uint16_t"
                },
                {
                    "name": "Energy Per Hour",
                    "description": "Energy Per Hour",
                    "format": "uint16_t"
                },
                {
                    "name": "Energy Per Minute",
                    "description": "Energy Per Minute",
                    "format": "uint8_t"
                },
                {
                    "name": "Heart Rate",
                    "description": "Heart Rate",
                    "format": "uint8_t"
                },
                {
                    "name": "Metabolic Equivalent",
                    "description": "Metabolic Equivalent",
                    "format": "uint8_t"
                },
                {
                    "name": "Elapsed Time",
                    "description": "Elapsed Time",
                    "format": "uint16_t"
                },
                {
                    "name": "Remaining Time",
                    "description": "Remaining Time",
                    "format": "uint16_t"
                }
            ],
            "properties": [
                "Notify"
            ],
            "aux_properties": [],
            "descriptors": [
                {
                    "name": "Client Characteristic Configuration",
                    "abbreviation": "cli cnfg",
                    "uuid": [
                        "0x02",
                        "0x29"
                    ],
                    "db_size": 2,
                    "description": "Client Characteristic Configuration Descriptor",
                    "properties": [
                        "Read",
                        "Write"
                    ],
                    "aux_properties": [
                        "Peer Specific"
                    ],
                    "fields": [
                        {
                            "name": "cli cnfg",
                            "description": "Client Characteristic Configuration",
                            "format": "uint16_t"
                        }
                    ]
                }
            ]
        },
        {
            "name": "Indoor Bike Data",
            "abbreviation": "indoor bike data",
            "description": "The Indoor Bike Data characteristic is used to send training-related data to the Client from an indoor bike (Server).",
            "uuid": [
                "0xD2",
                "0x2A"
            ],
            "db_size": 30,
            "fields": [
                {
                    "name": "Flags",
                    "description": "Flags",
                    "format": "struct",
                    "fields": [
                        {
                            "name": "Is More Data",
                            "description": "More Data",
                            "format": "bool"
                        },
                        {
                            "name": "Is Average Speed present",
                            "description": "Average Speed present",
                            "format": "bool"
                        },
                        {
                            "name": "Is Instantaneous Cadence present",
                            "description": "Instantaneous Cadence present",
                            "format": "bool"
                        },
                        {
                            "name": "Is Average Candence present",
                            "description": "Average Candence present",
                            "format": "bool"
                        },
                        {
                            "name": "Is Total Distance Present",
                            "description": "Total Distance Present",
                            "format": "bool"
                        },
                        {
                            "name": "Is Resistance Level present",
                            "description": "Resistance Level present",
                            "format": "bool"
                        },
                        {
                            "name": "Is Instantaneous Power present",
                            "description": "Instantaneous Power present",
                            "format": "bool"
                        },
                        {
                            "name": "Is Average Power present",
                            "description": "Average Power present",
                            "format": "bool"
                        },
                        {
                            "name": "Is Expended Energy present",
                            "description": "Expended Energy present",
                            "format": "bool"
                        },
                        {
                            "name": "Is Heart Rate present",
                            "description": "Heart Rate present",
                            "format": "bool"
                        },
                        {
                            "name": "Is Metabolic Equivalent present",
                            "description": "Metabolic Equivalent present",
                            "format": "bool"
                        },
                        {
                            "name": "Is Elapsed Time present",
                            "description": "Elapsed Time present",
                            "format": "bool"
                        },
                        {
                            "name": "Is Remaining Time present",
                            "description": "Remaining Time present",
                            "format": "bool"
                        }
                    ]
                },
                {
                    "name": "Instantaneous Speed",
                    "description": "Instantaneous Speed",
                    "format": "uint16_t"
                },
                {
                    "name": "Average Speed",
                    "description": "Average Speed",
                    "format": "uint16_t"
                },
                {
                    "name": "Instantaneous Cadence",
                    "description": "Instantaneous Cadence",
                    "format": "uint16_t"
                },
                {
                    "name": "Average Cadence",
                    "description": "Average Cadence",
                    "format": "uint16_t"
                },
                {
                    "name": "Total Distance",
                    "description": "Total Distance",
                    "format": "uint32_t"
                },
                {
                    "name": "Resistance Level",
                    "description": "Resistance Level",
                    "format": "int16_t"
                },
                {
                    "name": "Instantaneous Power",
                    "description": "Instantaneous Power",
                    "format": "int16_t"
                },
                {
                    "name": "Average Power",
                    "description": "Average Power",
                    "format": "int16_t"
                },
                {
                    "name": "Total Energy",
                    "description": "Total Energy",
                    "format": "uint16_t"
                },
                {
                    "name": "Energy Per Hour",
                    "description": "Energy Per Hour",
                    "format": "uint16_t"
                },
                {
                    "name": "Energy Per Minute",
                    "description": "Energy Per Minute",
                    "format": "uint8_t"
                },
                {
                    "name": "Heart Rate",
                    "description": "Heart Rate",
                    "format": "uint8_t"
                },
                {
                    "name": "Metabolic Equivalent",
                    "description": "Metabolic Equivalent",
                    "format": "uint8_t"
                },
                {
                    "name": "Elapsed Time",
                    "description": "Elapsed Time",
                    "format": "uint16_t"
                },
                {
                    "name": "Remaining Time",
                    "description": "Remaining Time",
                    "format": "uint16_t"
                }
            ],
            "properties": [
                "Notify"
            ],
            "aux_properties": [],
            "descriptors": [
                {
                    "name": "Client Characteristic Configuration",
                    "abbreviation": "cli cnfg",
                    "uuid": [
                        "0x02",
                        "0x29"
                    ],
                    "db_size": 2,
                    "description": "Client Characteristic Configuration Descriptor",
                    "properties": [
                        "Read",
                        "Write"
                    ],
                    "aux_properties": [
                        "Peer Specific"
                    ],
                    "fields": [
                        {
                            "name": "cli cnfg",
                            "description": "Client Characteristic Configuration",
                            "format": "uint16_t"
                        }
                    ]
                }
            ]
        },
        {
            "name": "Training Status",
            "abbreviation": "training status",
            "description": "The Training Status characteristic is defined in the Fitness Machine Service Specification.",
            "uuid": [
                "0xD3",
                "0x2A"
            ],
            "db_size": 20,
            "fields":             [
                                {
                    "name": "is_training_status_string_present",
                    "abbreviation": "is_training_status_string_present",
                    "description": "Trianing Status String Present boolean value",
                    "format": "bool"
                },
                                {
                    "name": "is_extended_string_present",
                    "abbreviation": "is_extended_string_present",
                    "description": "Extended String Present boolean value",
                    "format": "bool"
                },
                                {
                    "name": "training_status",
                    "abbreviation": "training_status",
                    "description": "Training Status value",
                    "format": "uint8_t"
                },
                                {
                    "name": "string_length",
                    "abbreviation": "string_length",
                    "description": "Training Status String length",
                    "format": "uint16_t"
                },
                                {
                    "name": "training_status_string",
                    "abbreviation": "training_status_string",
                    "description": "Training Status String value",
                    "format": "uint8_t",
                    "length": "100"
                }
            ],
            "properties": [
                "Read",
                "Notify"
            ],
            "aux_properties": [],
            "descriptors": [
                {
                    "name": "Client Characteristic Configuration",
                    "abbreviation": "cli cnfg",
                    "uuid": [
                        "0x02",
                        "0x29"
                    ],
                    "db_size": 2,
                    "description": "Client Characteristic Configuration Descriptor",
                    "properties": [
                        "Read",
                        "Write"
                    ],
                    "aux_properties": [
                        "Peer Specific"
                    ],
                    "fields": [
                        {
                            "name": "cli cnfg",
                            "description": "Client Characteristic Configuration",
                            "format": "uint16_t"
                        }
                    ]
                }
            ]
        },
        {
            "name": "Supported Speed Range",
            "abbreviation": "supported speed range",
            "description": "The Supported Speed Range characteristic is used to send the supported speed range as well as the minimum speed increment supported by the Server.",
            "uuid": [
                "0xD4",
                "0x2A"
            ],
            "db_size": 6,
            "fields": [
                {
                    "name": "Minimum Speed",
                    "description": "Minimum Speed",
                    "format": "uint16_t"
                },
                {
                    "name": "Maximum Speed",
                    "description": "Maximum Speed",
                    "format": "uint16_t"
                },
                {
                    "name": "Minimum Increment",
                    "description": "Minimum Increment",
                    "format": "uint16_t"
                }
            ],
            "properties": [
                "Read"
            ],
            "aux_properties": []
        },
        {
            "name": "Supported Inclination Range",
            "abbreviation": "supported inclination range",
            "description": "The Supported Inclination Range characteristic is used to send the supported inclination range as well as the minimum inclination increment supported by the Server.",
            "uuid": [
                "0xD5",
                "0x2A"
            ],
            "db_size": 6,
            "fields": [
                {
                    "name": "Minimum Inclination",
                    "description": "Minimum Inclination",
                    "format": "int16_t"
                },
                {
                    "name": "Maximum Inclination",
                    "description": "Maximum Inclination",
                    "format": "int16_t"
                },
                {
                    "name": "Minimum Increment",
                    "description": "Minimum Increment",
                    "format": "uint16_t"
                }
            ],
            "properties": [
                "Read"
            ],
            "aux_properties": []
        },
        {
            "name": "Supported Resistance Level Range",
            "abbreviation": "supported resistance level range",
            "description": "The Supported Resistance Level Range characteristic is used to send the supported resistance level range as well as the minimum resistance increment supported by the Server.",
            "uuid": [
                "0xD6",
                "0x2A"
            ],
            "db_size": 6,
            "fields": [
                {
                    "name": "Minimum Resistance Level",
                    "description": "Minimum Resistance Level",
                    "format": "int16_t"
                },
                {
                    "name": "Maximum Resistance Level",
                    "description": "Maximum Resistance Level",
                    "format": "int16_t"
                },
                {
                    "name": "Minimum Increment",
                    "description": "Minimum Increment",
                    "format": "uint16_t"
                }
            ],
            "properties": [
                "Read"
            ],
            "aux_properties": []
        },
        {
            "name": "Supported Power Range",
            "abbreviation": "supported power range",
            "description": "The Supported Power Range characteristic is used to send the supported power range as well as the minimum power increment supported by the Server.",
            "uuid": [
                "0xD8",
                "0x2A"
            ],
            "db_size": 6,
            "fields": [
                {
                    "name": "Minimum Power",
                    "description": "Minimum Power",
                    "format": "int16_t"
                },
                {
                    "name": "Maximum Power",
                    "description": "Maximum Power",
                    "format": "int16_t"
                },
                {
                    "name": "Minimum Increment",
                    "description": "Minimum Increment",
                    "format": "uint16_t"
                }
            ],
            "properties": [
                "Read"
            ],
            "aux_properties": []
        },
        {
            "name": "Supported Heart Rate Range",
            "abbreviation": "supported heart rate range",
            "description": "The Supported Heart Rate Range characteristic is used to send the supported Heart Rate range as well as the minimum Heart Rate increment supported by the Server.",
            "uuid": [
                "0xD7",
                "0x2A"
            ],
            "db_size": 3,
            "fields": [
                {
                    "name": "Minimum Heart Rate",
                    "description": "Minimum Heart Rate",
                    "format": "uint8_t"
                },
                {
                    "name": "Maximum Heart Rate",
                    "description": "Maximum Heart Rate",
                    "format": "uint8_t"
                },
                {
                    "name": "Minimum Increment",
                    "description": "Minimum Increment",
                    "format": "uint8_t"
                }
            ],
            "properties": [
                "Read"
            ],
            "aux_properties": []
        },
        {
            "name": "Fitness Machine Control Point",
            "abbreviation": "fitness machine control point",
            "description": "The Fitness Machine Control Point characteristic is defined in the Fitness Machine Service Specification.",
            "uuid": [
                "0xD9",
                "0x2A"
            ],
            "db_size": 19,
            "fields":             [
                                {
                    "name": "op_code",
                    "abbreviation": "op_code",
                    "description": "Op Code value",
                    "format": "uint8_t"
                },
                                {
                    "name": "target_speed",
                    "abbreviation": "target_speed",
                    "description": "Target Speed value",
                    "format": "uint16_t"
                },
                                {
                    "name": "target_inclination",
                    "abbreviation": "target_inclination",
                    "description": "Target Inclination value",
                    "format": "int16_t"
                },
                                {
                    "name": "target_resistance_level",
                    "abbreviation": "target_resistance_level",
                    "description": "Target Resistance Level value",
                    "format": "uint8_t"
                },
                                {
                    "name": "target_power",
                    "abbreviation": "target_power",
                    "description": "Target Power value",
                    "format": "int16_t"
                },
                                {
                    "name": "target_heart_rate",
                    "abbreviation": "target_heart_rate",
                    "description": "Target Heart Rate value",
                    "format": "uint8_t"
                },
                                {
                    "name": "control_information",
                    "abbreviation": "control_information",
                    "description": "Control Information value",
                    "format": "uint8_t"
                },
                                {
                    "name": "targeted_expended_energy",
                    "abbreviation": "targeted_expended_energy",
                    "description": "Targeted Expended Energy value",
                    "format": "uint16_t"
                },
                                {
                    "name": "targeted_number_of_steps",
                    "abbreviation": "targeted_number_of_steps",
                    "description": "Targeted Number of Steps value",
                    "format": "uint16_t"
                },
                                {
                    "name": "targeted_number_of_strides",
                    "abbreviation": "targeted_number_of_strides",
                    "description": "Targeted Number of Strides value",
                    "format": "uint16_t"
                },
                                {
                    "name": "targeted_distance",
                    "abbreviation": "targeted_distance",
                    "description": "Targeted Distance value",
                    "format": "uint32_t"
                },
                                {
                    "name": "targeted_training_time",
                    "abbreviation": "targeted_training_time",
                    "description": "Targeted Training Time value",
                    "format": "uint16_t"
                },
                                {
                    "name": "targeted_time_in_fat_burn_zone",
                    "abbreviation": "targeted_time_in_fat_burn_zone",
                    "description": "Targeted Time in Fat Burn Zone value",
                    "format": "uint16_t"
                },
                                {
                    "name": "targeted_time_in_fitness_zone",
                    "abbreviation": "targeted_time_in_fitness_zone",
                    "description": "Targeted Time in Fitness Zone value",
                    "format": "uint16_t"
                },
                                {
                    "name": "targeted_time_in_light_zone",
                    "abbreviation": "targeted_time_in_light_zone",
                    "description": "Targeted Time in Light Zone value",
                    "format": "uint16_t"
                },
                                {
                    "name": "targeted_time_in_moderate_zone",
                    "abbreviation": "targeted_time_in_moderate_zone",
                    "description": "Targeted Time in Moderate Zone value",
                    "format": "uint16_t"
                },
                                {
                    "name": "targeted_time_in_hard_zone",
                    "abbreviation": "targeted_time_in_hard_zone",
                    "description": "Targeted Time in Hard Zone value",
                    "format": "uint16_t"
                },
                                {
                    "name": "five_zone_time_in_very_light_zone",
                    "abbreviation": "five_zone_time_in_very_light_zone",
                    "description": "Five Zone Time in Very Light Zone value",
                    "format": "uint16_t"
                },
                                {
                    "name": "five_zone_time_in_light_zone",
                    "abbreviation": "five_zone_time_in_light_zone",
                    "description": "Five Zone Time in Light Zone value",
                    "format": "uint16_t"
                },
                                {
                    "name": "five_zone_time_in_moderate_zone",
                    "abbreviation": "five_zone_time_in_moderate_zone",
                    "description": "Five Zone Time in Moderate Zone value",
                    "format": "uint16_t"
                },
                                {
                    "name": "five_zone_time_in_hard_zone",
                    "abbreviation": "five_zone_time_in_hard_zone",
                    "description": "Five Zone Time in Hard Zone value",
                    "format": "uint16_t"
                },
                                {
                    "name": "five_zone_time_in_maximum_zone",
                    "abbreviation": "five_zone_time_in_maximum_zone",
                    "description": "Five Zone Time in Maximum Zone value",
                    "format": "uint16_t"
                },
                                {
                    "name": "wind_speed",
                    "abbreviation": "wind_speed",
                    "description": "Wind Speed value",
                    "format": "int16_t"
                },
                                {
                    "name": "grade",
                    "abbreviation": "grade",
                    "description": "Grade value",
                    "format": "int16_t"
                },
                                {
                    "name": "coefficient_of_rolling_resistance",
                    "abbreviation": "coefficient_of_rolling_resistance",
                    "description": "Coefficient of Rolling Resistance value",
                    "format": "uint8_t"
                },
                                {
                    "name": "wind_resistance_coefficient",
                    "abbreviation": "wind_resistance_coefficient",
                    "description": "Wind Resistance Coefficient value",
                    "format": "uint8_t"
                },
                                {
                    "name": "wheel_circumference",
                    "abbreviation": "wheel_circumference",
                    "description": "Wheel Circumference value",
                    "format": "uint16_t"
                },
                                {
                    "name": "control_parameter",
                    "abbreviation": "control_parameter",
                    "description": "Control Parameter value",
                    "format": "uint8_t"
                },
                                {
                    "name": "targeted_cadence",
                    "abbreviation": "targeted_cadence",
                    "description": "Targeted Cadence value",
                    "format": "uint16_t"
                },
                                {
                    "name": "response_code",
                    "abbreviation": "response_code",
                    "description": "Response Code value",
                    "format": "uint8_t"
                },
                                {
                    "name": "request_op_code",
                    "abbreviation": "request_op_code",
                    "description": "Request Op Code value",
                    "format": "uint8_t"
                },
                                {
                    "name": "result_code",
                    "abbreviation": "result_code",
                    "description": "Result Code value",
                    "format": "uint8_t"
                },
                                {
                    "name": "target_speed_low",
                    "abbreviation": "target_speed_low",
                    "description": "Target Speed Low value",
                    "format": "uint16_t"
                },
                                {
                    "name": "target_speed_high",
                    "abbreviation": "target_speed_high",
                    "description": "Target Speed High value",
                    "format": "uint16_t"
                }
            ],
            "properties": [
                "Write",
                "Indicate"
            ],
            "aux_properties": [],
            "descriptors": [
                {
                    "name": "Client Characteristic Configuration",
                    "abbreviation": "cli cnfg",
                    "uuid": [
                        "0x02",
                        "0x29"
                    ],
                    "db_size": 2,
                    "description": "Client Characteristic Configuration Descriptor",
                    "properties": [
                        "Read",
                        "Write"
                    ],
                    "aux_properties": [
                        "Peer Specific"
                    ],
                    "fields": [
                        {
                            "name": "cli cnfg",
                            "description": "Client Characteristic Configuration",
                            "format": "uint16_t"
                        }
                    ]
                }
            ]
        },
        {
            "name": "Fitness Machine Status",
            "abbreviation": "fitness machine status",
            "description": "The Fitness Machine Status characteristic is defined in the Fitness Machine Service Specification.",
            "uuid": [
                "0xDA",
                "0x2A"
            ],
            "db_size": 20,
            "fields":             [
                                {
                    "name": "op_code",
                    "abbreviation": "op_code",
                    "description": "Op Code value",
                    "format": "uint8_t"
                },
                                {
                    "name": "control_information",
                    "abbreviation": "control_information",
                    "description": "Control Information value",
                    "format": "uint8_t"
                },
                                {
                    "name": "new_target_speed",
                    "abbreviation": "new_target_speed",
                    "description": "New Target Speed value",
                    "format": "uint16_t"
                },
                                {
                    "name": "new_target_inclination",
                    "abbreviation": "new_target_inclination",
                    "description": "New Target Inclination value",
                    "format": "int16_t"
                },
                                {
                    "name": "new_target_resistance_level",
                    "abbreviation": "new_target_resistance_level",
                    "description": "New Target Resistance Level value",
                    "format": "uint8_t"
                },
                                {
                    "name": "new_target_power",
                    "abbreviation": "new_target_power",
                    "description": "New Target Power value",
                    "format": "int16_t"
                },
                                {
                    "name": "new_target_heart_rate",
                    "abbreviation": "new_target_heart_rate",
                    "description": "New Target Heart Rate value",
                    "format": "uint8_t"
                },
                                {
                    "name": "new_targeted_expended_energy",
                    "abbreviation": "new_targeted_expended_energy",
                    "description": "New Targeted Expended Energy value",
                    "format": "uint16_t"
                },
                                {
                    "name": "new_targeted_number_of_steps",
                    "abbreviation": "new_targeted_number_of_steps",
                    "description": "New Targeted Number of Steps value",
                    "format": "uint16_t"
                },
                                {
                    "name": "new_targeted_number_of_strides",
                    "abbreviation": "new_targeted_number_of_strides",
                    "description": "New Targeted Number of Strides value",
                    "format": "uint16_t"
                },
                                {
                    "name": "new_targeted_distance",
                    "abbreviation": "new_targeted_distance",
                    "description": "New Targeted Distance value",
                    "format": "uint32_t"
                },
                                {
                    "name": "new_targeted_training_time",
                    "abbreviation": "new_targeted_training_time",
                    "description": "New Targeted Training Time value",
                    "format": "uint16_t"
                },
                                {
                    "name": "new_targeted_time_in_fat_burn_zone",
                    "abbreviation": "new_targeted_time_in_fat_burn_zone",
                    "description": "New Targeted Time in Fat Burn Zone value",
                    "format": "uint16_t"
                },
                                {
                    "name": "new_targeted_time_in_fitness_zone",
                    "abbreviation": "new_targeted_time_in_fitness_zone",
                    "description": "New Targeted Time in Fitness Zone value",
                    "format": "uint16_t"
                },
                                {
                    "name": "new_targeted_time_in_light_zone",
                    "abbreviation": "new_targeted_time_in_light_zone",
                    "description": "New Targeted Time in Light Zone value",
                    "format": "uint16_t"
                },
                                {
                    "name": "new_targeted_time_in_moderate_zone",
                    "abbreviation": "new_targeted_time_in_moderate_zone",
                    "description": "New Targeted Time in Moderate Zone value",
                    "format": "uint16_t"
                },
                                {
                    "name": "new_targeted_time_in_hard_zone",
                    "abbreviation": "new_targeted_time_in_hard_zone",
                    "description": "New Targeted Time in Hard Zone value",
                    "format": "uint16_t"
                },
                                {
                    "name": "new_five_zone_time_in_very_light_zone",
                    "abbreviation": "new_five_zone_time_in_very_light_zone",
                    "description": "New Five Zone Time in Very Light Zone value",
                    "format": "uint16_t"
                },
                                {
                    "name": "new_five_zone_time_in_light_zone",
                    "abbreviation": "new_five_zone_time_in_light_zone",
                    "description": "New Five Zone Time in Light Zone value",
                    "format": "uint16_t"
                },
                                {
                    "name": "new_five_zone_time_in_moderate_zone",
                    "abbreviation": "new_five_zone_time_in_moderate_zone",
                    "description": "New Five Zone Time in Moderate Zone value",
                    "format": "uint16_t"
                },
                                {
                    "name": "new_five_zone_time_in_hard_zone",
                    "abbreviation": "new_five_zone_time_in_hard_zone",
                    "description": "New Five Zone Time in Hard Zone value",
                    "format": "uint16_t"
                },
                                {
                    "name": "new_five_zone_time_in_maximum_zone",
                    "abbreviation": "new_five_zone_time_in_maximum_zone",
                    "description": "New Five Zone Time in Maximum Zone value",
                    "format": "uint16_t"
                },
                                {
                    "name": "new_wind_speed",
                    "abbreviation": "new_wind_speed",
                    "description": "New Wind Speed value",
                    "format": "int16_t"
                },
                                {
                    "name": "new_grade",
                    "abbreviation": "new_grade",
                    "description": "New Grade value",
                    "format": "int16_t"
                },
                                {
                    "name": "new_coefficient_of_rolling_resistance",
                    "abbreviation": "new_coefficient_of_rolling_resistance",
                    "description": "New Coefficient of Rolling Resistance value",
                    "format": "uint8_t"
                },
                                {
                    "name": "new_wind_resistance_coefficient",
                    "abbreviation": "new_wind_resistance_coefficient",
                    "description": "New Wind Resistance Coefficient value",
                    "format": "uint8_t"
                },
                                {
                    "name": "new_wheel_circumference",
                    "abbreviation": "new_wheel_circumference",
                    "description": "New Wheel Circumference value",
                    "format": "uint16_t"
                },
                                {
                    "name": "spin_down_status",
                    "abbreviation": "spin_down_status",
                    "description": "Spin Down Status value",
                    "format": "uint8_t"
                },
                                {
                    "name": "new_targeted_cadence",
                    "abbreviation": "new_targeted_cadence",
                    "description": "New Targeted Cadence value",
                    "format": "uint16_t"
                }
            ],
            "properties": [
                "Notify"
            ],
            "aux_properties": [],
            "descriptors": [
                {
                    "name": "Client Characteristic Configuration",
                    "abbreviation": "cli cnfg",
                    "uuid": [
                        "0x02",
                        "0x29"
                    ],
                    "db_size": 2,
                    "description": "Client Characteristic Configuration Descriptor",
                    "properties": [
                        "Read",
                        "Write"
                    ],
                    "aux_properties": [
                        "Peer Specific"
                    ],
                    "fields": [
                        {
                            "name": "cli cnfg",
                            "description": "Client Characteristic Configuration",
                            "format": "uint16_t"
                        }
                    ]
                }
            ]
        }
    ]
}
