{
    "name": "GAP Service",
    "abbreviation": "gap",
    "description": "The generic_access service contains generic information about the device.",
    "uuid": [
        "0x00",
        "0x18"
    ],
    "aux_properties": [
        "None"
    ],
    "error_codes": [],
    "characteristics": [
        {
            "name": "Device Name",
            "abbreviation": "dev name",
            "description": "The Device Name characteristic shall contain the name of the device.",
            "uuid": [
                "0x00",
                "0x2A"
            ],
            "db_size": 128,
            "fields": [
                {
                    "name": "Name",
                    "description": "Name",
                    "format": "uint8_t",
                    "length": "variable"
                }
            ],
            "properties": [
                "Read",
                "Write"
            ],
            "aux_properties": []
        },
        {
            "name": "Appearance",
            "abbreviation": "appearance",
            "description": "The Appearance characteristic defines the representation of the external appearance of the device.",
            "uuid": [
                "0x01",
                "0x2A"
            ],
            "db_size": 2,
            "fields": [
                {
                    "name": "Category",
                    "description": "Category",
                    "format": "uint16_t",
                    "enumerations": [
                        {
                            "key": 0,
                            "value": "Unknown",
                            "description": "Unknown"
                        },
                        {
                            "key": 64,
                            "value": "Generic Phone",
                            "description": "Generic Phone"
                        },
                        {
                            "key": 128,
                            "value": "Generic Computer",
                            "description": "Generic Computer"
                        },
                        {
                            "key": 192,
                            "value": "Generic Watch",
                            "description": "Generic Watch"
                        },
                        {
                            "key": 193,
                            "value": "Watch Sports Watch",
                            "description": "Watch: Sports Watch"
                        },
                        {
                            "key": 256,
                            "value": "Generic Clock",
                            "description": "Generic Clock"
                        },
                        {
                            "key": 320,
                            "value": "Generic Display",
                            "description": "Generic Display"
                        },
                        {
                            "key": 384,
                            "value": "Generic Remote Control",
                            "description": "Generic Remote Control"
                        },
                        {
                            "key": 448,
                            "value": "Generic Eye-glasses",
                            "description": "Generic Eye-glasses"
                        },
                        {
                            "key": 512,
                            "value": "Generic Tag",
                            "description": "Generic Tag"
                        },
                        {
                            "key": 576,
                            "value": "Generic Keyring",
                            "description": "Generic Keyring"
                        },
                        {
                            "key": 640,
                            "value": "Generic Media Player",
                            "description": "Generic Media Player"
                        },
                        {
                            "key": 704,
                            "value": "Generic Barcode Scanner",
                            "description": "Generic Barcode Scanner"
                        },
                        {
                            "key": 768,
                            "value": "Generic Thermometer",
                            "description": "Generic Thermometer"
                        },
                        {
                            "key": 769,
                            "value": "Thermometer Ear",
                            "description": "Thermometer Ear"
                        },
                        {
                            "key": 832,
                            "value": "Generic Heart rate Sensor",
                            "description": "Generic Heart rate Sensor"
                        },
                        {
                            "key": 833,
                            "value": "Heart Rate Sensor Heart Rate Belt",
                            "description": "Heart Rate Sensor Heart Rate Belt"
                        },
                        {
                            "key": 896,
                            "value": "Generic Blood Pressure",
                            "description": "Generic Blood Pressure"
                        },
                        {
                            "key": 897,
                            "value": "Blood Pressure Arm",
                            "description": "Blood Pressure: Arm"
                        },
                        {
                            "key": 898,
                            "value": "Blood Pressure Wrist",
                            "description": "Blood Pressure: Wrist"
                        },
                        {
                            "key": 960,
                            "value": "Human Interface Device",
                            "description": "Human Interface Device (HID)"
                        },
                        {
                            "key": 961,
                            "value": "Keyboard",
                            "description": "Keyboard"
                        },
                        {
                            "key": 962,
                            "value": "Mouse",
                            "description": "Mouse"
                        },
                        {
                            "key": 963,
                            "value": "Joystick",
                            "description": "Joystick"
                        },
                        {
                            "key": 964,
                            "value": "Gamepad",
                            "description": "Gamepad"
                        },
                        {
                            "key": 965,
                            "value": "Digitizer Tablet",
                            "description": "Digitizer Tablet"
                        },
                        {
                            "key": 966,
                            "value": "Card Reader",
                            "description": "Card Reader"
                        },
                        {
                            "key": 967,
                            "value": "Digital Pen",
                            "description": "Digital Pen"
                        },
                        {
                            "key": 968,
                            "value": "Barcode Scanner",
                            "description": "Barcode Scanner"
                        },
                        {
                            "key": 1024,
                            "value": "Generic Glucose Meter",
                            "description": "Generic Glucose Meter"
                        },
                        {
                            "key": 1088,
                            "value": "Generic Running Walking Sensor",
                            "description": "Generic: Running Walking Sensor"
                        },
                        {
                            "key": 1089,
                            "value": "Running Walking Sensor In Shoe",
                            "description": "Running Walking Sensor: In-Shoe"
                        },
                        {
                            "key": 1090,
                            "value": "Running Walking Sensor On Shoe",
                            "description": "Running Walking Sensor: On-Shoe"
                        },
                        {
                            "key": 1091,
                            "value": "Running Walking Sensor On Hip",
                            "description": "Running Walking Sensor: On-Hip"
                        },
                        {
                            "key": 1152,
                            "value": "Generic: Cycling",
                            "description": "Generic Cycling"
                        },
                        {
                            "key": 1153,
                            "value": "Cycling Cycling Computer",
                            "description": "Cycling Cycling Computer"
                        },
                        {
                            "key": 1154,
                            "value": "Cycling Speed Sensor",
                            "description": "Cycling Speed Sensor"
                        },
                        {
                            "key": 1155,
                            "value": "Cycling Cadence Sensor",
                            "description": "Cycling Cadence Sensor"
                        },
                        {
                            "key": 1156,
                            "value": "Cycling Power Sensor",
                            "description": "Cycling: Power Sensor"
                        },
                        {
                            "key": 1157,
                            "value": "Cycling Speed and Cadence Sensor",
                            "description": "Cycling Speed and Cadence Sensor"
                        },
                        {
                            "key": 3136,
                            "value": "Generic Pulse Oximeter",
                            "description": "Generic Pulse Oximeter"
                        },
                        {
                            "key": 3137,
                            "value": "Fingertip",
                            "description": "Fingertip"
                        },
                        {
                            "key": 3138,
                            "value": "Wrist Worn",
                            "description": "Wrist Worn"
                        },
                        {
                            "key": 3200,
                            "value": "Generic: Weight Scale",
                            "description": "Generic Weight Scale"
                        },
                        {
                            "key": 5184,
                            "value": "Generic Outdoor Sports Activity",
                            "description": "Generic Outdoor Sports Activity"
                        },
                        {
                            "key": 5185,
                            "value": "Location Display Device",
                            "description": "Location Display Device"
                        },
                        {
                            "key": 5186,
                            "value": "Location and Navigation Display Device",
                            "description": "Location and Navigation Display Device"
                        },
                        {
                            "key": 5187,
                            "value": "Location Pod",
                            "description": "Location Pod"
                        },
                        {
                            "key": 5188,
                            "value": "Location and Navigation Pod",
                            "description": "Location and Navigation Pod"
                        }
                    ]
                }
            ],
            "properties": [
                "Read"
            ],
            "aux_properties": []
        },
        {
            "name": "Peripheral Preferred Connection Parameters",
            "abbreviation": "per pref conn param",
            "description": "The Peripheral Preferred Connection Parameters (PPCP) characteristic contains the preferred connection parameters of the Peripheral",
            "uuid": [
                "0x04",
                "0x2A"
            ],
            "db_size": 8,
            "fields": [
                {
                    "name": "Minimum Connection Interval",
                    "description": "Minimum Connection Interval",
                    "format": "uint16_t"
                },
                {
                    "name": "Maximum Connection Interval",
                    "description": "Maximum Connection Interval",
                    "format": "uint16_t"
                },
                {
                    "name": "Slave Latency",
                    "description": "Slave Latency",
                    "format": "uint16_t"
                },
                {
                    "name": "Connection Supervision Timeout Multiplier",
                    "description": "Connection Supervision Timeout Multiplier",
                    "format": "uint16_t"
                }
            ],
            "properties": [
                "Read"
            ],
            "aux_properties": []
        },
        {
            "name": "Central Address Resolution",
            "abbreviation": "cent addr rslv",
            "description": "The Peripheral should check if the peer device supports address resolution by reading the Central Address Resolution characteristic.",
            "uuid": [
                "0xA6",
                "0x2A"
            ],
            "db_size": 1,
            "fields": [
                {
                    "name": "Central Address Resolution Support",
                    "description": "Central Address Resolution Support",
                    "format": "uint8_t"
                }
            ],
            "properties": [
                "Read"
            ],
            "aux_properties": []
        },
        {
            "name": "Resolvable Private Address Only",
            "abbreviation": "rslv priv addr only",
            "description": "The device should check if the peer will only use Resolvable Private Addresses (RPAs) after bonding by reading the Resolvable Private Address Only characteristic.",
            "uuid": [
                "0xC9",
                "0x2A"
            ],
            "db_size": 1,
            "fields": [
                {
                    "name": "Resolvable Private Address Only",
                    "description": "Resolvable Private Address Only",
                    "format": "uint8_t"
                }
            ],
            "properties": [
                "Read"
            ],
            "aux_properties": []
        }
    ]
}
