{
    "name": "GATT Service",
    "abbreviation": "gat",
    "description": "The Generic Attribute Service contains generic information of the GATT attributes.",
    "uuid": [
        "0x01",
        "0x18"
    ],
    "aux_properties": [
        "None"
    ],
    "error_codes": [],
    "characteristics": [
        {
            "name": "Service Changed",
            "abbreviation": "serv chged",
            "description": "The Service Changed characteristic is a control-point attribute that shall be used to indicate to connected devices that services have changed.",
            "uuid": [
                "0x05",
                "0x2A"
            ],
            "db_size": 4,
            "fields": [
                {
                    "name": "start_hdl",
                    "description": "Start of Affected Attribute Handle Range",
                    "format": "uint16_t"
                },
                {
                    "name": "end_hdl",
                    "description": "End of Affected Attribute Handle Range",
                    "format": "uint16_t"
                }
            ],
            "properties": [
                "Indicate"
            ],
            "aux_properties": [],
            "descriptors": [
                {
                    "name": "Client Characteristic Configuration",
                    "abbreviation": "cli cnfg",
                    "uuid": [
                        "0x02",
                        "0x29"
                    ],
                    "db_size": 2,
                    "description": "Client Characteristic Configuration Descriptor",
                    "properties": [
                        "Read",
                        "Write"
                    ],
                    "aux_properties": [
                        "Peer Specific"
                    ],
                    "fields": [
                        {
                            "name": "cli cnfg",
                            "description": "Client Characteristic Configuration",
                            "format": "uint16_t"
                        }
                    ]
                }
            ]
        }
    ]
}
