{
    "name": "Glucose Service",
    "abbreviation": "gl",
    "description": "This service exposes glucose and other data from a glucose sensor for use in consumer and professional healthcare applications.",
    "uuid": [
        "0x08",
        "0x18"
    ],
    "aux_properties": [
        "None"
    ],
    "error_codes": [
        {
            "name": "Procedure Already in Progress",
            "code": "0x80",
            "description": "A Record Access Control Point request cannot be serviced because a previously triggered RACP operation is still in progress"
        },
        {
            "name": "Cli Cnfg improperly configured",
            "code": "0x81",
            "description": "The Client Characteristic Configuration descriptor is not configured according to the requirements of the service."
        }
    ],
    "characteristics": [
        {
            "name": "Glucose Measurement",
            "abbreviation": "meas",
            "description": "This characteristic shall be used to send glucose measurements.",
            "uuid": [
                "0x18",
                 "0x2A"
            ],
            "db_size": 19,
            "fields": [
                {
                    "name": "Flags",
                    "description": "Flags",
                    "format": "struct",
                    "fields": [
                        {
                            "name": "Is Time Offset Present",
                            "description": "Time Offset Present",
                            "format": "bool"
                        },
                        {
                            "name": "Is Glucose Concentration Type and Sample Location Present",
                            "description": "Glucose Concentration,Type and Sample Location Present",
                            "format": "bool"
                        },
                        {
                            "name": "Is Glucose Concentration Units mol per Liter",
                            "description": "Glucose Concentration Units (mol/L)",
                            "format": "bool"
                        },
                        {
                            "name": "Is Sensor Status Annunciation Present",
                            "description": "Sensor Status Annunciation Present",
                            "format": "bool"
                        },
                        {
                            "name": "Is Context Information Follows",
                            "description": "Context Information Follows",
                            "format": "bool"
                        }
                    ]
                },
                {
                    "name": "Sequence Number",
                    "description": "Sequence Number",
                    "format": "uint16_t"
                },
                {
                    "name": "Base Time",
                    "description": "Base Time",
                    "format": "st_ble_date_time_t"
                },
                {
                    "name": "Time Offset",
                    "description": "Time Offset",
                    "format": "int16_t"
                },
                {
                    "name": "Glucose Concentration",
                    "description": "Glucose Concentration - units is kg/L or mol/L",
                    "format": "st_ble_ieee11073_sfloat_t"
                },
                {
                    "name": "Type",
                    "description": "Type",
                    "format": "uint8_t",
                    "enumerations": [
                        {
                            "key": 1,
                            "value": "Capillary Whole blood",
                            "description": "Capillary Whole blood"
                        },
                        {
                            "key": 2,
                            "value": "Capillary Plasma",
                            "description": "Capillary Plasma"
                        },
                        {
                            "key": 3,
                            "value": "Venous Whole blood",
                            "description": "Venous Whole blood"
                        },
                        {
                            "key": 4,
                            "value": "Venous Plasma",
                            "description": "Venous Plasma"
                        },
                        {
                            "key": 5,
                            "value": "Arterial Whole blood",
                            "description": "Arterial Whole blood"
                        },
                        {
                            "key": 6,
                            "value": "Arterial Plasma",
                            "description": "Arterial Plasma"
                        },
                        {
                            "key": 7,
                            "value": "Undetermined Whole blood",
                            "description": "Undetermined Whole blood"
                        },
                        {
                            "key": 8,
                            "value": "Undetermined Plasma",
                            "description": "Undetermined Plasma"
                        },
                        {
                            "key": 9,
                            "value": "Interstitial Fluid",
                            "description": "Interstitial Fluid (ISF)"
                        },
                        {
                            "key": 10,
                            "value": "Control Solution",
                            "description": "Control Solution"
                        }
                    ]
                },
                {
                    "name": "Sample Location",
                    "description": "Sample Location",
                    "format": "uint8_t",
                    "enumerations": [
                        {
                            "key": 1,
                            "value": "Finger",
                            "description": "Finger"
                        },
                        {
                            "key": 2,
                            "value": "Alternate Site Test",
                            "description": "Alternate Site Test"
                        },
                        {
                            "key": 3,
                            "value": "Earlobe",
                            "description": "Earlobe"
                        },
                        {
                            "key": 4,
                            "value": "Control solution",
                            "description": "Control solution"
                        },
                        {
                            "key": 15,
                            "value": "Sample Location value not available",
                            "description": "Sample Location value not available"
                        }
                    ]
                },
                {
                    "name": "Sensor Status Annunciation",
                    "description": "Sensor Status Annunciation",
                    "format": "struct",
                    "fields": [
                        {
                            "name": "Is Device battery low at time of measurement",
                            "description": "Device battery low at time of measurement",
                            "format": "bool"
                        },
                        {
                            "name": "Is Sensor malfunction or faulting at time of measurement",
                            "description": "Sensor malfunction or faulting at time of measurement",
                            "format": "bool"
                        },
                        {
                            "name": "Is Sample size for blood or control solution insufficient at time of measurement",
                            "description": "Sample size for blood or control solution insufficient at time of measurement",
                            "format": "bool"
                        },
                        {
                            "name": "Is Strip insertion error",
                            "description": "Strip insertion error",
                            "format": "bool"
                        },
                        {
                            "name": "Is Strip type incorrect for device",
                            "description": "Strip type incorrect for device",
                            "format": "bool"
                        },
                        {
                            "name": "Is Sensor result higher than the device can process",
                            "description": "Sensor result higher than the device can process",
                            "format": "bool"
                        },
                        {
                            "name": "Is Sensor result lower than the device can process",
                            "description": "Sensor result lower than the device can process",
                            "format": "bool"
                        },
                        {
                            "name": "Is Sensor temperature too high for valid test/result at time of measurement",
                            "description": "Sensor temperature too high for valid test/result at time of measurement",
                            "format": "bool"
                        },
                        {
                            "name": "Is Sensor temperature too low for valid test/result at time of measurement",
                            "description": "Sensor temperature too low for valid test/result at time of measurement",
                            "format": "bool"
                        },
                        {
                            "name": "Is Sensor read interrupted because strip was pulled too soon at time of measurement",
                            "description": "Sensor read interrupted because strip was pulled too soon at time of measurement",
                            "format": "bool"
                        },
                        {
                            "name": "Is General device fault has occurred in the sensor",
                            "description": "General device fault has occurred in the sensor",
                            "format": "bool"
                        },
                        {
                            "name": "Is Time fault has occurred in the sensor and time may be inaccurate",
                            "description": "Time fault has occurred in the sensor and time may be inaccurate",
                            "format": "bool"
                        }
                    ]
                }
            ],
            "properties": [
                "Notify"
            ],
            "aux_properties": [],
            "descriptors": [
                {
                    "name": "Client Characteristic Configuration",
                    "abbreviation": "cli cnfg",
                    "uuid": [
                        "0x02",
                        "0x29"
                     ],
                    "db_size": 2,
                    "description": "Client Characteristic Configuration Descriptor",
                    "properties": [
                        "Read",
                        "Write"
                    ],
                    "aux_properties": [
                        "Peer Specific"
                    ],
                    "fields": [
                        {
                            "name": "cli cnfg",
                            "description": "Client Characteristic Configuration",
                            "format": "uint16_t"
                        }
                    ]
                }
            ]
        },
        {
            "name": "Glucose Measurement Context",
            "abbreviation": "meas context",
            "description": "This characteristic may be used to send additional contextual information relative to a Glucose Measurement characteristic.",
            "uuid": [
                "0x34",
                "0x2A"
            ],
            "db_size": 19,
            "fields": [
                {
                    "name": "Flags",
                    "description": "Flags",
                    "format": "struct",
                    "fields": [
                        {
                            "name": "Is Carbohydrate ID And Carbohydrate Present",
                            "description": "Carbohydrate ID And Carbohydrate Present",
                            "format": "bool"
                        },
                        {
                            "name": "Is Meal Present",
                            "description": "Meal Present",
                            "format": "bool"
                        },
                        {
                            "name": "Is Tester-Health Present",
                            "description": "Tester-Health Present",
                            "format": "bool"
                        },
                        {
                            "name": "Is Exercise Duration And Exercise Intensity Present",
                            "description": "Exercise Duration And Exercise Intensity Present",
                            "format": "bool"
                        },
                        {
                            "name": "Is Medication ID And Medication Present",
                            "description": "Medication ID And Medication Present",
                            "format": "bool"
                        },
                        {
                            "name": "Is Medication Value Units Liters",
                            "description": "Medication Value Units (liters)",
                            "format": "bool"
                        },
                        {
                            "name": "Is HbA1c Present",
                            "description": "HbA1c Present",
                            "format": "bool"
                        },
                        {
                            "name": "Is Extended Flags Present",
                            "description": "Extended Flags Present",
                            "format": "bool"
                        }
                    ]
                },
                {
                    "name": "Sequence Number",
                    "description": "Sequence Number",
                    "format": "uint16_t"
                },
                {
                    "name": "Extended Flags",
                    "description": "Extended Flags",
                    "format": "uint8_t"
                },
                {
                    "name": "Carbohydrate ID",
                    "description": "Carbohydrate ID",
                    "format": "uint8_t",
                    "enumerations": [
                        {
                            "key": 1,
                            "value": "Breakfast",
                            "description": "Breakfast"
                        },
                        {
                            "key": 2,
                            "value": "Lunch",
                            "description": "Lunch"
                        },
                        {
                            "key": 3,
                            "value": "Dinner",
                            "description": "Dinner"
                        },
                        {
                            "key": 4,
                            "value": "Snack",
                            "description": "Snack"
                        },
                        {
                            "key": 5,
                            "value": "Drink",
                            "description": "Drink"
                        },
                        {
                            "key": 6,
                            "value": "Supper",
                            "description": "Supper"
                        },
                        {
                            "key": 7,
                            "value": "Brunch",
                            "description": "Brunch"
                        }
                    ]
                },
                {
                    "name": "Carbohydrate",
                    "description": "Carbohydrate - units of kilograms",
                    "format": "st_ble_ieee11073_sfloat_t"
                },
                {
                    "name": "Meal",
                    "description": "Meal",
                    "format": "uint8_t",
                    "enumerations": [
                        {
                            "key": 1,
                            "value": "Preprandial Before Meal",
                            "description": "Preprandial (before meal)"
                        },
                        {
                            "key": 2,
                            "value": "Postprandial After Meal",
                            "description": "Postprandial (after meal)"
                        },
                        {
                            "key": 3,
                            "value": "Fasting",
                            "description": "Fasting"
                        },
                        {
                            "key": 4,
                            "value": "Casual",
                            "description": "Casual (snacks,drinks,etc.)"
                        },
                        {
                            "key": 5,
                            "value": "Bedtime",
                            "description": "Bedtime"
                        }
                    ]
                },
                {
                    "name": "Tester",
                    "description": "Tester",
                    "format": "uint8_t",
                    "enumerations": [
                        {
                            "key": 1,
                            "value": "Self",
                            "description": "Self"
                        },
                        {
                            "key": 2,
                            "value": "Health Care Professional",
                            "description": "Health Care Professional"
                        },
                        {
                            "key": 3,
                            "value": "Lab test",
                            "description": "Lab test"
                        },
                        {
                            "key": 15,
                            "value": "Tester value not available",
                            "description": "Tester value not available"
                        }
                    ]
                },
                {
                    "name": "Health",
                    "description": "Health",
                    "format": "uint8_t",
                    "enumerations": [
                        {
                            "key": 1,
                            "value": "Minor health issues",
                            "description": "Minor health issues"
                        },
                        {
                            "key": 2,
                            "value": "Major health issues",
                            "description": "Major health issues"
                        },
                        {
                            "key": 3,
                            "value": "During menses",
                            "description": "During menses"
                        },
                        {
                            "key": 4,
                            "value": "Under stress",
                            "description": "Under stress"
                        },
                        {
                            "key": 5,
                            "value": "No health issues",
                            "description": "No health issues"
                        },
                        {
                            "key": 15,
                            "value": "Health value not available",
                            "description": "Health value not available"
                        }
                    ]
                },
                {
                    "name": "Exercise Duration",
                    "description": "Exercise Duration",
                    "format": "uint16_t",
                    "enumerations": [
                        {
                            "key": 65535,
                            "value": "Overrun",
                            "description": "Overrun"
                        }
                    ]
                },
                {
                    "name": "Exercise Intensity",
                    "description": "Exercise Intensity",
                    "format": "uint8_t"
                },
                {
                    "name": "Medication ID",
                    "description": "Medication ID",
                    "format": "uint8_t",
                    "enumerations": [
                        {
                            "key": 1,
                            "value": "Rapid acting insulin",
                            "description": "Rapid acting insulin"
                        },
                        {
                            "key": 2,
                            "value": "Short acting insulin",
                            "description": "Short acting insulin"
                        },
                        {
                            "key": 3,
                            "value": "Intermediate acting insulin",
                            "description": "Intermediate acting insulin"
                        },
                        {
                            "key": 4,
                            "value": "Long acting insulin",
                            "description": "Long acting insulin"
                        },
                        {
                            "key": 5,
                            "value": "Pre-mixed insulin",
                            "description": "Pre-mixed insulin"
                        }
                    ]
                },
                {
                    "name": "Medication",
                    "description": "Medication - units is kilograms or liters",
                    "format": "st_ble_ieee11073_sfloat_t"
                },
                {
                    "name": "HbA1c",
                    "description": "HbA1c",
                    "format": "st_ble_ieee11073_sfloat_t"
                }
            ],
            "properties": [
                "Notify"
            ],
            "aux_properties": [],
            "descriptors": [
                {
                    "name": "Client Characteristic Configuration",
                    "abbreviation": "cli cnfg",
                    "uuid": [
                        "0x02",
                        "0x29"
                    ],
                    "db_size": 2,
                    "description": "Client Characteristic Configuration Descriptor",
                    "properties": [
                        "Read",
                        "Write"
                    ],
                    "aux_properties": [
                        "Peer Specific"
                    ],
                    "fields": [
                        {
                            "name": "cli cnfg",
                            "description": "Client Characteristic Configuration",
                            "format": "uint16_t"
                        }
                    ]
                }
            ]
        },
        {
            "name": "Glucose Feature",
            "abbreviation": "feat",
            "description": "This characteristic shall be used to describe the supported features of the Server.",
            "uuid": [
                "0x51",
                "0x2A"
            ],
            "db_size": 2,
            "fields": [
                {
                    "name": "Is Low Battery Detection During Measurement Supported",
                    "description": "Low Battery Detection During Measurement Supported",
                    "format": "bool"
                },
                {
                    "name": "Is Sensor Malfunction Detection Supported",
                    "description": "Sensor Malfunction Detection Supported",
                    "format": "bool"
                },
                {
                    "name": "Is Sensor Sample Size Supported",
                    "description": "Sensor Sample Size Supported",
                    "format": "bool"
                },
                {
                    "name": "Is Sensor Strip Insertion Error Detection Supported",
                    "description": "Sensor Strip Insertion Error Detection Supported",
                    "format": "bool"
                },
                {
                    "name": "Is Sensor Strip Type Error Detection Supported",
                    "description": "Sensor Strip Type Error Detection Supported",
                    "format": "bool"
                },
                {
                    "name": "Is Sensor Result High-Low Detection Supported",
                    "description": "Sensor Result High-Low Detection Supported",
                    "format": "bool"
                },
                {
                    "name": "Is Sensor Temperature High-Low Detection Supported",
                    "description": "Sensor Temperature High-Low Detection Supported",
                    "format": "bool"
                },
                {
                    "name": "Is Sensor Read Interrupt Detection Supported",
                    "description": "Sensor Read Interrupt Detection Supported",
                    "format": "bool"
                },
                {
                    "name": "Is General Device Fault Supported",
                    "description": "General Device Fault Supported",
                    "format": "bool"
                },
                {
                    "name": "Is Time Fault Supported",
                    "description": "Time Fault Supported",
                    "format": "bool"
                },
                {
                    "name": "Is Multiple Bond Supported",
                    "description": "Multiple Bond Supported",
                    "format": "bool"
                }
            ],
            "properties": [
                "Read"
            ],
            "aux_properties": []
        },
        {
            "name": "Record Access Control Point",
            "abbreviation": "ra ctrl pt",
            "description": "The Client must perform a write to this characteristic to execute a desired procedure at the Server.",
            "uuid": [
                "0x52",
                "0x2A"
            ],
            "db_size": 20,
            "fields": [
                {
                    "name": "Op Code",
                    "description": "Op Code",
                    "format": "uint8_t",
                    "enumerations": [
                        {
                            "key": 1,
                            "value": "Report stored records",
                            "description": "Report stored records (Operator: Value from Operator Table)"
                        },
                        {
                            "key": 2,
                            "value": "Delete stored records",
                            "description": "Delete stored records (Operator: Value from Operator Table)"
                        },
                        {
                            "key": 3,
                            "value": "Abort operation",
                            "description": "Abort operation (Operator: Null 'value of 0x00 from Operator Table')"
                        },
                        {
                            "key": 4,
                            "value": "Report number of stored records",
                            "description": "Report number of stored records (Operator: Value from Operator Table)"
                        },
                        {
                            "key": 5,
                            "value": "Number of stored records response",
                            "description": "Number of stored records response (Operator: Null 'value of 0x00 from Operator Table')"
                        },
                        {
                            "key": 6,
                            "value": "Response Code",
                            "description": "Response Code (Operator: Null 'value of 0x00 from Operator Table')"
                        }
                    ]
                },
                {
                    "name": "Operator",
                    "description": "Operator",
                    "format": "uint8_t",
                    "enumerations": [
                        {
                            "key": 0,
                            "value": "Null",
                            "description": "Null"
                        },
                        {
                            "key": 1,
                            "value": "All records",
                            "description": "All records"
                        },
                        {
                            "key": 2,
                            "value": "Less than or equal to",
                            "description": "Less than or equal to"
                        },
                        {
                            "key": 3,
                            "value": "Greater than or equal to",
                            "description": "Greater than or equal to"
                        },
                        {
                            "key": 4,
                            "value": "Within range of",
                            "description": "Within range of (inclusive)"
                        },
                        {
                            "key": 5,
                            "value": "First record",
                            "description": "First record(i.e. oldest record)"
                        },
                        {
                            "key": 6,
                            "value": "Last record",
                            "description": "Last record (i.e. most recent record)"
                        }
                    ]
                },
                {
                    "name": "Operand",
                    "description": "Operand",
                    "format": "uint8_t",
                    "length": "variable",
                    "enumerations": [
                        {
                            "key": 1,
                            "value": "Success",
                            "description": "Normal response for successful operation"
                        },
                        {
                            "key": 2,
                            "value": "Op Code not supported",
                            "description": "Normal response if unsupported Op Code is received"
                        },
                        {
                            "key": 3,
                            "value": "Invalid Operator",
                            "description": "Normal response if Operator received does not meet the requirements of the service (e.g. Null was expected)"
                        },
                        {
                            "key": 4,
                            "value": "Operator not supported",
                            "description": "Normal response if unsupported Operator is received"
                            
                        },
                        {
                            "key": 5,
                            "value": "Invalid Operand",
                            "description": "Normal response if Operand received does not meet the requirements of the service"
                        },
                        {
                            "key": 6,
                            "value": "No records found",
                            "description": "Normal response if request to report stored records or request to delete stored records resulted in no records meeting criteria."
                        },
                        {
                            "key": 7,
                            "value": "Abort unsuccessful",
                            "description": "Normal response if request for Abort cannot be completed"
                        },
                        {
                            "key": 8,
                            "value": "Procedure not completed",
                            "description": "Normal response if unable to complete a procedure for any reason"
                        },
                        {
                            "key": 9,
                            "value": "Operand not supported",
                            "description": "Normal response if unsupported Operand is received"
                        }
                    ]
                }
            ],
            "properties": [
                "Write",
                "Indicate"
            ],
            "aux_properties": [],
            "descriptors": [
                {
                    "name": "Client Characteristic Configuration",
                    "abbreviation": "cli cnfg",
                    "uuid": [
                        "0x02",
                        "0x29"
                     ],
                    "db_size": 2,
                    "description": "Client Characteristic Configuration Descriptor",
                    "properties": [
                        "Read",
                        "Write"
                    ],
                    "aux_properties": [
                        "Peer Specific"
                    ],
                    "fields": [
                        {
                            "name": "cli cnfg",
                            "description": "Client Characteristic Configuration",
                            "format": "uint16_t"
                        }
                    ]
                }
            ]
        }
    ]
}
