{
    "name": "Health Thermometer Service",
    "abbreviation": "ht",
    "description": "The Health Thermometer service exposes temperature and other data from a thermometer intended for healthcare and fitness applications.",
    "uuid": [
        "0x09",
        "0x18"
    ],
    "aux_properties": [
        "None"
    ],
    "error_codes": [
        {
            "code": "0x80",
            "name": "Out of Range",
            "description": "The value is considered invalid and outside of the range allowed by the charateristic."
        }
    ],
    "characteristics": [
        {
            "name": "Temperature Measurement",
            "abbreviation": "temp meas",
            "description": "The Temperature Measurement characteristic is a variable length structure containing a Flags field,a Temperature Measurement Value field and,based upon the contents of the Flags field,optionally a Time Stamp field and/or a Temperature Type field.",
            "uuid": [
                "0x1C",
                "0x2A"
            ],
            "db_size": 13,
            "fields": [
                {
                    "name": "Flags",
                    "description": "Flags",
                    "format": "struct",
                    "fields": [
                        {
                            "name": "Temperature Units Flag",
                            "description": "Temperature Units Flag",
                            "format": "bool"
                        },
                        {
                            "name": "Time Stamp Flag",
                            "description": "Time Stamp Flag",
                            "format": "bool"
                        },
                        {
                            "name": "Temperature Type Flag",
                            "description": "Temperature Type Flag",
                            "format": "bool"
                        }
                    ]
                },
                {
                    "name": "Temperature Measurement Value",
                    "description": "Temperature Measurement Value. Celsius or Fahrenheit will be defined in flag field.",
                    "format": "st_ble_ieee11073_float_t"
                },
                {
                    "name": "Time Stamp",
                    "description": "Time Stamp",
                    "format": "st_ble_date_time_t"
                },
                {
                    "name": "Temperature Type",
                    "description": "Temperature Type",
            "format": "uint8_t"
                }
            ],
            "properties": [
                "Indicate"
            ],
            "aux_properties": [],
            "descriptors": [
                {
                    "name": "Client Characteristic Configuration",
                    "abbreviation": "cli cnfg",
                    "uuid": [
                        "0x02",
                        "0x29"
                    ],
                    "db_size": 2,
                    "description": "Client Characteristic Configuration Descriptor",
                    "properties": [
                        "Read",
                        "Write"
                    ],
                    "aux_properties": [
                        "Peer Specific"
                    ],
                    "fields": [
                        {
                            "name": "cli cnfg",
                            "description": "Client Characteristic Configuration",
                            "format": "uint16_t"
                        }
                    ]
                }
            ]
        },
        {
            "name": "Temperature Type",
            "abbreviation": "temp type",
            "description": "The Temperature Type characteristic is an enumeration that indicates where the temperature was measured.",
            "uuid": [
                "0x1D",
                "0x2A"
            ],
            "db_size": 1,
            "fields": [
                {
                    "name": "Temperature Text Description",
                    "description": "Temperature Text Description",
                    "format": "uint8_t",
                    "enumerations": [
                        {
                            "key": 1,
                            "value": "Armpit",
                            "description": "Armpit"
                        },
                        {
                            "key": 2,
                            "value": "Body",
                            "description": "Body (general)"
                        },
                        {
                            "key": 3,
                            "value": "Ear",
                            "description": "Ear (usually ear lobe)"
                        },
                        {
                            "key": 4,
                            "value": "Finger",
                            "description": "Finger"
                        },
                        {
                            "key": 5,
                            "value": "Gastro-intestinal Tract",
                            "description": "Gastro-intestinal Tract"
                        },
                        {
                            "key": 6,
                            "value": "Mouth",
                            "description": "Mouth"
                        },
                        {
                            "key": 7,
                            "value": "Rectum",
                            "description": "Rectum"
                        },
                        {
                            "key": 8,
                            "value": "Toe",
                            "description": "Toe"
                        },
                        {
                            "key": 9,
                            "value": "Tympanum",
                            "description": "Tympanum (ear drum)"
                        }
                    ]
                }
            ],
            "properties": [
                "Read"
            ],
            "aux_properties": []
        },
        {
            "name": "Intermediate Temperature",
            "abbreviation": "intermediate temperature",
            "description": "The Intermediate Temperature characteristic has the same format as the Temperature Measurement characteristic. However,due to a different context,the Value field is referred to as the Intermediate Temperature Value field.",
            "uuid": [
                "0x1E",
                "0x2A"
            ],
            "db_size": 13,
            "fields": [
                {
                    "name": "Temperature measurement",
                    "abbreviation": "temp meas",
                    "description": "Temperature measurement",
                    "format": "struct",
                        "fields": [
                            {
                                "name": "Flags",
                                "description": "Flags",
                                "format": "struct",
                                "fields": [
                                    {
                                        "name": "Temperature Units Flag",
                                        "description": "Temperature Units Flag",
                                        "format": "bool"
                                    },
                                    {
                                        "name": "Time Stamp Flag",
                                        "description": "Time Stamp Flag",
                                        "format": "bool"
                                    },
                                    {
                                        "name": "Temperature Type Flag",
                                        "description": "Temperature Type Flag",
                                        "format": "bool"
                                    }
                                ]
                            },
                            {
                                "name": "Temperature Measurement Value",
                                "description": "Temperature Measurement Value. Celsius or Fahrenheit will be defined in flag field.",
                                "format": "st_ble_ieee11073_float_t"
                            },
                            {
                                "name": "Time Stamp",
                                "description": "Time Stamp",
                                "format": "st_ble_date_time_t"
                            },
                            {
                                "name": "Temperature Type",
                                "description": "Temperature Type",
                                "format": "uint8_t"
                            }
                        ]
                }
            ],
        "properties": [
                "Notify"
        ],
            "aux_properties": [],
            "descriptors": [
                {
                    "name": "Client Characteristic Configuration",
                    "abbreviation": "cli cnfg",
                    "uuid": [
                        "0x02",
                        "0x29"
                    ],
                    "db_size": 2,
                    "description": "Client Characteristic Configuration Descriptor",
                    "properties": [
                        "Read",
                        "Write"
                    ],
                    "aux_properties": [
                        "Peer Specific"
                    ],
                    "fields": [
                        {
                            "name": "cli cnfg",
                            "description": "Client Characteristic Configuration",
                            "format": "uint16_t"
                        }
                    ]
                }
            ]
        },
        {
            "name": "Measurement Interval",
            "abbreviation": "meas interval",
            "description": "The Measurement Interval characteristic defines the time between measurements.",
            "uuid": [
                "0x21",
                "0x2A"
            ],
            "db_size": 2,
            "fields": [
                {
                    "name": "Measurement Interval",
                    "description": "Measurement Interval",
                    "format": "uint16_t"
                }
            ],
            "properties": [
                "Read",
                "Write",
                "Indicate"
            ],
            "aux_properties": [
                "Authentication"
            ],
            "descriptors": [
                {
                    "name": "Client Characteristic Configuration",
                    "abbreviation": "cli cnfg",
                    "uuid": [
                        "0x02",
                        "0x29"
                    ],
                    "db_size": 2,
                    "description": "Client Characteristic Configuration Descriptor",
                    "properties": [
                        "Read",
                        "Write"
                    ],
                    "aux_properties": [
                        "Peer Specific"
                    ],
                    "fields": [
                        {
                            "name": "cli cnfg",
                            "description": "Client Characteristic Configuration",
                            "format": "uint16_t"
                        }
                    ]
                },
                {
                    "name": "Valid Range",
                    "abbreviation": "valid range",
                    "description": "Valid Range",
                    "uuid": [
                        "0x06",
                        "0x29"
                    ],
                    "fields": [
                        {
                            "name": "Lower inclusive value",
                            "description": "Lower inclusive value",
                            "format": "uint16_t"
                        },
                        {
                            "name": "Upper inclusive value",
                            "description": "Upper inclusive value",
                            "format": "uint16_t"
                        }
                    ],
                    "aux_properties": [],
                    "properties": [
                        "Read"
                    ],
                    "db_size": 4
                }
            ]
        }
    ]
}
