{
    "name": "Heart Rate Service",
    "abbreviation": "hr",
    "description": "This service exposes heart rate and other data from a Heart Rate Sensor intended for fitness applications.",
    "uuid": [
        "0x0D",
        "0x18"
    ],
    "aux_properties": [
        "None"
    ],
    "error_codes": [
        {
            "code": "0x80",
            "name": "Heart Rate Control Point Not Supported",
            "description": "Heart Rate Control Point Not Supported"
        }
    ],
    "characteristics": [
        {
            "name": "Heart Rate Measurement",
            "abbreviation": "meas",
            "description": "The Heart Rate Measurement characteristic is used to send a heart rate measurement.",
            "uuid": [
                "0x37",
                "0x2A"
            ],
            "db_size": 20,
            "fields": [
                {
                    "name": "Flags",
                    "description": "Flags",
                    "format": "struct",
                    "fields": [
                        {
                            "name": "Is Heart Rate Value 16 bit",
                            "description": "Heart Rate Value Format bit",
                            "format": "bool"
                        },
                        {
                            "name": "Is Sensor Contact Feature Supported",
                            "description": "Sensor Contact Feature Supported",
                            "format": "bool"
                        },
                        {
                            "name": "Is Sensor Contact Detected",
                            "description": "Sensor Contact Detected",
                            "format": "bool"
                        },
                        {
                            "name": "Is Energy Expended included",
                            "description": "Energy Expended Status bit",
                            "format": "bool"
                        },
                        {
                            "name": "Is RR-Interval included",
                            "description": "RR-Interval bit",
                            "format": "bool"
                        }
                    ]
                },
                {
                    "name": "Heart Rate Measurement Value",
                    "description": "Heart Rate Measurement Value",
                    "format": "uint16_t"
                },
                {
                    "name": "RR-Interval",
                    "description": "RR-Interval",
                    "format": "uint16_t",
                    "length": 9
                },
                {
                    "name": "Number of RR-Interval",
                    "description": "Number of RR-Interval",
                    "format": "uint8_t"
                }
            ],
            "properties": [
                "Notify"
            ],
            "aux_properties": [],
            "descriptors": [
                {
                    "name": "Client Characteristic Configuration",
                    "abbreviation": "cli cnfg",
                    "uuid": [
                        "0x02",
                        "0x29"
                    ],
                    "db_size": 2,
                    "description": "Client Characteristic Configuration Descriptor",
                    "properties": [
                        "Read",
                        "Write"
                    ],
                    "aux_properties": [
                        "Peer Specific"
                    ],
                    "fields": [
                        {
                            "name": "cli cnfg",
                            "description": "Client Characteristic Configuration",
                            "format": "uint16_t"
                        }
                    ]
                }
            ]
        },
        {
            "name": "Body Sensor Location",
            "abbreviation": "body sensor location",
            "description": "The Body Sensor Location characteristic of the device is used to describe the intended location of the heart rate measurement for the device.",
            "uuid": [
                "0x38",
                "0x2A"
            ],
            "db_size": 1,
            "fields": [
                {
                    "name": "Body Sensor Location",
                    "description": "Body Sensor Location",
                    "format": "uint8_t",
                    "enumerations": [
                        {
                            "key": 0,
                            "value": "Other",
                            "description": "Other"
                        },
                        {
                            "key": 1,
                            "value": "Chest",
                            "description": "Chest"
                        },
                        {
                            "key": 2,
                            "value": "Wrist",
                            "description": "Wrist"
                        },
                        {
                            "key": 3,
                            "value": "Finger",
                            "description": "Finger"
                        },
                        {
                            "key": 4,
                            "value": "Hand",
                            "description": "Hand"
                        },
                        {
                            "key": 5,
                            "value": "Ear Lobe",
                            "description": "Ear Lobe"
                        },
                        {
                            "key": 6,
                            "value": "Foot",
                            "description": "Foot"
                        }
                    ]
                }
            ],
            "properties": [
                "Read"
            ],
            "aux_properties": []
        },
        {
            "name": "Heart Rate Control Point",
            "abbreviation": "heart rate cp",
            "description": "The Heart Rate Control Point characteristic is used to enable a Client to write control points to a Server to control behavior.",
            "uuid": [
                "0x39",
                "0x2A"
            ],
            "db_size": 1,
            "fields": [
                {
                    "name": "Heart Rate Control Point",
                    "description": "Heart Rate Control Point",
                    "format": "uint8_t",
                    "enumerations": [
                        {
                            "key": 1,
                            "value": "Reset Energy Expended",
                            "description": "Reset Energy Expended: resets the value of the Energy Expended field in the Heart Rate Measurement characteristic to 0"
                        }
                    ]
                }
            ],
            "properties": [
                "Write"
            ],
            "aux_properties": []
        }
    ]
}
