{
    "name": "Human Interface Device Service",
    "abbreviation": "hid",
    "description": "This service exposes the HID reports and other HID data intended for HID Hosts and HID Devices.",
    "uuid": [
        "0x12",
        "0x18"
    ],
    "aux_properties": [
        "None"
    ],
    "error_codes": [],
    "characteristics": [
        {
            "name": "Protocol Mode",
            "abbreviation": "protocol mode",
            "description": "The Protocol Mode characteristic is used to expose the current protocol mode of the HID Service with which it is associated,or to set the desired protocol mode of the HID Service.",
            "uuid": [
                "0x4E",
                "0x2A"
            ],
            "db_size": 1,
            "fields": [
                {
                    "name": "Protocol Mode Value",
                    "description": "Protocol Mode Value",
                    "format": "uint8_t",
                    "enumerations": [
                        {
                            "key": 0,
                            "value": "Boot Protocol Mode",
                            "description": "Boot Protocol Mode"
                        },
                        {
                            "key": 1,
                            "value": "Report Protocol Mode",
                            "description": "Report Protocol Mode"
                        }
                    ]
                }
            ],
            "properties": [
                "Read",
                "WriteWithoutResponse"
            ],
            "aux_properties": []
        },
        {
            "name": "Report",
            "abbreviation": "report",
            "description": "The Report characteristic is used to exchange data between a HID Device and a HID Host.",
            "uuid": [
                "0x4D",
                "0x2A"
            ],
            "db_size": 64,
            "fields": [
                {
                    "name": "Report Value",
                    "description": "Report Value",
                    "format": "uint8_t"
                }
            ],
            "properties": [
                "Read",
                "Write",
                "Notify"
            ],
            "aux_properties": [],
            "descriptors": [
                {
                    "name": "Client Characteristic Configuration",
                    "abbreviation": "cli cnfg",
                    "uuid": [
                        "0x02",
                        "0x29"
                    ],
                    "db_size": 2,
                    "description": "Client Characteristic Configuration Descriptor",
                    "properties": [
                        "Read",
                        "Write"
                    ],
                    "aux_properties": [
                        "Peer Specific"
                    ],
                    "fields": [
                        {
                            "name": "cli cnfg",
                            "description": "Client Characteristic Configuration",
                            "format": "uint16_t"
                        }
                    ]
                },
                {
                    "name": "Report Reference",
                    "abbreviation": "report reference",
		    "uuid": [
			"0x08",
			"0x29"
		    ],
		    "aux_properties":[],
		    "format": "struct",
                    "fields": [
                        {
                            "name": "Report ID",
                            "description": "Report ID",
                            "format": "uint8_t"
                        },
                        {
                            "name": "Report Type",
                            "description": "Report Type",
                            "format": "uint8_t"
                        }
                    ],
                    "properties": [
                        "Read"
                    ],
                    "db_size": 2
                }
            ]
        },
        {
            "name": "Report Map",
            "abbreviation": "report map",
            "description": "The Report Map characteristic is used to define formatting information for Input Report,Output Report,and Feature Report data transferred between a HID Device and HID Host,information on how this data can be used,and other information regarding physical aspects of the device (i.e. that the device functions as a keyboard,for example,or has multiple functions such as a keyboard and volume controls).",
            "uuid": [
                "0x4B",
                "0x2A"
            ],
            "db_size": 512,
            "fields": [
                {
                    "name": "Report Map Value",
                    "description": "Report Map Value",
                    "format": "uint8_t"
                }
            ],
            "properties": [
                "Read"
            ],
            "aux_properties": [],
            "descriptors": [
                {
                    "name": "External Report Reference",
		    "abbreviation": "external report reference",
		    "uuid": [
			"0x03",
			"0x29"
		    ],
                    "format": "struct",
		    "aux_properties": [],
                    "fields": [
                        {
                            "name": "External Report Reference",
                            "description": "External Report Reference",
                            "format": "uint16_t"
                        }
                    ],
                    "properties": [
                        "Read"
                    ],
                    "db_size": 2
                }
            ]
        },
        {
            "name": "Boot Keyboard Input Report",
            "abbreviation": "boot keyboard input report",
            "description": " The Boot Keyboard Input Report characteristic is used to transfer fixed format and length Input Report data between a HID Host operating in Boot Protocol Mode and a HID Service corresponding to a boot keyboard.",
            "uuid": [
                "0x22",
                "0x2A"
            ],
            "db_size": 8,
            "fields": [
                {
                    "name": "Boot Keyboard Input Report Value",
                    "description": "Boot Keyboard Input Report Value",
                    "format": "uint8_t"
                }
            ],
            "properties": [
                "Read",
                "Write",
                "Notify"
            ],
            "aux_properties": [],
            "descriptors": [
                {
                    "name": "Client Characteristic Configuration",
                    "abbreviation": "cli cnfg",
                    "uuid": [
                        "0x02",
                        "0x29"
                    ],
                    "db_size": 2,
                    "description": "Client Characteristic Configuration Descriptor",
                    "properties": [
                        "Read",
                        "Write"
                    ],
                    "aux_properties": [
                        "Peer Specific"
                    ],
                    "fields": [
                        {
                            "name": "cli cnfg",
                            "description": "Client Characteristic Configuration",
                            "format": "uint16_t"
                        }
                    ]
                }
            ]
        },
        {
            "name": "Boot Keyboard Output Report",
            "abbreviation": "boot keyboard output report",
            "description": "The Boot Keyboard Output Report characteristic is used to transfer fixed format and length Output Report data between a HID Host operating in Boot Protocol Mode and a HID Service corresponding to a boot keyboard.",
            "uuid": [
                "0x32",
                "0x2A"
            ],
            "db_size": 8,
            "fields": [
                {
                    "name": "Boot Keyboard Output Report Value",
                    "description": "Boot Keyboard Output Report Value",
                    "format": "uint8_t"
                }
            ],
            "properties": [
                "Read",
                "Write",
                "WriteWithoutResponse"
            ],
            "aux_properties": []
        },
        {
            "name": "Boot Mouse Input Report",
            "abbreviation": "boot mouse input report",
            "description": " The Boot Mouse Input Report characteristic is used to transfer fixed format and length Input Report data between a HID Host operating in Boot Protocol Mode and a HID Service corresponding to a boot mouse.",
            "uuid": [
                "0x33",
                "0x2A"
            ],
            "db_size": 8,
            "fields": [
                {
                    "name": "Boot Mouse Input Report Value",
                    "description": "Boot Mouse Input Report Value",
                    "format": "uint8_t"
                }
            ],
            "properties": [
                "Read",
                "Write",
                "Notify"
            ],
            "aux_properties": [],
            "descriptors": [
                {
                    "name": "Client Characteristic Configuration",
                    "abbreviation": "cli cnfg",
                    "uuid": [
                        "0x02",
                        "0x29"
                    ],
                    "db_size": 2,
                    "description": "Client Characteristic Configuration Descriptor",
                    "properties": [
                        "Read",
                        "Write"
                    ],
                    "aux_properties": [
                        "Peer Specific"
                    ],
                    "fields": [
                        {
                            "name": "cli cnfg",
                            "description": "Client Characteristic Configuration",
                            "format": "uint16_t"
                        }
                    ]
                }
            ]
        },
        {
            "name": "HID Information",
            "abbreviation": "hid information",
            "description": "The HID Information Characteristic returns the HID attributes when read.",
            "uuid": [
                "0x4A",
                "0x2A"
            ],
            "db_size": 4,
            "fields": [
                {
                    "name": "bcdHID",
                    "description": "bcdHID",
                    "format": "uint16_t"
                },
                {
                    "name": "bCountryCode",
                    "description": "bCountryCode",
                    "format": "uint8_t"
                },
                {
                    "name": "Flags",
                    "description": "Flags",
                    "format": "struct",
                    "fields": [
                        {
                            "name": "Is RemoteWake",
                            "description": "RemoteWake",
                            "format": "bool"
                        },
                        {
                            "name": "Is NormallyConnectable",
                            "description": "NormallyConnectable",
                            "format": "bool"
                        }
                    ]
                }
            ],
            "properties": [
                "Read"
            ],
            "aux_properties": []
        },
        {
            "name": "HID Control Point",
            "abbreviation": "hid control point",
            "description": "The HID Control Point characteristic is a control-point attribute that defines the following HID Commands when written",
            "uuid": [
                "0x4C",
                "0x2A"
            ],
            "db_size": 1,
            "fields": [
                {
                    "name": "HID Control Point Command",
                    "description": "HID Control Point Command",
                    "format": "uint8_t",
                    "enumerations": [
                        {
                            "key": 0,
                            "value": "Suspend",
                            "description": "Suspend"
                        },
                        {
                            "key": 1,
                            "value": "Exit Suspend",
                            "description": "Exit Suspend"
                        }
                    ]
                }
            ],
            "properties": [
                "WriteWithoutResponse"
            ],
            "aux_properties": []
        }
    ]
}
