{
    "name": "Insulin Delivery Service",
    "abbreviation": "id",
    "description": "This service exposes the control capability,the status of an Insulin Delivery Device (IDD) running an insulin infusion therapy,and historical therapy data to be used in the personal and professional healthcare industry.",
    "uuid": [
        "0x3A",
        "0x18"
    ],
    "aux_properties": [
        "None"
    ],
    "error_codes": [
        {
            "code": "0x81",
            "name": "Invalid CRC",
            "description": "If E2E-Protection is supported and a Write procedure is processed with wrong Cyclic Redundancy Check (CRC) value attached."
        },
        {
            "code": "0x82",
            "name": "Counter Error",
            "description": "If E2E-Protection is supported and a Write procedure is processed with an invalid Counter (invalid if missing or equal or less than the last value)."
        }
    ],
    "characteristics": [
        {
            "name": "IDD Status Changed",
            "abbreviation": "idd status changed",
            "description": "The IDD Status Changed characteristic is comprised of status changes of the insulin therapy and the Insulin Delivery Device.",
            "uuid": [
                "0x20",
                "0x2B"
            ],
            "db_size": 5,
            "fields": [
                {
                    "name": "Flags",
                    "abbreviation": "flags",
                    "format": "struct",
                    "fields": [
                        {
                            "name": "Is Therapy Control State Changed",
                            "description": "is therapy control state changed",
                            "format": "bool"
                        },
                        {
                            "name": "Is Operational State Changed",
                            "description": "is operational status changed",
                            "format": "bool"
                        },
                        {
                            "name": "Is Reservoir Status Changed",
                            "description": "is reservior status changed",
                            "format": "bool"
                        },
                        {
                            "name": "Is Annunciation Status Changed",
                            "description": "is annunciation status changed",
                            "format": "bool"
                        },
                        {
                            "name": "Is Total Daily Insulin Status Changed",
                            "description": "is totaly daily insulin status changed",
                            "format": "bool"
                        },
                        {
                            "name": "Is Active Basal Rate Status Changed",
                            "description": "Is active basal rate status changed",
                            "format": "bool"
                        },
                        {
                            "name": "Is Active Bolus Status Changed",
                            "description": "is active bolus status changed",
                            "format": "bool"
                        },
                        {
                            "name": "Is History Event Recorded",
                            "description": "is history event recorded",
                            "format": "bool"
                        }
                    ]
                },
                {
                    "name": "E2E-Counter",
                    "abbreviation": "e2e counter",
                    "format": "uint8_t"
                },
                {
                    "name": "E2E-CRC",
                    "abbreviation": "e2e crc",
                    "format": "uint16_t"
                }
            ],
            "properties": [
                "Read",
                "Indicate"
            ],
            "aux_properties": [],
            "descriptors": [
                {
                    "name": "Client Characteristic Configuration",
                    "abbreviation": "cli cnfg",
                    "uuid": [
                        "0x02",
                        "0x29"
                    ],
                    "db_size": 2,
                    "description": "Client Characteristic Configuration Descriptor",
                    "properties": [
                        "Read",
                        "Write"
                    ],
                    "aux_properties": [
                        "Peer Specific"
                    ],
                    "fields": [
                        {
                            "name": "cli cnfg",
                            "description": "Client Characteristic Configuration",
                            "format": "uint16_t"
                        }
                    ]
                }
            ]
        },
        {
            "name": "IDD Status",
            "abbreviation": "idd status",
            "description": "The IDD Status characteristic is comprised of status values of the Insulin Delivery Device and the insulin therapy.",
            "uuid": [
                "0x21",
                "0x2B"
            ],
            "db_size": 8,
            "fields": [
                {
                    "name": "Therapy Control State",
                    "abbreviation": "therapy control state",
                    "format": "uint8_t",
                    "enumerations": [
                        {
                            "key": 15,
                            "value": "Undetermined",
                            "description": "The operational state is undetermined."
                        },
                        {
                            "key": 51,
                            "value": "Stop",
                            "description": "The insulin infusion therapy is stopped but the Insulin Delivery Device can still be configured (e.g.,priming)."
                        },
                        {
                            "key": 60,
                            "value": "Pause",
                            "description": "The insulin infusion therapy is paused (i.e.,the device does not deliver insulin related to the therapy but delivers the missed amount of insulin after leaving state Pause and entering state Run). Typically the Pause state is limited to several minutes and can be used,for example,to bridge the time during a reservoir change."
                        },
                        {
                            "key": 85,
                            "value": "Run",
                            "description": "The insulin infusion therapy is running (i.e.,the device delivers insulin related to the therapy). The Insulin Delivery Device cannot be configured in the Run state (e.g.,priming)."
                        }
                    ]
                },
                {
                    "name": "Operational State",
                    "abbreviation": "Operational state",
                    "format": "uint8_t",
                    "enumerations": [
                        {
                            "key": 15,
                            "value": "Undetermined",
                            "description": "The operational state is undetermined."
                        },
                        {
                            "key": 51,
                            "value": "Off",
                            "description": "The Insulin Delivery Device is switched off and no functionality is available (i.e.,no delivery and no configuration is possible)."
                        },
                        {
                            "key": 60,
                            "value": "Standby",
                            "description": "No insulin is delivered and resuming from this state is faster than from state Off (e.g.,the device is being set to a state to save energy)."
                        },
                        {
                            "key": 85,
                            "value": "Prepareing",
                            "description": "The Insulin Delivery Device prepares the insulin infusion therapy. For example,the Insulin Delivery Device rewinds the piston rod to enable the insertion of a new reservoir or performs a sniffing by detecting the position of the plunger in the reservoir (related to insulin pumps with cartridge)."
                        },
                        {
                            "key": 90,
                            "value": "Priming",
                            "description": "The Insulin Delivery Device fills the fluidic path from the reservoir to the body with insulin (e.g.,after replacement of the reservoir and/or infusion set)."
                        },
                        {
                            "key": 102,
                            "value": "Waiting",
                            "description": "The Insulin Delivery Device waits for an interaction (e.g.,waiting for the infusion set to be connected to the body after priming or waiting for a user confirmation of a reported error)."
                        },
                        {
                            "key": 150,
                            "value": "Ready",
                            "description": "The Insulin Delivery Device is ready for the insulin infusion therapy."
                        }
                    ]
                },
                {
                    "name": "Reservoir Remaining Amount",
                    "abbreviation": "reservoir remaining amount",
                    "format": "st_ble_ieee11073_sfloat_t"
                },
                {
                    "name": "Flags",
                    "abbreviation": "flags",
                    "format": "struct",
                    "fields": [
                        {
                            "name": "Is Reservoir Attached",
                            "abberviation": "is reservoir attached",
                            "format": "bool"
                        }
                    ]
                },
                {
                    "name": "E2E-Counter",
                    "abbreviation": "e2e counter",
                    "format": "uint8_t"
                },
                {
                    "name": "E2E-CRC",
                    "abbreviation": "e2e crc",
                    "format": "uint16_t"
                }
            ],
            "properties": [
                "Read",
                "Indicate"
            ],
            "aux_properties": [],
            "descriptors": [
                {
                    "name": "Client Characteristic Configuration",
                    "abbreviation": "cli cnfg",
                    "uuid": [
                        "0x02",
                        "0x29"
                    ],
                    "db_size": 2,
                    "description": "Client Characteristic Configuration Descriptor",
                    "properties": [
                        "Read",
                        "Write"
                    ],
                    "aux_properties": [
                        "Peer Specific"
                    ],
                    "fields": [
                        {
                            "name": "cli cnfg",
                            "description": "Client Characteristic Configuration",
                            "format": "uint16_t"
                        }
                    ]
                }
            ]
        },
        {
            "name": "IDD Annunciation Status",
            "abbreviation": "idd annunciation status",
            "description": "The IDD Annunciation Status characteristic is a variable length structure comprising of messages that describe state changes of the Insulin Delivery Device and in the therapy relevant functions.",
            "uuid": [
                "0x22",
                "0x2B"
            ],
            "db_size": 19,
            "fields": [
                {
                    "name": "Flags",
                    "abbreviation": "flags",
                    "format": "struct",
                    "fields": [
                        {
                            "name": "is Annunciation Present",
                            "abbreviation": "is annunciation present",
                            "format": "bool"
                        },
                        {
                            "name": "is Auxinfo1 Present",
                            "abbreviation": "is auxinfo1 present",
                            "format": "bool"
                        },
                        {
                            "name": "is Auxinfo2 Present",
                            "abbreviation": "is auxinfo2 present",
                            "format": "bool"
                        },
                        {
                            "name": "is Auxinfo3 Present",
                            "abbreviation": "is auxinfo3 present",
                            "format": "bool"
                        },
                        {
                            "name": "is Auxinfo4 Present",
                            "abbreviation": "is auxinfo4 present",
                            "format": "bool"
                        },
                        {
                            "name": "is Auxinfo5 Present",
                            "abbreviation": "is auxinfo5 present",
                            "format": "bool"
                        }
                    ]
                },
                {
                    "name": "Annunciation Instance ID",
                    "abbreviation": "annunciation instance id",
                    "format": "uint16_t"
                },
                {
                    "name": "Annunciation Type",
                    "abbreviation": "annunciation type",
                    "format": "uint16_t",
                    "enumeration": [
                        {
                            "key": 15,
                            "value": "System Issue",
                            "description": "A general device fault or system error occurred (e.g.,electronical or software error)."
                        },
                        {
                            "key": 51,
                            "value": "Mechanical Issue",
                            "description": "A mechanical error occurred."
                        },
                        {
                            "key": 60,
                            "value": "Occlusion Detected",
                            "description": "An occlusion occurred (e.g.,clogging of infusion set)."
                        },
                        {
                            "key": 85,
                            "value": "Reservoir Issue",
                            "description": "An error related to the replacement or functioning of the reservoir occurred."
                        },
                        {
                            "key": 90,
                            "value": "Reservoir Empty",
                            "description": "The reservoir is empty."
                        },
                        {
                            "key": 102,
                            "value": "Reservoir Low",
                            "description": "The reservoir fill level reached a defined low threshold."
                        },
                        {
                            "key": 105,
                            "value": "Priming Issue",
                            "description": "There is a priming issue after replacement of reservoir and/or infusion set (e.g.,infusion set has not been primed)."
                        },
                        {
                            "key": 150,
                            "value": "Infusion Set Incomplete",
                            "description": "The physical connection between infusion set (including tubing and/or cannula) and the Insulin Delivery Device is incomplete."
                        },
                        {
                            "key": 153,
                            "value": "Infusion Set Detached",
                            "description": "The infusion set (including tubing and/or cannula) is not attached to the body."
                        },
                        {
                            "key": 165,
                            "value": "Power Source Insufficient",
                            "description": "The Insulin Delivery Device has insufficient power to charge the device (i.e.,the device cannot properly function)."
                        },
                        {
                            "key": 170,
                            "value": "Battery Empty",
                            "description": "The Insulin Delivery Device has no operational runtime left. The user shall be informed."
                        },
                        {
                            "key": 195,
                            "value": "Battery Low",
                            "description": "The Insulin Delivery Device has a low operational runtime (e.g.,the battery charge level reached a defined low threshold,the battery is depleted,or the battery voltage is less than full strength). The user shall be informed."
                        },
                        {
                            "key": 204,
                            "value": "Battery Medium",
                            "description": "The Insulin Delivery Device has a medium operational runtime. This annunciation should be reported at half of the operational runtime."
                        },
                        {
                            "key": 240,
                            "value": "Battery Full",
                            "description": "The Insulin Delivery Device has a full operational runtime. This annunciation should be reported at full operational runtime."
                        },
                        {
                            "key": 255,
                            "value": "Temperature out of range",
                            "description": "The temperature is outside of the normal operating range."
                        },
                        {
                            "Key": 771,
                            "value": "Air Pressure out of range",
                            "description": "The air pressure is outside of the normal operating range (e.g.,altitude)."
                        },
                        {
                            "key": 780,
                            "value": "Bolus Canceled",
                            "description": "A running bolus was canceled (e.g.,Insulin Delivery Device changed from run to standby mode)."
                        },
                        {
                            "key": 816,
                            "value": "TBR Over",
                            "description": "The temporary basal rate expired (i.e.,the programmed duration is over)."
                        },
                        {
                            "key": 831,
                            "value": "TBR Canceled",
                            "description": "The temporary basal rate canceled (e.g.,device changed from run to standby mode)."
                        },
                        {
                            "key": 854,
                            "value": "Max Delivery",
                            "description": "The delivery reached a defined high threshold based on maximum bolus and maximum basal rates."
                        },
                        {
                            "key": 857,
                            "value": "Date Time Issue",
                            "description": "The date time of the device was never set or has been lost (e.g.,due to a battery replacement)."
                        },
                        {
                            "Key": 869,
                            "value": "Temperature",
                            "description": "The Insulin Delivery Device reports a temperature measurement."
                        }
                    ]
                },
                {
                    "name": "Annunciation Status",
                    "abbreviation": "annunciation status",
                    "format": "uint8_t",
                    "enumeration": [
                        {
                            "key": 15,
                            "value": "Undetermined",
                            "description": "The status of the annunciation is undetermined."
                        },
                        {
                            "key": 51,
                            "value": "Pending",
                            "description": "The annunciation is currently pending and requires a user action for snoozing or confirmation."
                        },
                        {
                            "key": 60,
                            "value": "Snoozed",
                            "description": "The annunciation was noticed by the user and is set to pop up again at a short time later (i.e.,a snoozed annunciation is still active). The time span shall be defined by the Server application."
                        },
                        {
                            "key": 85,
                            "value": "Confirmed",
                            "description": "The annunciation was confirmed by the user (i.e.,a confirmed annunciation is not active anymore)."
                        }
                    ]
                },
                {
                    "name": "AuxInfo1",
                    "abbreviation": "auxinfo1",
                    "format": "uint16_t"
                },
                {
                    "name": "AuxInfo2",
                    "abbreviation": "auxinfo2",
                    "format": "uint16_t"
                },
                {
                    "name": "AuxInfo3",
                    "abbreviation": "auxinfo3",
                    "format": "uint16_t"
                },
                {
                    "name": "AuxInfo4",
                    "abbreviation": "auxinfo4",
                    "format": "uint16_t"
                },
                {
                    "name": "AuxInfo5",
                    "abbreviation": "auxinfo5",
                    "format": "uint16_t"
                },
                {
                    "name": "E2E-Counter",
                    "abbreviation": "e2e counter",
                    "format": "uint8_t"
                },
                {
                    "name": "E2E-CRC",
                    "abbreviation": "e2e crc",
                    "format": "uint16_t"
                }
            ],
            "properties": [
                "Read",
                "Indicate"
            ],
            "aux_properties": [],
            "descriptors": [
                {
                    "name": "Client Characteristic Configuration",
                    "abbreviation": "cli cnfg",
                    "uuid": [
                        "0x02",
                        "0x29"
                    ],
                    "db_size": 2,
                    "description": "Client Characteristic Configuration Descriptor",
                    "properties": [
                        "Read",
                        "Write"
                    ],
                    "aux_properties": [
                        "Peer Specific"
                    ],
                    "fields": [
                        {
                            "name": "cli cnfg",
                            "description": "Client Characteristic Configuration",
                            "format": "uint16_t"
                        }
                    ]
                }
            ]
        },
        {
            "name": "IDD Features",
            "abbreviation": "idd features",
            "description": "The IDD Features characteristic shall be used to describe the supported features of the Server.",
            "uuid": [
                "0x23",
                "0x2B"
            ],
            "db_size": 9,
            "fields": [
                {
                    "name": "E2E-CRC",
                    "abbreviation": "e2e crc",
                    "format": "uint16_t"
                },
                {
                    "name": "E2E-Counter",
                    "abbreviation": "e2e counter",
                    "format": "uint8_t"
                },
                {
                    "name": "Insulin Concentration",
                    "abbreviation": "insulin concentration",
                    "format": "st_ble_ieee11073_sfloat_t"
                },
                {
                    "name": "Flags",
                    "abbreviation": "flags",
                    "format": "struct",
                    "fields": [
                        {
                            "name": "Is E2E-Protection Supported",
                            "abbreviation": "is e2e protection supported",
                            "format": "bool"
                        },
                        {
                            "name": "Is Basal Rate Supported",
                            "abbreviation": "is basal rate supported",
                            "format": "bool"
                        },
                        {
                            "name": "Is TBR Absolute Supported",
                            "abbreviation": "is tbr absolute supported",
                            "format": "bool"
                        },
                        {
                            "name": "Is TBR Relative Supported",
                            "abbreviation": "is tbr relative supported",
                            "format": "bool"
                        },
                        {
                            "name": "Is TBR Template Supported",
                            "abbreviation": "is tbr template supported",
                            "format": "bool"
                        },
                        {
                            "name": "Is Fast Bolus Supported",
                            "abbreviation": "is fast bolus supported",
                            "format": "bool"
                        },
                        {
                            "name": "Is Extended Bolus Supported",
                            "abbreviation": "is extended bolus supported",
                            "format": "bool"
                        },
                        {
                            "name": "Is Multiwave Bolus Supported",
                            "abbreviation": "is Multiwave bolus supported",
                            "format": "bool"
                        },
                        {
                            "name": "Is Bolus Delay Time Supported",
                            "abbreviation": "is bolus delay time supported",
                            "format": "bool"
                        },
                        {
                            "name": "Is Bolus Template Supported",
                            "abbreviation": "is bolus template supported",
                            "format": "bool"
                        },
                        {
                            "name": "Is Bolus Activation Type Supported",
                            "abbreviation": "is bolus activation type supported",
                            "format": "bool"
                        },
                        {
                            "name": "Is Multiple Bond Supported",
                            "abbreviation": "is Multiple Bond supported",
                            "format": "bool"
                        },
                        {
                            "name": "Is ISF Profile Template Supported",
                            "abbreviation": "is isf profile template supported",
                            "format": "bool"
                        },
                        {
                            "name": "Is I2CHO Raito Profile Template Supported",
                            "abbreviation": "is I2CHO Raito profile template supported",
                            "format": "bool"
                        },
                        {
                            "name": "Is Target Glucose Range Profile Template Supported",
                            "abbreviation": "is target glucose range profile template supported",
                            "format": "bool"
                        },
                        {
                            "name": "Is Insulin On Board Supported",
                            "abbreviation": "is insulin on board supported",
                            "format": "bool"
                        },
                        {
                            "name": "Is Feature Extention",
                            "abbreviation": "is feature extention",
                            "format": "bool"
                        }
                    ]
                }
            ],
            "properties": [
                "Read"
            ],
            "aux_properties": []
        },
        {
            "name": "IDD Status Reader Control Point",
            "abbreviation": "idd status reader control point",
            "description": "The IDD Status Reader Control Point provides insulin therapy relevant status information (e.g.,currently running boluses or current basal rate).",
            "uuid": [
                "0x24",
                "0x2B"
            ],
            "db_size": 20,
            "fields": [
                {
                    "name": "Op Code",
                    "abbreviation": "op code",
                    "format": "uint16_t",
                    "enumeration": [
                        {
                            "key": 771,
                            "value": "Responce Code",
                            "description": "Return Responce"
                        },
                        {
                            "key": 780,
                            "value": "Reset Status",
                            "description": "Resets the status exposed by the IDD Status Changed characteristic. The response to this control point is Response Code."
                        },
                        {
                            "key": 816,
                            "value": "Get Active Bolus IDs",
                            "description": "Gets the IDs of all Active Boluses (up to 7 Bolus IDs can be retrieved). The normal response to this control point is Get Active Bolus ID Response. For error conditions,the response is Response Code."
                        },
                        {
                            "key": 831,
                            "value": "Get Active Bolus IDs Responce",
                            "description": "This is the normal response to Get Active Bolus IDs."
                        },
                        {
                            "key": 854,
                            "value": "Get Active Bolus Delivery",
                            "description": "Gets information about an Active Bolus identified by the given ID. The normal response to this control point is Get Active Bolus Delivery Response. For error conditions,the response is Response Code."
                        },
                        {
                            "key": 857,
                            "value": "Get Active Bolus Delivery Responce",
                            "description": "This is the normal response to Get Active Bolus Delivery."
                        },
                        {
                            "key": 869,
                            "value": "Get Active Basal Rate Delivery",
                            "description": "Gets the current active basal rate setting,including the TBR. The normal response to this control point is Get Active Basal Rate Delivery Response. For error conditions,the response is Response Code."
                        },
                        {
                            "key": 874,
                            "value": "Get Active Basal Rate Delivery Responce",
                            "description": "This is the normal response to Get Active Basal Rate Delivery."
                        },
                        {
                            "key": 917,
                            "value": "Get Total Daily Insulin status",
                            "description": "Gets the total daily delivered bolus and basal insulin from midnight until now. When the day is done and as soon as midnight is reached,the total daily delivered amounts are reset. The normal response to this control point is Get Total Daily Insulin Status Response. For error conditions,the response is Response Code."
                        },
                        {
                            "key": 922,
                            "value": "Get Total Daily Insulin status Responce",
                            "description": "This is the normal response to Get Total Daily Insulin Status."
                        },
                        {
                            "key": 934,
                            "value": "Get Counter",
                            "description": "Gets the value about an internal counter of the Insulin Delivery Device (e.g.,the remaining warranty). The normal response to this control point is Get Counter Response. For error conditions,the response is Response Code."
                        },
                        {
                            "key": 937,
                            "value": "Get Counter Responce",
                            "description": "This is the normal response to procedure Get Counter."
                        },
                        {
                            "key": 960,
                            "value": "Get Delivered Insulin",
                            "description": "Gets the delivered amount of bolus and basal insulin since the last rollover of these amounts. The Server rollover behavior shall be defined per Service. The normal response to this control point is Get Delivered Insulin Response. For error conditions,the response is Response Code."
                        },
                        {
                            "key": 975,
                            "value": "Get Delivered Insulin Responce",
                            "description": "This is the normal response to procedure Get Delivered Insulin."
                        },
                        {
                            "key": 1011,
                            "value": "Get Insulin On Board",
                            "description": "Gets the insulin on board,which has been delivered by the Insulin Delivery Device. The normal response to this control point is Get Insulin On Board Response. For error conditions,the response is Response Code."
                        },
                        {
                            "key": 1020,
                            "value": "Get Insulin On Board Responce",
                            "description": "This is the normal response to procedure Get Insulin On Board."
                        }
                    ]
                },
                {
                    "name": "Operand",
                    "abbreviation": "operand",
                    "format": "struct",
                    "fields": [
                        {
                            "name": "Request Op Code",
                            "abbreviation": "request op code",
                            "format": "uint16_t"
                        },
                        {
                            "name": "Request Code Value",
                            "abbreviation": "request code value",
                            "format": "uint8_t"
                        }
                    ]
                },
                {
                    "name": "E2E-Counter",
                    "abbreviation": "e2e counter",
                    "format": "uint8_t"
                },
                {
                    "name": "E2E-CRC",
                    "abbreviation": "e2e crc",
                    "format": "uint16_t"
                }

            ],
            "properties": [
                "Write",
                "Indicate"
            ],
            "aux_properties": [],
            "descriptors": [
                {
                    "name": "Client Characteristic Configuration",
                    "abbreviation": "cli cnfg",
                    "uuid": [
                        "0x02",
                        "0x29"
                    ],
                    "db_size": 2,
                    "description": "Client Characteristic Configuration Descriptor",
                    "properties": [
                        "Read",
                        "Write"
                    ],
                    "aux_properties": [
                        "Peer Specific"
                    ],
                    "fields": [
                        {
                            "name": "cli cnfg",
                            "description": "Client Characteristic Configuration",
                            "format": "uint16_t"
                        }
                    ]
                }
            ]
        },
        {
            "name": "IDD Command Control Point",
            "abbreviation": "idd command control point",
            "description": "The IDD Command Control Point provides procedures to support the insulin therapy by adapting therapy parameters to operate the insulin therapy remotely and to perform a remote operation of the device maintenance.",
            "uuid": [
                "0x25",
                "0x2B"
            ],
            "db_size": 20,
            "fields": [
                {
                    "name": "Op Code",
                    "abbreviation": "op code",
                    "format": "uint16_t",
                    "enumeration": [
                        {
                            "key": 3925,
                            "value": "Response Code",
                            "description": "Return Response"
                        },
                        {
                            "key": 3930,
                            "value": "Set Therapy Control State",
                            "description": "Set the therapy control state of the Insulin Delivery Device. The response to this control point is Response Code."
                        },
                        {
                            "key": 3942,
                            "value": "Set Flight Mode",
                            "description": "Activates the flight mode of the Insulin Delivery Device. The response to this control point is Response Code."
                        },
                        {
                            "key": 3945,
                            "value": "Snooze Annunciation",
                            "description": "Snoozes an annunciation for a limited amount of time. The normal response to this control point is Snooze Annunciation Response. For error conditions,the response is Response Code."
                        },
                        {
                            "key": 3990,
                            "value": "Snooze Annunciation Response",
                            "description": "This is the normal response to Snooze Annunciation."
                        },
                        {
                            "key": 3993,
                            "value": "Confirm Annunciation",
                            "description": "Confirms an annunciation on the Server Application and removes this specific annunciation from the list of currently active annunciations on the Server Application. The normal response to this control point is Confirm Annunciation Response. For error conditions,the response is Response Code."
                        },
                        {
                            "key": 4005,
                            "value": "Confirm Annunciation Response",
                            "description": "This is the normal response to Confirm Annunciation."
                        },
                        {
                            "key": 4010,
                            "value": "Read Basal Rate Profile Template",
                            "description": "Reads a specific Basal Rate Profile Template. The response to this control point is Response Code."
                        },
                        {
                            "key": 4035,
                            "value": "Read Basal Rate Profile Template Response",
                            "description": "This response is used to report one or more time blocks of a Basal Rate Profile Template."
                        },
                        {
                            "key": 4044,
                            "value": "Write Basal Rate Profile Template",
                            "description": "Writes a specific Basal Rate Profile Template. The normal response to this control point is Write Basal Rate Profile Template Response. For error conditions,the response is Response Code."
                        },
                        {
                            "key": 4080,
                            "value": "Write Basal Rate Profile Template Response",
                            "description": "This is the normal response to Write Basal Rate Profile Template."
                        },
                        {
                            "key": 4095,
                            "value": "Set TBR Adjustment",
                            "description": "Sets a new or changes a currently active TBR. The response to this control point is Response Code."
                        },
                        {
                            "key": 4369,
                            "value": "Cancel TBR Adjustment",
                            "description": "Cancels a currently active TBR. The response to this control point is Response Code."
                        },
                        {
                            "key": 4382,
                            "value": "Get TBR Template",
                            "description": "Gets the parameters of a specific TBR template. The normal response to this control point is Get TBR Template Response. For error conditions,the response is Response Code."
                        },
                        {
                            "key": 4386,
                            "value": "Get TBR Template Response",
                            "description": "This is the normal response to Get TBR Template."
                        },
                        {
                            "key": 4397,
                            "value": "Set TBR Template",
                            "description": "Sets the parameters of a specific TBR template. The normal response to this control point is Set TBR Template Response. For error conditions,the response is Response Code."
                        },
                        {
                            "key": 4420,
                            "value": "Set TBR Template Responce",
                            "description": "This is the normal response to Set TBR Template."
                        },
                        {
                            "key": 4427,
                            "value": "Set Bolus",
                            "description": "Sets a bolus with the specified parameters. The normal response to this control point is Set Bolus Response. For error conditions,the response is Response Code."
                        },
                        {
                            "key": 4471,
                            "value": "Set Bolus Responce",
                            "description": "This is the normal response to Set Bolus."
                        },
                        {
                            "key": 4472,
                            "value": "Cancel Bolus",
                            "description": "Cancels a bolus with the specified Bolus ID. The normal response to this control point is Cancel Bolus Response. For error conditions,the response is Response Code."
                        },
                        {
                            "key": 4487,
                            "value": "Cancle Bolus Responce",
                            "description": "This is the normal response to Cancel Bolus."
                        },
                        {
                            "key": 4488,
                            "value": "Get Availiable Boluses",
                            "description": "Gets the currently available bolus types. The normal response to this control point is Get Available Boluses Response. For error conditions,the response is Response Code."
                        },
                        {
                            "key": 4532,
                            "value": "Get Availiable Boluses Response",
                            "description": "This is the normal response to Get Available Boluses."
                        },
                        {
                            "key": 4539,
                            "value": "Get Bolus Template",
                            "description": "Gets the parameters of a specific bolus template. The normal response to this control point is Get Bolus Template Response. For error conditions,the response is Response Code."
                        },
                        {
                            "key": 4562,
                            "value": "Get Bolus Template Response",
                            "description": "This is the normal response to Get Bolus Template."
                        },
                        {
                            "key": 4573,
                            "value": "Set Bolus Template",
                            "description": "Sets the parameters of a specific bolus template. The normal response to this control point is Set Bolus Template Response. For error conditions,the response is Response Code."
                        },
                        {
                            "key": 4577,
                            "value": "Set Bolus Template Response",
                            "description": "This is the normal response to Set Bolus Template."
                        },
                        {
                            "key": 4590,
                            "value": "Get Template Status and Details",
                            "description": "Gets the status and details of all the supported template types (i.e.,if they are configured and / or configurable,the max number of supported time blocks and the template number range). The normal response to this control point is Get Template Status and Details Response. For error conditions,the response is Response Code."
                        },
                        {
                            "key": 4626,
                            "value": "Get Template Status and Details Response",
                            "description": "This is the normal response to Get Template Status and Details."
                        },
                        {
                            "key": 4637,
                            "value": "Reset Template Status",
                            "description": "Resets the status of one or many templates by marking them as Not Configured. The normal response to this control point is Reset Template Status Response. For error conditions,the response is Response Code."
                        },
                        {
                            "key": 4641,
                            "value": "Reset Template Status Response",
                            "description": "This is the normal response to Reset Template Status."
                        },
                        {
                            "key": 4654,
                            "value": "Active Profile Templates",
                            "description": "Activates profile templates. The normal response to this control point is Activate Profile Templates Response. For error conditions,the response is Response Code."
                        },
                        {
                            "key": 4679,
                            "value": "Active Profile Templates Response",
                            "description": "This is the normal response to Activate Profile Templates."
                        },
                        {
                            "key": 4680,
                            "value": "Get Active Profile Templates",
                            "description": "Gets all the currently activated profile templates (e.g.,basal rate profile template). The normal response to this control point is Get Activated Profile Templates Response. For error conditions,the response is Response Code."
                        },
                        {
                            "key": 4724,
                            "value": "Get Active Profile Templates Response",
                            "description": "This is the normal response to Get Activated Profile Templates."
                        },
                        {
                            "key": 4731,
                            "value": "Start Priming",
                            "description": "Starts the priming of the fluidic path of the Insulin Delivery Device with the provided amount of insulin. The priming is stopped as soon as that amount is delivered. The response to this control point is Response Code."
                        },
                        {
                            "key": 4740,
                            "value": "Stop Priming",
                            "description": "Stops the priming of the fluidic path of the Insulin Delivery Device immediately. The response to this control point is Response Code."
                        },
                        {
                            "key": 4747,
                            "value": "Set Initial Reservoir Fill Level",
                            "description": "Sets the initial fill level of the reservoir after refill or replacement. The response to this control point is Response Code."
                        },
                        {
                            "key": 4791,
                            "value": "Reset Reservoir Insulin Operation Time",
                            "description": "Resets the counter Reservoir Insulin Operation Time (retrieved by procedure Get Counter of IDD Status Reader CP with Counter Type Reservoir Insulin Operation Time). The response to this control point is Response Code."
                        },
                        {
                            "key": 4792,
                            "value": "Read ISF Profile Template",
                            "description": "Reads a specific ISF Profile Template. The response to this control point is Response Code."
                        },
                        {
                            "key": 4817,
                            "value": "Read ISF Profile Template Response",
                            "description": "This response is used to report one or more time blocks of an ISF Profile Template."
                        },
                        {
                            "key": 4830,
                            "value": "Write ISF Profile Template",
                            "description": "Writes a specific ISF Profile Template. The normal response to this control point is Write ISF Profile Template Response. For error conditions,the response is Response Code."
                        },
                        {
                            "key": 4834,
                            "value": "Write ISF Profile Template Response",
                            "description": "This is the normal response to Write ISF Profile Template."
                        },
                        {
                            "key": 4845,
                            "value": "Read I2CHO Ratio Profile Template",
                            "description": "Reads a specific I:CHO Ratio Profile Template. The response to this control point is Response Code."
                        },
                        {
                            "key": 5140,
                            "value": "Read I2CHO Ratio Profile Template Response",
                            "description": "This response is used to report one or more time blocks of an I:CHO Ratio Profile Template."
                        },
                        {
                            "key": 5147,
                            "value": "Write I2CHO Ratio Profile Template",
                            "description": "Writes a specific I:CHO Ratio Profile Template. The normal response to this control point is Write I2CHO Ratio Profile Template Response. For error conditions,the response is Response Code."
                        },
                        {
                            "key": 5159,
                            "value": "Write I2CHO Ratio Profile Template Response",
                            "description": "This is the normal response to Write I2CHO Ratio Profile Template."
                        },
                        {
                            "key": 5160,
                            "value": "Read Target Glucose Range Profile Template",
                            "description": "Reads a specific Target Glucose Range Profile Template. The response to this control point is Response Code."
                        },
                        {
                            "key": 5181,
                            "value": "Read Target Glucose Range Profile Template Response",
                            "description": "This response is used to report one or more time blocks of a Target Glucose Range Profile Template."
                        },
                        {
                            "key": 5198,
                            "value": "Write Target Glucose Range Profile Template",
                            "description": "Writes a specific Target Glucose Range Profile Template. The normal response to this control point is Write Target Glucose Range Profile Template Response. For error conditions,the response is Response Code."
                        },
                        {
                            "key": 5234,
                            "value": "Write Target Glucose Range Profile Template Response",
                            "description": "This is the normal response to Write Target Glucose Range Profile Template."
                        },
                        {
                            "key": 5245,
                            "value": "Get Max Bolus Amount",
                            "description": "Gets the maximum bolus amount that can be delivered in a single bolus."
                        },
                        {
                            "key": 5250,
                            "value": "Get Max Bolus Amount Response",
                            "description": "This is the normal response to Get Max Bolus Amount."
                        },
                        {
                            "key": 5261,
                            "value": "Set Max Bolus Amount",
                            "description": "Sets the maximum bolus amount that can be delivered in a single bolus."
                        }
                    ]
                },
                {
                    "name": "Operand",
                    "abbreviation": "operand",
                    "format": "sturct",
                    "fields": [
                        {
                            "name": "Request Op Code",
                            "abbreviation": "request op code",
                            "format": "uint16_t"
                        },
                        {
                            "name": "Request Code Value",
                            "abbreviation": "request code value",
                            "format": "uint8_t"
                        }
                    ]
                },
                {
                    "name": "E2E-Counter",
                    "abbreviation": "e2e counter",
                    "format": "uint8_t"
                },
                {
                    "name": "E2E-CRC",
                    "abbreviation": "e2e crc",
                    "format": "uint16_t"
                }
            ],
            "properties": [
                "Write",
                "Indicate"
            ],
            "aux_properties": [],
            "descriptors": [
                {
                    "name": "Client Characteristic Configuration",
                    "abbreviation": "cli cnfg",
                    "uuid": [
                        "0x02",
                        "0x29"
                    ],
                    "db_size": 2,
                    "description": "Client Characteristic Configuration Descriptor",
                    "properties": [
                        "Read",
                        "Write"
                    ],
                    "aux_properties": [
                        "Peer Specific"
                    ],
                    "fields": [
                        {
                            "name": "cli cnfg",
                            "description": "Client Characteristic Configuration",
                            "format": "uint16_t"
                        }
                    ]
                }
            ]
        },
        {
            "name": "IDD Command Data",
            "abbreviation": "idd command data",
            "description": "The IDD Command Data characteristic is comprised of response records from executed procedures of the IDD Command Control Point.",
            "uuid": [
                "0x26",
                "0x2B"
            ],
            "db_size": 18,
            "fields": [
                {
                    "name": "Responce Op Code",
                    "abbreviation": "response op code",
                    "format": "uint16_t"
                },
                {
                    "name": "Operand",
                    "abbreviation": "operand",
                    "format": "struct",
                    "fields": [
                        {
                            "name": "Request Op Code",
                            "abbreviation": "request op code",
                            "format": "uint16_t"
                        },
                        {
                            "name": "Request Code Value",
                            "abbreviation": "request code value",
                            "format": "uint8_t"
                        }
                    ]
                },
                {
                    "name": "E2E-Counter",
                    "abbreviation": "e2e counter",
                    "format": "uint8_t"
                },
                {
                    "name": "E2E-CRC",
                    "abbreviation": "e2e crc",
                    "format": "uint16_t"
                }
            ],
            "properties": [
                "InformativeText",
                "Notify"
            ],
            "aux_properties": [],
            "descriptors": [
                {
                    "name": "Client Characteristic Configuration",
                    "abbreviation": "cli cnfg",
                    "uuid": [
                        "0x02",
                        "0x29"
                    ],
                    "db_size": 2,
                    "description": "Client Characteristic Configuration Descriptor",
                    "properties": [
                        "Read",
                        "Write"
                    ],
                    "aux_properties": [
                        "Peer Specific"
                    ],
                    "fields": [
                        {
                            "name": "cli cnfg",
                            "description": "Client Characteristic Configuration",
                            "format": "uint16_t"
                        }
                    ]
                }
            ]
        },
        {
            "name": "IDD Record Access Control Point",
            "abbreviation": "idd record access control point",
            "description": "The IDD RACP is used for basic management and access of the history database of the Server including historical data of the insulin therapy,device state changes,and annunciations.",
            "uuid": [
                "0x27",
                "0x2B"
            ],
            "db_size": 20,
            "fields": [
                {
                    "name": "Op Code",
                    "abbreviation": "op code",
                    "format": "uint8_t"
                },
                {
                    "name": "Operator",
                    "abbreviation": "operator",
                    "format": "uint8_t"
                },
                {
                    "name": "Operand",
                    "abbreviation": "operand",
                    "format": "uint8_t"
                },
                {
                    "name": "Response Op Code",
                    "abbreviation": "response op code",
                    "format": "uint8_t"
                }
            ],
            "properties": [
                "Write",
                "Indicate"
            ],
            "aux_properties": [],
            "descriptors": [
                {
                    "name": "Client Characteristic Configuration",
                    "abbreviation": "cli cnfg",
                    "uuid": [
                        "0x02",
                        "0x29"
                    ],
                    "db_size": 2,
                    "description": "Client Characteristic Configuration Descriptor",
                    "properties": [
                        "Read",
                        "Write"
                    ],
                    "aux_properties": [
                        "Peer Specific"
                    ],
                    "fields": [
                        {
                            "name": "cli cnfg",
                            "description": "Client Characteristic Configuration",
                            "format": "uint16_t"
                        }
                    ]
                }
            ]
        },
        {
            "name": "IDD History Data",
            "abbreviation": "idd history data",
            "description": "The IDD History Data characteristic is comprised of response records from executed procedures of the IDD Record Access Control Point.",
            "uuid": [
                "0x28",
                "0x2B"
            ],
            "db_size": 20,
            "fields": [
                {
                    "name": "Event Type",
                    "abbreviation": "event type",
                    "format": "uint16_t",
                    "enumeration": [
                        {
                            "key": 15,
                            "value": "Reference Time"
                        },
                        {
                            "key": 51,
                            "value": "Reference Time Offset"
                        },
                        {
                            "key": 60,
                            "value": "Bolus Caculated Part 1 of 2"
                        },
                        {
                            "key": 85,
                            "value": "Bolus Caculated Part 2 of 2"
                        },
                        {
                            "key": 90,
                            "value": "Bolus Programmed Part 1 of 2"
                        },
                        {
                            "key": 102,
                            "value": "Bolus Programmed Part 2 of 2"
                        },
                        {
                            "key": 105,
                            "value": "Bolus Delivered Part 1 of 2"
                        },
                        {
                            "key": 150,
                            "value": "Bolus Delivered Part 2 of 2"
                        },
                        {
                            "key": 153,
                            "value": "Delivered Basal Rate Changed"
                        },
                        {
                            "key": 165,
                            "value": "TBR Adjustment Started"
                        },
                        {
                            "key": 170,
                            "value": "TBR Adjustment Ended"
                        },
                        {
                            "key": 195,
                            "value": "TBR Adjustment Changed"
                        },
                        {
                            "key": 204,
                            "value": "Profile Template Activated"
                        },
                        {
                            "key": 240,
                            "value": "Basal Rate Profile Template Time Block Changed"
                        },
                        {
                            "key": 255,
                            "value": "Total Daily Insulin Delivery"
                        },
                        {
                            "Key": 771,
                            "value": "Therapy Control State Changed"
                        },
                        {
                            "key": 780,
                            "value": "Operational State Changed"
                        },
                        {
                            "key": 816,
                            "value": "Reservoir Remaining Amount Changed"
                        },
                        {
                            "key": 831,
                            "value": "Annunciation Status Changed Part 1 of 2"
                        },
                        {
                            "key": 854,
                            "value": "Annunciation Status Changed Part 2 of 2"
                        },
                        {
                            "key": 857,
                            "value": "ISF Profile Template Time Block Changed"
                        },
                        {
                            "Key": 869,
                            "value": "I2CHO Ratio Profile Template Time Block Changed"
                        },
                        {
                            "Key": 874,
                            "value": "Target Glucose Range Profile Template Time Block Changed"
                        },
                        {
                            "Key": 917,
                            "value": "Priming Started"
                        },
                        {
                            "Key": 922,
                            "value": "Priming Done"
                        },
                        {
                            "Key": 934,
                            "value": "Data Corruption"
                        },
                        {
                            "Key": 937,
                            "value": "Pointer Event"
                        },
                        {
                            "key": 960,
                            "value": "Bolus Template Changed Part 1 of 2"
                        },
                        {
                            "key": 975,
                            "value": "Bolus Template Changed Part 2 of 2"
                        },
                        {
                            "key": 1011,
                            "value": "TBR Template Changed"
                        },
                        {
                            "key": 1020,
                            "value": "Max Bolus Amount Changed"
                        }
                    ]
                },
                {
                    "name": "Sequence Number",
                    "abbreviation": "sequence number",
                    "format": "uint32_t"
                },
                {
                    "name": "Relative Offset",
                    "abbreviation": "relative offset",
                    "format": "uint16_t"
                },
                {
                    "name": "Event Data",
                    "abbreviation": "event data",
                    "format": "struct",
                    "fields": [
                        {
                            "name": "Recommended Fast Amount Meal",
                            "abbreviation": "recommended fast amount meal",
                            "format": "st_ble_ieee11073_sfloat_t"
                        },
                        {
                            "name": "Recommended Fast Amount Correction",
                            "abbreviation": "recommended fast amount correction",
                            "format": "st_ble_ieee11073_sfloat_t"
                        },
                        {
                            "name": "Recommended Extend Amount Meal",
                            "abbreviation": "recommended extend amount meal",
                            "format": "st_ble_ieee11073_sfloat_t"
                        },
                        {
                            "name": "Recommended extend Amount correction",
                            "abbreviation": "recommended extend amount correction",
                            "format": "st_ble_ieee11073_sfloat_t"
                        }
                    ]
                },
                {
                    "name": "E2E-CRC",
                    "abbreviation": "e2e crc",
                    "format": "uint16_t"
                }
            ],
            "properties": [
                "InformativeText",
                "Notify"
            ],
            "aux_properties": [],
            "descriptors": [
                {
                    "name": "Client Characteristic Configuration",
                    "abbreviation": "cli cnfg",
                    "uuid": [
                        "0x02",
                        "0x29"
                    ],
                    "db_size": 2,
                    "description": "Client Characteristic Configuration Descriptor",
                    "properties": [
                        "Read",
                        "Write"
                    ],
                    "aux_properties": [
                        "Peer Specific"
                    ],
                    "fields": [
                        {
                            "name": "cli cnfg",
                            "description": "Client Characteristic Configuration",
                            "format": "uint16_t"
                        }
                    ]
                }
            ]
        }
    ]
}
