{
    "name": "LED Switch Service",
    "abbreviation": "ls",
    "description": "This service exposes a control point to allow a peer device to control LEDs and switched on the device.",
    "uuid": [
        "0xE0","0xFC","0x8E","0x8E","0x96","0xB4","0x01","0xAB","0x67","0x42","0x05","0x5F","0x26","0x19","0x83","0x58"
    ],
    "aux_properties": [
        "None"
    ],
    "error_codes": [],
    "characteristics": [
        {
            "name": "Switch State",
            "abbreviation": "switch state",
            "description": "",
            "uuid": [
                "0xE0","0xFC","0x8E","0x8E","0x96","0xB4","0x01","0xAB","0x67","0x42","0x05","0x5F","0x57","0x7F","0x83","0x58"
            ],
            "db_size": 1,
            "fields": [
                {
                    "name": "State",
                    "description": "",
                    "format": "uint8_t"
                }
            ],
            "properties": [
                "Notify"
            ],
            "aux_properties": [],
            "descriptors": [
                {
                    "name": "Client Characteristic Configuration",
                    "abbreviation": "cli cnfg",
                    "uuid": [
                        "0x02",
                        "0x29"
                     ],
                    "db_size": 2,
                    "description": "Client Characteristic Configuration Descriptor",
                    "properties": [
                        "Read",
                        "Write"
                    ],
                    "aux_properties": [
                        "Peer Specific"
                    ],
                    "fields": [
                        {
                            "name": "cli cnfg",
                            "description": "Client Characteristic Configuration",
                            "format": "uint16_t"
                        }
                    ]
                }
            ]
        },
        {
            "name": "LED Blink Rate",
            "abbreviation": "blink rate",
            "description": "",
            "uuid": [
                "0xE0","0xFC","0x8E","0x8E","0x96","0xB4","0x01","0xAB","0x67","0x42","0x05","0x5F","0x2F","0xC3","0x83","0x58"
            ],
            "db_size": 1,
            "fields": [
                {
                    "name": "Rate",
                    "description": "",
                    "format": "uint8_t"
                }
            ],
            "properties": [
                "Read",
                "Write"
            ],
            "aux_properties": []
        }
    ]
}
