{
    "name": "Link Loss Service",
    "abbreviation": "ll",
    "description": "This service uses the Alert Level characteristic to cause an alert in the device when the link is lost.",
    "uuid": [
        "0x03",
        "0x18"
    ],
    "aux_properties": [
        "None"
    ],
    "error_codes": [],
    "characteristics": [
        {
            "name": "Alert Level",
            "abbreviation": "alert level",
            "description": "The level of an alert a device is to sound. If this level is changed while the alert is being sounded,the new level should take effect.",
            "uuid": [
                "0x06",
                "0x2A"
            ],
            "db_size": 1,
            "fields": [
                {
                    "name": "Level",
                    "description": "Level",
                    "format": "uint8_t",
                    "enumerations": [
                        {
                            "key": 0,
                            "value": "No Alert",
                            "description": "No Alert"
                        },
                        {
                            "key": 1,
                            "value": "Mild Alert",
                            "description": "Mild Alert"
                        },
                        {
                            "key": 2,
                            "value": "High Alert",
                            "description": "High Alert"
                        }
                    ]
                }
            ],
            "properties": [
                "Read",
                "Write"
            ],
            "aux_properties": []
        }
    ]
}
