{
    "name": "Location and Navigation Service",
    "abbreviation": "ln",
    "description": "This service exposes location and navigation-related data from a Location and Navigation sensor intended for outdoor activity applications.",
    "uuid": [
        "0x19",
        "0x18"
    ],
    "aux_properties": [
        "None"
    ],
    "error_codes": [],
    "characteristics": [
        {
            "name": "LN Feature",
            "abbreviation": "feat",
            "description": "The LN Feature characteristic is used to report a list of features supported by the device.",
            "uuid": [
                "0x6A",
                "0x2A"
            ],
            "db_size": 4,
            "fields": [
                {
                    "name": "Is Instantaneous Speed Supported",
                    "description": "Instantaneous Speed Supported",
                    "format": "bool"
                },
                {
                    "name": "Is Total Distance Supported",
                    "description": "Total Distance Supported",
                    "format": "bool"
                },
                {
                    "name": "Is Location Supported",
                    "description": "Location Supported",
                    "format": "bool"
                },
                {
                    "name": "Is Elevation Supported",
                    "description": "Elevation Supported",
                    "format": "bool"
                },
                {
                    "name": "Is Heading Supported",
                    "description": "Heading Supported",
                    "format": "bool"
                },
                {
                    "name": "Is Rolling Time Supported",
                    "description": "Rolling Time Supported",
                    "format": "bool"
                },
                {
                    "name": "Is UTC Time Supported",
                    "description": "UTC Time Supported",
                    "format": "bool"
                },
                {
                    "name": "Is Remaining Distance Supported",
                    "description": "Remaining Distance Supported",
                    "format": "bool"
                },
                {
                    "name": "Is Remaining Vertical Distance Supported",
                    "description": "Remaining Vertical Distance Supported",
                    "format": "bool"
                },
                {
                    "name": "Is Estimated Time of Arrival Supported",
                    "description": "Estimated Time of Arrival Supported",
                    "format": "bool"
                },
                {
                    "name": "Is Number of Beacons in Solution Supported",
                    "description": "Number of Beacons in Solution Supported",
                    "format": "bool"
                },
                {
                    "name": "Is Number of Beacons in View Supported",
                    "description": "Number of Beacons in View Supported",
                    "format": "bool"
                },
                {
                    "name": "Is Time to First Fix Supported",
                    "description": "Time to First Fix Supported",
                    "format": "bool"
                },
                {
                    "name": "Is Estimated Horizontal Position Error Supported",
                    "description": "Estimated Horizontal Position Error Supported",
                    "format": "bool"
                },
                {
                    "name": "Is Estimated Vertical Position Error Supported",
                    "description": "Estimated Vertical Position Error Supported",
                    "format": "bool"
                },
                {
                    "name": "Is Horizontal Dilution of Precision Supported",
                    "description": "Horizontal Dilution of Precision Supported",
                    "format": "bool"
                },
                {
                    "name": "Is Vertical Dilution of Precision Supported",
                    "description": "Vertical Dilution of Precision Supported",
                    "format": "bool"
                },
                {
                    "name": "Is Location and Speed Characteristic Content Masking Supported",
                    "description": "Location and Speed Characteristic Content Masking Supported",
                    "format": "bool"
                },
                {
                    "name": "Is Fix Rate Setting Supported",
                    "description": "Fix Rate Setting Supported",
                    "format": "bool"
                },
                {
                    "name": "Is Elevation Setting Supported",
                    "description": "Elevation Setting Supported",
                    "format": "bool"
                },
                {
                    "name": "Is Position Status Supported",
                    "description": "Position Status Supported",
                    "format": "bool"
                }
            ],
            "properties": [
                "Read"
            ],
            "aux_properties": []
        },
        {
            "name": "Location and Speed",
            "abbreviation": "location and speed",
            "description": "The Location and Speed characteristic is a variable length structure containing a Flags field and,based on the contents of the Flags field,may contain a combination of data fields listed below. Note that it is possible for this characteristic to exceed the default LE MTU size.",
            "uuid": [
                "0x67",
                "0x2A"
            ],
            "db_size": 30,
            "fields": [
                {
                    "name": "Flags",
                    "description": "Flags",
                    "format": "struct",
                    "fields": [
                        {
                            "name": "Is Instantaneous Speed Present",
                            "description": "Instantaneous Speed Present",
                            "format": "bool"
                        },
                        {
                            "name": "Is Total Distance Present",
                            "description": "Total Distance Present",
                            "format": "bool"
                        },
                        {
                            "name": "Is Location Present",
                            "description": "Location Present",
                            "format": "bool"
                        },
                        {
                            "name": "Is Elevation Present",
                            "description": "Elevation Present",
                            "format": "bool"
                        },
                        {
                            "name": "Is Heading Present",
                            "description": "Heading Present",
                            "format": "bool"
                        },
                        {
                            "name": "Is Rolling Time Present",
                            "description": "Rolling Time Present",
                            "format": "bool"
                        },
                        {
                            "name": "Is UTC Time Present",
                            "description": "UTC Time Present",
                            "format": "bool"
                        },
                        {
                            "name": "Position Status",
                            "description": "Position Status",
                            "format": "uint8_t",
                            "enumerations": [
                                {
                                    "key": 0,
                                    "value": "No Position",
                                    "description": "No Position"
                                },
                                {
                                    "key": 1,
                                    "value": "Position Ok",
                                    "description": "Position Ok"
                                },
                                {
                                    "key": 2,
                                    "value": "Estimated Position",
                                    "description": "Estimated Postion"
                                },
                                {
                                    "key": 3,
                                    "value": "Last Known Position",
                                    "description": "Last Known Position"
                                }
                            ]
                        },
                        {
                            "name": "Is Speed and Distance format",
                            "description": "Speed and Distance format",
                            "format": "bool",
                            "enumerations": [
                                {
                                    "key": 0,
                                    "value": "2D",
                                    "description": "2D"
                                },
                                {
                                    "key": 1,
                                    "value": "3D",
                                    "description": "3D"
                                }
                            ]
                        },
                        {
                            "name": "Elevation Source",
                            "description": "Elevation Source",
                            "format": "uint8_t",
                            "enumerations": [
                                {
                                    "key": 0,
                                    "value": "Positioning System",
                                    "description": "Positioning System"
                                },
                                {
                                    "key": 1,
                                    "value": "Barometric Air Pressure",
                                    "description": "Barometric Air Pressure"
                                },
                                {
                                    "key": 2,
                                    "value": "Database Service",
                                    "description": "Database Service"
                                },
                                {
                                    "key": 3,
                                    "value": "Other",
                                    "description": "Other"
                                }
                            ]
                        },
                        {
                            "name": "Is Heading Source",
                            "description": "Heading Source",
                            "format": "bool",
                            "enumerations": [
                                {
                                    "key": 0,
                                    "value": "Heading based on movement",
                                    "description": "Heading based on movement"
                                },
                                {
                                    "key": 1,
                                    "value": "Heading based on magnetic compass",
                                    "description": "Heading based on magnetic compass"
                                }
                            ]
                        }
                    ]
                },
                {
                    "name": "Instantaneous Speed",
                    "description": "Instantaneous Speed",
                    "format": "uint16_t"
                },
                {
                    "name": "Total Distance",
                    "description": "Total Distance",
                    "format": "uint32_t"
                },
                {
                    "name": "Latitude",
                    "description": "Location - Latitude",
                    "format": "int32_t"
                },
                {
                    "name": "Longitude",
                    "description": "Location - Longitude",
                    "format": "int32_t"
                },
                {
                    "name": "Elevation",
                    "description": "Elevation",
                    "format": "int32_t"
                },
                {
                    "name": "Heading",
                    "description": "Heading",
                    "format": "uint16_t"
                },
                {
                    "name": "Rolling Time",
                    "description": "Rolling Time",
                    "format": "uint8_t"
                },
                {
                    "name": "UTC Time",
                    "description": "UTC Time",
                    "format": "st_ble_date_time_t"
                }
            ],
            "properties": [
                "Notify"
            ],
            "aux_properties": [],
            "descriptors": [
                {
                    "name": "Client Characteristic Configuration",
                    "abbreviation": "cli cnfg",
                    "uuid": [
                        "0x02",
                        "0x29"
                    ],
                    "db_size": 2,
                    "description": "Client Characteristic Configuration Descriptor",
                    "properties": [
                        "Read",
                        "Write"
                    ],
                    "aux_properties": [
                        "Peer Specific"
                    ],
                    "fields": [
                        {
                            "name": "cli cnfg",
                            "description": "Client Characteristic Configuration",
                            "format": "uint16_t"
                        }
                    ]
                }
            ]
        },
        {
            "name": "Position Quality",
            "abbreviation": "position quality",
            "description": "The Position Quality characteristic is a variable length structure containing a Flags field and at least one of the optional data fields listed below",
            "uuid": [
                "0x69",
                "0x2A"
            ],
            "db_size": 16,
            "fields": [
                {
                    "name": "Flags",
                    "description": "Flags",
                    "format": "struct",
                    "fields": [
                        {
                            "name": "Is Number of Beacons in Solution Present",
                            "description": "Number of Beacons in Solution Present",
                            "format": "bool"
                        },
                        {
                            "name": "Is Number of Beacons in View Present",
                            "description": "Number of Beacons in View Present",
                            "format": "bool"
                        },
                        {
                            "name": "Is Time to First Fix Present",
                            "description": "Time to First Fix Present",
                            "format": "bool"
                        },
                        {
                            "name": "Is EHPE Present",
                            "description": "EHPE Present",
                            "format": "bool"
                        },
                        {
                            "name": "Is EVPE Present",
                            "description": "EVPE Present",
                            "format": "bool"
                        },
                        {
                            "name": "Is HDOP Present",
                            "description": "HDOP Present",
                            "format": "bool"
                        },
                        {
                            "name": "Is VDOP Present",
                            "description": "VDOP Present",
                            "format": "bool"
                        },
                        {
                            "name": "Position Status",
                            "description": "Position Status",
                            "format": "uint8_t",
                            "enumerations": [
                                {
                                    "key": 0,
                                    "value": "No Position",
                                    "description": "No Position"
                                },
                                {
                                    "key": 1,
                                    "value": "Position Ok",
                                    "description": "Position Ok"
                                },
                                {
                                    "key": 2,
                                    "value": "Estimated Position",
                                    "description": "Estimated Postion"
                                },
                                {
                                    "key": 3,
                                    "value": "Last Known Position",
                                    "description": "Last Known Position"
                                }
                            ]
                        }
                    ]
                },
                {
                    "name": "Number of Beacons in Solution",
                    "description": "Number of Beacons in Solution",
                    "format": "uint8_t"
                },
                {
                    "name": "Number of Beacons in View",
                    "description": "Number of Beacons in View",
                    "format": "uint8_t"
                },
                {
                    "name": "Time to First Fix",
                    "description": "Time to First Fix",
                    "format": "uint16_t"
                },
                {
                    "name": "EHPE",
                    "description": "EHPE",
                    "format": "uint32_t"
                },
                {
                    "name": "EVPE",
                    "description": "EVPE",
                    "format": "uint32_t"
                },
                {
                    "name": "HDOP",
                    "description": "HDOP",
                    "format": "uint8_t"
                },
                {
                    "name": "VDOP",
                    "description": "VDOP",
                    "format": "uint8_t"
                }
            ],
            "properties": [
                "Read"
            ],
            "aux_properties": []
        },
        {
            "name": "LN Control Point",
            "abbreviation": "cp",
            "description": "The LN Control Point characteristic is used to request a specific function to be executed on the receiving device.",
            "uuid": [
                "0x6B",
                "0x2A"
            ],
            "db_size": 23,
            "fields": [
                {
                    "name": "Op Codes",
                    "description": "Op Codes",
                    "format": "uint8_t",
                    "enumerations": [
                        {
                            "key": 1,
                            "value": "Set Cumulative Value",
                            "description": "Set Cumulative Value"
                        },
                        {
                            "key": 2,
                            "value": "Mask Location and Speed Characteristic Content",
                            "description": "Mask Location and Speed Characteristic Content"
                        },
                        {
                            "key": 3,
                            "value": "Navigation Control",
                            "description": "Navigation Control"
                        },
                        {
                            "key": 4,
                            "value": "Request Number of Routes",
                            "description": "Request Number of Routes"
                        },
                        {
                            "key": 5,
                            "value": "Request Name of Route",
                            "description": "Request Name of Route"
                        },
                        {
                            "key": 6,
                            "value": "Select Route",
                            "description": "Select Route"
                        },
                        {
                            "key": 7,
                            "value": "Set Fix Rate",
                            "description": "Set Fix Rate"
                        },
                        {
                            "key": 8,
                            "value": "Set Elevation",
                            "description": "Set Elevation"
                        },
                        {
                            "key": 32,
                            "value": "Response Code",
                            "description": "Response Code"
                        }
                    ]
                },
                {
                    "name": "Parameter Value",
                    "description": "Parameter Value",
                    "format": "st_ble_seq_data_t"
                },
                {
                    "name": "Request Op Code",
                    "description": "Request Op Code",
                    "format": "uint8_t"
                },
                {
                    "name": "Response Value",
                    "description": "Response Value",
                    "format": "uint8_t",
                    "enumerations": [
                        {
                            "key": 1,
                            "value": "Success",
                            "description": "Success"
                        },
                        {
                            "key": 2,
                            "value": "Op Code not Supported",
                            "description": "Op Code not Supported"
                        },
                        {
                            "key": 3,
                            "value": "Invalid Parameter",
                            "description": "Invalid Parameter"
                        },
                        {
                            "key": 4,
                            "value": "Operation Failed",
                            "description": "Operation Failed"
                        }
                    ]
                },
                {
                    "name": "Response Parameter",
                    "description": "Response Parameter",
                    "format": "st_ble_seq_data_t"
                }
            ],
            "properties": [
                "Write",
                "Indicate"
            ],
            "aux_properties": [],
            "descriptors": [
                {
                    "name": "Client Characteristic Configuration",
                    "abbreviation": "cli cnfg",
                    "uuid": [
                        "0x02",
                        "0x29"
                    ],
                    "db_size": 2,
                    "description": "Client Characteristic Configuration Descriptor",
                    "properties": [
                        "Read",
                        "Write"
                    ],
                    "aux_properties": [
                        "Peer Specific"
                    ],
                    "fields": [
                        {
                            "name": "cli cnfg",
                            "description": "Client Characteristic Configuration",
                            "format": "uint16_t"
                        }
                    ]
                }
            ]
        },
        {
            "name": "Navigation",
            "abbreviation": "navigation",
            "description": "The Navigation characteristic is a variable length structure containing a Flags field,a Bearing field,a Heading field and,based on the contents of the Flags field,may contain a combination of data fields listed below.",
            "uuid": [
                "0x68",
                "0x2A"
            ],
            "db_size": 21,
            "fields": [
                {
                    "name": "Flags",
                    "description": "Flags",
                    "format": "struct",
                    "fields": [
                        {
                            "name": "Is Remaining Distance Present",
                            "description": "Remaining Distance Present",
                            "format": "bool"
                        },
                        {
                            "name": "Is Remaining Vertical Distance Present",
                            "description": "Remaining Vertical Distance Present",
                            "format": "bool"
                        },
                        {
                            "name": "Is Estimated Time of Arrival Present",
                            "description": "Estimated Time of Arrival Present",
                            "format": "bool"
                        },
                        {
                            "name": "Position Status",
                            "description": "Position Status",
                            "format": "uint8_t",
                            "enumerations": [
                                {
                                    "key": 0,
                                    "value": "No Position",
                                    "description": "No Position"
                                },
                                {
                                    "key": 1,
                                    "value": "Position Ok",
                                    "description": "Position Ok"
                                },
                                {
                                    "key": 2,
                                    "value": "Estimated Position",
                                    "description": "Estimated Position"
                                },
                                {
                                    "key": 3,
                                    "value": "Last Known Position",
                                    "description": "Lost Known Position"
                                }
                            ]
                        },
                        {
                            "name": "Is Heading Source",
                            "description": "Heading Source",
                            "format": "bool",
                            "enumerations": [
                                {
                                    "key": 0,
                                    "value": "Heading based on movement",
                                    "description": "Heading based on movement"
                                },
                                {
                                    "key": 1,
                                    "value": "Heading based on magnetic compass",
                                    "description": "Heading based on magnetic compass"
                                }
                            ]
                        },
                        {
                            "name": "Is Navigation Indicator Type",
                            "description": "Navigation Indicator Type",
                            "format": "bool",
                            "enumerations": [
                                {
                                    "key": 0,
                                    "value": "To Waypoint",
                                    "description": "To Waypoint"
                                },
                                {
                                    "key": 1,
                                    "value": "To Destination",
                                    "description": "To Destination"
                                }
                            ]
                        },
                        {
                            "name": "Is Waypoint Reached",
                            "description": "Waypoint Reached",
                            "format": "bool"
                        },
                        {
                            "name": "Is Destination Reached",
                            "description": "Destination Reached",
                            "format": "bool"
                        }
                    ]
                },
                {
                    "name": "Bearing",
                    "description": "Bearing",
                    "format": "uint16_t"
                },
                {
                    "name": "Heading",
                    "description": "Heading",
                    "format": "uint16_t"
                },
                {
                    "name": "Remaining Distance",
                    "description": "Remaining Distance",
                    "format": "uint32_t"
                },
                {
                    "name": "Remaining Vertical Distance",
                    "description": "Remaining Vertical Distance",
                    "format": "int32_t"
                },
                {
                    "name": "Estimated Time of Arrival",
                    "description": "Estimated Time of Arrival",
                    "format": "st_ble_date_time_t"
                }
            ],
            "properties": [
                "Notify"
            ],
            "aux_properties": [],
            "descriptors": [
                {
                    "name": "Client Characteristic Configuration",
                    "abbreviation": "cli cnfg",
                    "uuid": [
                        "0x02",
                        "0x29"
                    ],
                    "db_size": 2,
                    "description": "Client Characteristic Configuration Descriptor",
                    "properties": [
                        "Read",
                        "Write"
                    ],
                    "aux_properties": [
                        "Peer Specific"
                    ],
                    "fields": [
                        {
                            "name": "cli cnfg",
                            "description": "Client Characteristic Configuration",
                            "format": "uint16_t"
                        }
                    ]
                }
            ]
        }
    ]
}
