{
    "name": "Next DST Change Service",
    "abbreviation": "ndc",
    "description": "This service defines how the information about an upcoming DST change can be exposed using the Generic Attribute Profile (GATT).",
    "uuid": [
        "0x07",
        "0x18"
    ],
    "aux_properties": [
        "None"
    ],
    "error_codes": [],
    "characteristics": [
        {
            "name": "Time with DST",
            "abbreviation": "TDST",
            "description": "This service enables a knowledge about the next occurrence of a DST change to expose this information to another Bluetooth device.",
            "uuid": [
                "0x11",
                "0x2A"
            ],
            "db_size": "1",
            "fields": [
                {
                    "name": "Date Time",
                    "description": "Date Time",
                    "format": "st_ble_date_time_t"
                },
                {
                    "name": "DST Offset",
                    "description": "DST Offset",
                    "format": "uint8_t",
                    "enumerations": [
                        {
                            "key": 0,
                            "value": "Standard Time",
                            "description": "Standard Time"
                        },
                        {
                            "key": 2,
                            "value": "Half An Hour Daylight Time(+0.5h)",
                            "description": "Half An Hour Daylight Time(+0.5h)"
                        },
                        {
                            "key": 4,
                            "value": "Daylight Time(+1h)",
                            "description": "Daylight Time(+1h)"
                        },
                        {
                            "key": 8,
                            "value": "Double Daylight Time(+2h)",
                            "description": "Double Daylight Time(+2h)"
                        }
                    ]
                }
            ],
            "properties": [
                "Read"
            ],
            "aux_properties": []
        }
    ]
}
