{
    "name": "Object Transfer Service",
    "abbreviation": "ot",
    "description": "This service provides management and control features supporting bulk data transfers which occur via a separate L2CAP connection oriented channel. The Client is enabled to create and delete objects and to execute an action using the currently selected object. The selected object can be written,updated or read via an Object Transfer Channel opened by the Client. The generation of a checksum covering a part or the whole of the object contents is included as an optional feature. This service provides a general method for a Client to select and initiate the transfer of any type of object.",
    "uuid": [
        "0x25",
        "0x18"
    ],
    "aux_properties": [
        "None"
    ],
    "error_codes": [
        {
            "code": "0x80",
            "name": "Write Request Rejected",
            "description": "An attempt was made to write a value that is invalid or not supported by this Server for a reason other than the attribute permissions."
        },
        {
            "code": "0x81",
            "name": "Object Not Selected",
            "description": "An attempt was made to read or write to an Object Metadata characteristic while the Current Object was an Invalid Object (see Section 1.8 in the PDF sepcification)."
        },
        {
            "code": "0x82",
            "name": "Concurrency Limit Exceeded",
            "description": "The Server is unable to service the Read Request or Write Request because it exceeds the concurrency limit of the service."
        },
        {
            "code": "0x83",
            "name": "Object Name Already Exists",
            "description": "The requested object name was rejected because the name was already in use by an existing object on the Server."
        }
    ],
    "characteristics": [
        {
            "name": "OTS Feature",
            "abbreviation": "feat",
            "description": "Exposes optional features supported",
            "uuid": [
                "0xBD",
                "0x2A"
            ],
          "db_size": 8,
            "fields": [
                {
                    "name": "OACP Features",
                    "description": "OACP Features",
                    "format": "struct",
                    "fields": [
                        {
                            "name": "Is OACP Create Op Code Supported",
                            "description": "OACP Create Op Code Supported",
                            "format": "bool"
                        },
                        {
                            "name": "Is OACP Delete Op Code Supported",
                            "description": "OACP Delete Op Code Supported",
                            "format": "bool"
                        },
                        {
                            "name": "Is OACP Calculate Checksum Op Code Supported",
                            "description": "OACP Calculate Checksum Op Code Supported",
                            "format": "bool"
                        },
                        {
                            "name": "Is OACP Execute Op Code Supported",
                            "description": "OACP Execute Op Code Supported",
                            "format": "bool"
                        },
                        {
                            "name": "Is OACP Read Op Code Supported",
                            "description": "OACP Read Op Code Supported",
                            "format": "bool"
                        },
                        {
                            "name": "Is OACP Write Op Code Supported",
                            "description": "OACP Write Op Code Supported",
                            "format": "bool"
                        },
                        {
                            "name": "Is Appending Additional Data to Objects Supported",
                            "description": "Appending Additional Data to Objects Supported",
                            "format": "bool"
                        },
                        {
                            "name": "Is Truncation of Objects Supported",
                            "description": "Truncation of Objects Supported",
                            "format": "bool"
                        },
                        {
                            "name": "Is Patching of Objects Supported",
                            "description": "Patching of Objects Supported",
                            "format": "bool"
                        },
                        {
                            "name": "Is OACP Abort Op Code Supported",
                            "description": "OACP Abort Op Code Supported",
                            "format": "bool"
                        }
                    ]
                },
                {
                    "name": "OLCP Features",
                    "description": "OLCP Features",
                    "format": "struct",
                    "fields": [
                        {
                            "name": "Is OLCP Go To Op Code Supported",
                            "description": "OLCP Go To Op Code Supported",
                            "format": "bool"
                        },
                        {
                            "name": "Is OLCP Order Op Code Supported",
                            "description": "OLCP Order Op Code Supported",
                            "format": "bool"
                        },
                        {
                            "name": "Is OLCP Request Number of Objects Op Code Supported",
                            "description": "OLCP Request Number of Objects Op Code Supported",
                            "format": "bool"
                        },
                        {
                            "name": "Is OLCP Clear Marking Op Code Supported",
                            "description": "OLCP Clear Marking Op Code Supported",
                            "format": "bool"
                        }
                    ]
                }
            ],
            "properties": [
                "Read"
            ],
            "aux_properties": []
        },
        {
            "name": "Object Name",
            "abbreviation": "obj name",
            "description": "Exposes the name of the current object",
            "uuid": [
                "0xBE",
                "0x2A"
            ],
            "db_size": 100,
            "fields": [
                {
                    "name": "Object Name",
                    "description": "Object Name",
                    "format": "st_ble_seq_data_t"
                }
            ],
            "properties": [
                "Read",
                "Write"
            ],
            "aux_properties": []
        },
        {
            "name": "Object Type",
            "abbreviation": "obj type",
            "description": "Exposes the type of the current object",
            "uuid": [
                "0xBF",
                "0x2A"
            ],
            "db_size": 16,
            "fields": [
                {
                    "name": "Object Type",
                    "description": "Object Type",
                    "format": "st_ble_uuid_t"
                }
            ],
            "properties": [
                "Read"
            ],
            "aux_properties": []
        },
        {
            "name": "Object Size",
            "abbreviation": "obj size",
            "description": "Exposes the current size and allocated size of the current object",
            "uuid": [
                "0xC0",
                "0x2A"
            ],
            "db_size": 8,
            "fields": [
                {
                    "name": "Current Size",
                    "description": "Current Size",
                    "format": "uint32_t"
                },
                {
                    "name": "Allocated Size",
                    "description": "Allocated Size",
                    "format": "uint32_t"
                }
            ],
            "properties": [
                "Read"
            ],
            "aux_properties": []
        },
        {
            "name": "Object First-Created",
            "abbreviation": "obj first created",
            "description": "Exposes date and time when the object contents were first created",
            "uuid": [
                "0xC1",
                "0x2A"
            ],
            "db_size": 7,
            "fields": [
                {
                    "name": "Object First-Created",
                    "description": "Object First-Created",
                    "format": "st_ble_date_time_t"
                }
            ],
            "properties": [
                "Read",
                "Write"
            ],
            "aux_properties": []
        },
        {
            "name": "Object Last-Modified",
            "abbreviation": "obj last modified",
            "description": "Exposes date and time when the object content was last modified",
            "uuid": [
                "0xC2",
                "0x2A"
            ],
            "db_size": 7,
            "fields": [
                {
                    "name": "Object Last-Modified",
                    "description": "Object Last-Modified",
                    "format": "st_ble_date_time_t"
                }
            ],
            "properties": [
                "Read",
                "Write"
            ],
            "aux_properties": []
        },
        {
            "name": "Object ID",
            "abbreviation": "obj id",
            "description": "Exposes object id of the current object",
            "uuid": [
                "0xC3",
                "0x2A"
            ],
            "db_size": 6,
            "fields": [
                {
                    "name": "Object ID",
                    "description": "Object ID",
                    "format": "uint8_t",
                    "length": 6,
                    "enumerations": [
                        {
                            "key": 0,
                            "value": "Reserved for the Directory Listing Object",
                            "description": "Reserved for the Directory Listing Object"
                        }
                    ]
                }
            ],
            "properties": [
                "Read"
            ],
            "aux_properties": []
        },
        {
            "name": "Object Properties",
            "abbreviation": "obj prop",
            "description": "Exposes the properties of the current object",
            "uuid": [
                "0xC4",
                "0x2A"
            ],
            "db_size": 4,
            "fields": [
                {
                    "name": "Is Deletion of this object is permitted",
                    "description": "Deletion of this object is permitted",
                    "format": "bool"
                },
                {
                    "name": "Is Execution of this object is permitted",
                    "description": "Execution of this object is permitted",
                    "format": "bool"
                },
                {
                    "name": "Is Reading this object is permitted",
                    "description": "Reading this object is permitted",
                    "format": "bool"
                },
                {
                    "name": "Is Writing data to this object is permitted",
                    "description": "Writing data to this object is permitted",
                    "format": "bool"
                },
                {
                    "name": "Is Appending data to this object that increases its Allocated Size is permitted",
                    "description": "Appending data to this object that increases its Allocated Size is permitted",
                    "format": "bool"
                },
                {
                    "name": "Is Truncation of this object is permitted",
                    "description": "Truncation of this object is permitted",
                    "format": "bool"
                },
                {
                    "name": "Is Patching this object by overwriting some of the object's existing contents is permitted",
                    "description": "Patching this object by overwriting some of the object's existing contents is permitted",
                    "format": "bool"
                },
                {
                    "name": "Is This object is a marked object",
                    "description": "This object is a marked object",
                    "format": "bool"
                }
            ],
            "properties": [
                "Read",
                "Write"
            ],
            "aux_properties": []
        },
        {
            "name": "Object Action Control Point",
            "abbreviation": "obj action cp",
            "description": "Controls certain behaviours of the server",
            "uuid": [
                "0xC5",
                "0x2A"
            ],
            "db_size": 21,
          "fields": [
            {
              "name": "Op Code",
              "description": "Op Code",
              "format": "uint8_t",
              "enumerations": [
                {
                  "key": 1,
                  "value": "Create",
                  "description": "Create a new,empty object"
                },
                {
                  "key": 2,
                  "value": "Delete",
                  "description": "Delete the Current Object"
                },
                {
                  "key": 3,
                  "value": "Calculate Checksum",
                  "description": "Compare a checksum"
                },
                {
                  "key": 4,
                  "value": "Execute",
                  "description": "Use the Current Object to perform an operation"
                },
                {
                  "key": 5,
                  "value": "Read",
                  "description": "Send object data through Object Transfer Channel"
                },
                {
                  "key": 6,
                  "value": "Write",
                  "description": "Open the Current Object for writing and prepare to accept data"
                },
                {
                  "key": 7,
                  "value": "Abort",
                  "description": "Cease sending previously requested data through Object Transfer Channel"
                },
                {
                  "key": 96,
                  "value": "Response Code",
                  "description": "Used to identify the response to this Control Point"
                }
              ]
            },
            {
              "name": "size",
              "description": "size",
              "format": "uint32_t"
            },
            {
              "name": "type",
              "description": "type",
              "format": "st_ble_uuid_t"
            },
            {
              "name": "offset",
              "description": "offset",
              "format": "uint32_t"
            },
            {
              "name": "length",
              "description": "length",
              "format": "uint32_t"
            },
            {
              "name": "mode",
              "description": "mode",
              "format": "uint8_t"
            },
            {
              "name": "Request Op Code",
              "description": "Request Op Code",
              "format": "uint8_t"
            },
            {
              "name": "Result Code",
              "description": "Result Code",
              "format": "uint8_t",
              "enumerations": [
                {
                  "key": 1,
                  "value": "Success",
                  "description": "Response for successful operation"
                },
                {
                  "key": 2,
                  "value": "Op Code not Supported",
                  "description": "Response if unsupported Op Code is received"
                },
                {
                  "key": 3,
                  "value": "Invalid Parameter",
                  "description": "Parameter received does not meet the requirements"
                },
                {
                  "key": 4,
                  "value": "Insufficient Resources",
                  "description": "Size parameter exceeds the available memory"
                },
                {
                  "key": 5,
                  "value": "Invalid Object",
                  "description": "Current Object is an Invalid Object"
                },
                {
                  "key": 6,
                  "value": "Channel Unavailable",
                  "description": "Object Transfer Channel was not available for use"
                },
                {
                  "key": 7,
                  "value": "Unsupported Type",
                  "description": "OACP procedure Type parameter is not supported by the Server"
                },
                {
                  "key": 8,
                  "value": "Procedure Not Permitted",
                  "description": "Requested procedure is not permitted"
                },
                {
                  "key": 9,
                  "value": "Object Locked",
                  "description": "Current Object is temporarily locked"
                },
                {
                  "key": 10,
                  "value": "Operation Failed",
                  "description": "Operation Failed"
                }
              ]
            },
            {
              "name": "Response Parameter",
              "description": "Response Parameter",
              "format": "uint8_t"
            }
          ],
            "properties": [
                "Write",
                "Indicate"
            ],
            "aux_properties": [],
            "descriptors": [
                {
                    "name": "Client Characteristic Configuration",
                    "abbreviation": "cli cnfg",
                    "uuid": [
                        "0x02",
                        "0x29"
                     ],
                    "db_size": 2,
                    "description": "Client Characteristic Configuration Descriptor",
                    "properties": [
                        "Read",
                        "Write"
                    ],
                    "aux_properties": [
                        "Peer Specific"
                    ],
                    "fields": [
                        {
                            "name": "cli cnfg",
                            "description": "Client Characteristic Configuration",
                            "format": "uint16_t"
                        }
                    ]
                }
            ]
        },
        {
            "name": "Object List Control Point",
            "abbreviation": "obj list cp",
            "description": "Controls certain behaviours of the server",
            "uuid": [
                "0xC6",
                "0x2A"
            ],
            "db_size": 7,
            "fields": [
                {
                    "name": "Op Code",
                    "description": "Op Code",
                    "format": "uint8_t",
                    "enumerations": [
                        {
                            "key": 1,
                            "value": "First",
                            "description": "Make the first object in the list become the Current Object"
                        },
                        {
                            "key": 2,
                            "value": "Last",
                            "description": "Make the last object in the list become the Current Object"
                        },
                        {
                            "key": 3,
                            "value": "Previous",
                            "description": "Make the object immediately preceding the Current Object in the list become the Current Object"
                        },
                        {
                            "key": 4,
                            "value": "Next",
                            "description": "Make the object immediately after the Current Object in the list become the Current Object"
                        },
                        {
                            "key": 5,
                            "value": "Go To",
                            "description": "Select an object by specifying its Object ID"
                        },
                        {
                            "key": 6,
                            "value": "Order",
                            "description": "Arrange the list of objects in order"
                        },
                        {
                            "key": 7,
                            "value": "Request Number of Objects",
                            "description": "Report the total number of objects"
                        },
                        {
                            "key": 8,
                            "value": "Clear Marking",
                            "description": "Update the marking of objects"
                        },
                        {
                            "key": 112,
                            "value": "Response Code",
                            "description": "Used to identify the response to this Control Point"
                        }
                    ]
                },
                {
                    "name": "Parameter",
                    "description": "Parameter",
                    "format": "uint8_t",
                    "length": "variable"
                },
                {
                    "name": "Request Op Code",
                    "description": "Request Op Code",
                    "format": "uint8_t"
                },
                {
                    "name": "Result Code",
                    "description": "Result Code",
                    "format": "uint8_t",
                    "enumerations": [
                        {
                            "key": 1,
                            "value": "Success",
                            "description": "Response for successful operation"
                        },
                        {
                            "key": 2,
                            "value": "Op Code not Supported",
                            "description": "Response if unsupported Op Code is received"
                        },
                        {
                            "key": 3,
                            "value": "Invalid Parameter",
                            "description": "Parameter received does not meet the requirements"
                        },
                        {
                            "key": 4,
                            "value": "Operation Failed",
                            "description": "Requested procedure failed"
                        },
                        {
                            "key": 5,
                            "value": "Out Of Bounds",
                            "description": "Selected object is beyond the first or last object in the current list"
                        },
                        {
                            "key": 6,
                            "value": "Too Many Objects",
                            "description": "Procedure failed due to too many objects"
                        },
                        {
                            "key": 7,
                            "value": "No Object",
                            "description": "Procedure failed due to there being zero objects in the current list"
                        },
                        {
                            "key": 8,
                            "value": "Object ID Not Found",
                            "description": "Procedure failed due to there being no object with the requested Object ID"
                        }
                    ]
                },
                {
                    "name": "Response Parameter",
                    "description": "Response Parameter",
                    "format": "uint8_t"
                },
                {
                    "name": "List Sort Order",
                    "description": "List Sort Order",
                    "format": "uint8_t",
                    "enumerations": [
                        {
                            "key": 1,
                            "value": "Order the list by object name,ascending",
                            "description": "Order the list by object name,ascending"
                        },
                        {
                            "key": 2,
                            "value": "Order the list by object type,ascending",
                            "description": "Order the list by object name,ascending"
                        },
                        {
                            "key": 3,
                            "value": "Order the list by object current size,ascending",
                            "description": "Order the list by object current size,ascending"
                        },
                        {
                            "key": 4,
                            "value": "Order the list by object first-created timestamp,ascending",
                            "description": "Order the list by object first-created timestamp,ascending"
                        },
                        {
                            "key": 5,
                            "value": "Order the list by object last-modified timestamp,ascending",
                            "description": "Order the list by object last-modified timestamp,ascending"
                        },
                        {
                            "key": 17,
                            "value": "Order the list by object name,descending",
                            "description": "Order the list by object name,descending"
                        },
                        {
                            "key": 18,
                            "value": "Order the list by object type,descending",
                            "description": "Order the list by object type,descending"
                        },
                        {
                            "key": 19,
                            "value": "Order the list by object current size,descending",
                            "description": "Order the list by object current size,descending"
                        },
                        {
                            "key": 20,
                            "value": "Order the list by object first-created timestamp,descending",
                            "description": "Order the list by object first-created timestamp,descending"
                        },
                        {
                            "key": 21,
                            "value": "Order the list by object last-modified timestamp,descending",
                            "description": "Order the list by object last-modified timestamp,descending"
                        }
                    ]
                }
            ],
            "properties": [
                "Write",
                "Indicate"
            ],
            "aux_properties": [],
            "descriptors": [
                {
                    "name": "Client Characteristic Configuration",
                    "abbreviation": "cli cnfg",
                    "uuid": [
                        "0x02",
                        "0x29"
                     ],
                    "db_size": 2,
                    "description": "Client Characteristic Configuration Descriptor",
                    "properties": [
                        "Read",
                        "Write"
                    ],
                    "aux_properties": [
                        "Peer Specific"
                    ],
                    "fields": [
                        {
                            "name": "cli cnfg",
                            "description": "Client Characteristic Configuration",
                            "format": "uint16_t"
                        }
                    ]
                }
            ]
        },
        {
            "name": "Object List Filter 0",
            "abbreviation": "obj list filter 0",
            "description": "Determines which objects are included in or excluded from the list of objects",
            "uuid": [
                "0xC7",
                "0x2A"
            ],
            "db_size": 100,
            "fields": [
                {
                    "name": "Filter",
                    "description": "Filter",
                    "format": "uint8_t",
                    "enumerations": [
                        {
                            "key": 0,
                            "value": "No Filter",
                            "description": "No Filter"
                        },
                        {
                            "key": 1,
                            "value": "Name Starts With",
                            "description": "Name Starts With"
                        },
                        {
                            "key": 2,
                            "value": "Name Ends With",
                            "description": "Name Ends With"
                        },
                        {
                            "key": 3,
                            "value": "Name Contains",
                            "description": "Name Contains"
                        },
                        {
                            "key": 4,
                            "value": "Name is Exactly",
                            "description": "Name is Exactly"
                        },
                        {
                            "key": 5,
                            "value": "Object Type",
                            "description": "Name is Exactly"
                        },
                        {
                            "key": 6,
                            "value": "Created between",
                            "description": "Created between"
                        },
                        {
                            "key": 7,
                            "value": "Modified between",
                            "description": "Modified between"
                        },
                        {
                            "key": 8,
                            "value": "Current Size between",
                            "description": "Current Size between"
                        },
                        {
                            "key": 9,
                            "value": "Allocated Size between",
                            "description": "Allocated Size between"
                        },
                        {
                            "key": 10,
                            "value": "Marked Objects",
                            "description": "Marked Objects"
                        }
                    ]
                },
                {
                "name": "string",
                "description": "string",
                "format": "st_ble_seq_data_t"
                },
                {
                    "name": "uuid",
                    "description": "uuid",
                    "format": "st_ble_uuid_t"
                },
                {
                    "name": "timestamp1",
                    "description": "timestamp1",
                    "format": "st_ble_date_time_t"
                },
                {
                    "name": "timestamp2",
                    "description": "timestamp2",
                    "format": "st_ble_date_time_t"
                },
                {
                    "name": "size1",
                    "description": "size1",
                    "format": "uint32_t"
                },
                {
                    "name": "size2",
                    "description": "size2",
                    "format": "uint32_t"
                }
            ],
            "properties": [
                "Read",
                "Write"
            ],
            "aux_properties": []
        },
        {
            "name": "Object List Filter 1",
            "abbreviation": "obj list filter 1",
            "description": "Determines which objects are included in or excluded from the list of objects",
            "uuid": [
                "0xC7",
                "0x2A"
            ],
            "db_size": 100,
            "fields": [
                {
                    "name": "Filter",
                    "description": "Filter",
                    "format": "uint8_t",
                    "enumerations": [
                        {
                            "key": 0,
                            "value": "No Filter",
                            "description": "No Filter"
                        },
                        {
                            "key": 1,
                            "value": "Name Starts With",
                            "description": "Name Starts With"
                        },
                        {
                            "key": 2,
                            "value": "Name Ends With",
                            "description": "Name Ends With"
                        },
                        {
                            "key": 3,
                            "value": "Name Contains",
                            "description": "Name Contains"
                        },
                        {
                            "key": 4,
                            "value": "Name is Exactly",
                            "description": "Name is Exactly"
                        },
                        {
                            "key": 5,
                            "value": "Object Type",
                            "description": "Name is Exactly"
                        },
                        {
                            "key": 6,
                            "value": "Created between",
                            "description": "Created between"
                        },
                        {
                            "key": 7,
                            "value": "Modified between",
                            "description": "Modified between"
                        },
                        {
                            "key": 8,
                            "value": "Current Size between",
                            "description": "Current Size between"
                        },
                        {
                            "key": 9,
                            "value": "Allocated Size between",
                            "description": "Allocated Size between"
                        },
                        {
                            "key": 10,
                            "value": "Marked Objects",
                            "description": "Marked Objects"
                        }
                    ]
                },
                {
                "name": "string",
                "description": "string",
                "format": "st_ble_seq_data_t"
                },
                {
                    "name": "uuid",
                    "description": "uuid",
                    "format": "st_ble_uuid_t"
                },
                {
                    "name": "timestamp1",
                    "description": "timestamp1",
                    "format": "st_ble_date_time_t"
                },
                {
                    "name": "timestamp2",
                    "description": "timestamp2",
                    "format": "st_ble_date_time_t"
                },
                {
                    "name": "size1",
                    "description": "size1",
                    "format": "uint32_t"
                },
                {
                    "name": "size2",
                    "description": "size2",
                    "format": "uint32_t"
                }
            ],
            "properties": [
                "Read",
                "Write"
            ],
            "aux_properties": []
        },
    {
            "name": "Object List Filter 2",
            "abbreviation": "obj list filter 2",
            "description": "Determines which objects are included in or excluded from the list of objects",
            "uuid": [
                "0xC7",
                "0x2A"
            ],
            "db_size": 100,
            "fields": [
                {
                    "name": "Filter",
                    "description": "Filter",
                    "format": "uint8_t",
                    "enumerations": [
                        {
                            "key": 0,
                            "value": "No Filter",
                            "description": "No Filter"
                        },
                        {
                            "key": 1,
                            "value": "Name Starts With",
                            "description": "Name Starts With"
                        },
                        {
                            "key": 2,
                            "value": "Name Ends With",
                            "description": "Name Ends With"
                        },
                        {
                            "key": 3,
                            "value": "Name Contains",
                            "description": "Name Contains"
                        },
                        {
                            "key": 4,
                            "value": "Name is Exactly",
                            "description": "Name is Exactly"
                        },
                        {
                            "key": 5,
                            "value": "Object Type",
                            "description": "Name is Exactly"
                        },
                        {
                            "key": 6,
                            "value": "Created between",
                            "description": "Created between"
                        },
                        {
                            "key": 7,
                            "value": "Modified between",
                            "description": "Modified between"
                        },
                        {
                            "key": 8,
                            "value": "Current Size between",
                            "description": "Current Size between"
                        },
                        {
                            "key": 9,
                            "value": "Allocated Size between",
                            "description": "Allocated Size between"
                        },
                        {
                            "key": 10,
                            "value": "Marked Objects",
                            "description": "Marked Objects"
                        }
                    ]
                },
                {
                "name": "string",
                "description": "string",
                "format": "st_ble_seq_data_t"
                },
                {
                    "name": "uuid",
                    "description": "uuid",
                    "format": "st_ble_uuid_t"
                },
                {
                    "name": "timestamp1",
                    "description": "timestamp1",
                    "format": "st_ble_date_time_t"
                },
                {
                    "name": "timestamp2",
                    "description": "timestamp2",
                    "format": "st_ble_date_time_t"
                },
                {
                    "name": "size1",
                    "description": "size1",
                    "format": "uint32_t"
                },
                {
                    "name": "size2",
                    "description": "size2",
                    "format": "uint32_t"
                }
            ],
            "properties": [
                "Read",
                "Write"
            ],
            "aux_properties": []
        },
        {
            "name": "Object Changed",
            "abbreviation": "obj changed",
            "description": "Enables a Client to receive an indication regarding one or more objects",
            "uuid": [
                "0xC8",
                "0x2A"
            ],
            "db_size": 7,
            "fields": [
                {
                    "name": "Flags",
                    "description": "Flags",
                    "format": "struct",
                    "fields": [
                        {
                            "name": "Is Source of Change",
                            "description": "Source of Change",
                            "format": "bool"
                        },
                        {
                            "name": "Is Change occurred to the object contents",
                            "description": "Change occurred to the object contents",
                            "format": "bool"
                        },
                        {
                            "name": "Is Change occurred to the object metadata",
                            "description": "Change occurred to the object metadata",
                            "format": "bool"
                        },
                        {
                            "name": "Is Object Creation",
                            "description": "Object Creation",
                            "format": "bool"
                        },
                        {
                            "name": "Is Object Deletion",
                            "description": "Object Deletion",
                            "format": "bool"
                        }
                    ]
                },
                {
                    "name": "Object ID",
                    "description": "Object ID",
                    "format": "uint8_t",
                    "length": 6
                }
            ],
            "properties": [
                "Indicate"
            ],
            "aux_properties": [],
      "descriptors": [
                {
                    "name": "Client Characteristic Configuration",
                    "abbreviation": "cli cnfg",
                    "uuid": [
                        "0x02",
                        "0x29"
                     ],
                    "db_size": 2,
                    "description": "Client Characteristic Configuration Descriptor",
                    "properties": [
                        "Read",
                        "Write"
                    ],
                    "aux_properties": [
                        "Peer Specific"
                    ],
                    "fields": [
                        {
                            "name": "cli cnfg",
                            "description": "Client Characteristic Configuration",
                            "format": "uint16_t"
                        }
                    ]
                }
            ]
        }
    ]
}
