{
    "name": "Phone Alert Status Service",
    "abbreviation": "pas",
    "description": "This service exposes the phone alert status when in a connection.",
    "uuid": [
        "0x0E",
        "0x18"
    ],
    "aux_properties": [
        "None"
    ],
    "error_codes": [],
    "characteristics": [
        {
            "name": "Alert Status",
            "abbreviation": "alert status",
            "description": "The Alert Status characteristic defines the Status of alert.",
            "uuid": [
                "0x3F",
                "0x2A"
            ],
            "db_size": 1,
            "fields": [
                {
                    "name": "Is Ringer Active",
                    "description": "Ringer Active",
                    "format": "bool"
                },
                {
                    "name": "Is Vibrate Active",
                    "description": "Vibrate Active",
                    "format": "bool"
                },
                {
                    "name": "Is Display Alert Active",
                    "description": "Display Alert Active",
                    "format": "bool"
                }
            ],
            "properties": [
                "Read",
                "Notify"
            ],
            "aux_properties": [],
            "descriptors": [
                {
                    "name": "Client Characteristic Configuration",
                    "abbreviation": "cli cnfg",
                    "uuid": [
                        "0x02",
                        "0x29"
                    ],
                    "db_size": 2,
                    "description": "Client Characteristic Configuration Descriptor",
                    "properties": [
                        "Read",
                        "Write"
                    ],
                    "aux_properties": [
                        "Peer Specific"
                    ],
                    "fields": [
                        {
                            "name": "cli cnfg",
                            "description": "Client Characteristic Configuration",
                            "format": "uint16_t"
                        }
                    ]
                }
            ]
        },
        {
            "name": "Ringer Setting",
            "abbreviation": "ringer setting",
            "description": "The Ringer Setting characteristic defines the Setting of the Ringer.  Value 0,meaning Ringer Silent  Value 1,meaning Ringer Normal",
            "uuid": [
                "0x41",
                "0x2A"
            ],
            "db_size": 1,
            "fields": [
                {
                    "name": "Ringer Setting",
                    "description": "Ringer Setting",
                    "format": "uint8_t",
                    "enumerations": [
                        {
                            "key": 0,
                            "value": "Ringer Silent",
                            "description": "Ringer Silent"
                        },
                        {
                            "key": 1,
                            "value": "Ringer Normal",
                            "description": "Ringer Normal"
                        }
                    ]
                }
            ],
            "properties": [
                "Read",
                "Notify"
            ],
            "aux_properties": [],
            "descriptors": [
                {
                    "name": "Client Characteristic Configuration",
                    "abbreviation": "cli cnfg",
                    "uuid": [
                        "0x02",
                        "0x29"
                    ],
                    "db_size": 2,
                    "description": "Client Characteristic Configuration Descriptor",
                    "properties": [
                        "Read",
                        "Write"
                    ],
                    "aux_properties": [
                        "Peer Specific"
                    ],
                    "fields": [
                        {
                            "name": "cli cnfg",
                            "description": "Client Characteristic Configuration",
                            "format": "uint16_t"
                        }
                    ]
                }
            ]
        },
        {
            "name": "Ringer Control point",
            "abbreviation": "ringer control point",
            "description": "The Ringer Control Point characteristic defines the Control Point of Ringer.  Value 1,meaning Silent Mode  Value 2,meaning Mute Once  value 3,meaning Cancel Silent Mode",
            "uuid": [
                "0x40",
                "0x2A"
            ],
            "db_size": 1,
            "fields": [
                {
                    "name": "Ringer Control Point",
                    "description": "Ringer Control Point",
                    "format": "uint8_t",
                    "enumerations": [
                        {
                            "key": 1,
                            "value": "Silent Mode",
                            "description": "Silent Mode"
                        },
                        {
                            "key": 2,
                            "value": "Mute Once",
                            "description": "Mute Once"
                        },
                        {
                            "key": 3,
                            "value": "Cancel Silent Mode",
                            "description": "Cancel Silent Mode"
                        }
                    ]
                }
            ],
            "properties": [
                "WriteWithoutResponse"
            ],
            "aux_properties": []
        }
    ]
}
