{
    "name": "Pulse Oximeter Service",
    "abbreviation": "plx",
    "description": "This Service specification proposes a pulse oximetry server for use in consumer and professional healthcare applications.",
    "uuid": [
        "0x22",
        "0x18"
    ],
    "aux_properties": [
        "None"
    ],
    "error_codes": [],
    "characteristics": [
        {
            "name": "PLX Spot-Check Measurement",
            "abbreviation": "plx spot check measurement",
            "description": "The PLX Spot-check Measurement characteristic,if supported,is used to send Spot-check measurements of SpO2 (Percent oxygen saturation of hemoglobin) and PR (pulse rate). This characteristic is a variable length structure containing the Flags field,the SpO2PR-Spot-Check field,and depending on the contents of the Flags field,the Timestamp field,the Measurement Status field,the Device and Sensor Status field,and/or the Pulse Amplitude Index field.",
            "uuid": [
                "0x5E",
                "0x2A"
            ],
            "db_size": 19,
            "fields": [
                {
                    "name": "Flags",
                    "description": "Flags",
                    "format": "struct",
                    "fields": [
                        {
                            "name": "Is Timestamp field is present",
                            "description": "Timestamp field is present",
                            "format": "bool"
                        },
                        {
                            "name": "Is Measurement Status Field Present",
                            "description": "Measurement Status Field Present",
                            "format": "bool"
                        },
                        {
                            "name": "Is Device and Sensor Status Field Present",
                            "description": "Device and Sensor Status Field Present",
                            "format": "bool"
                        },
                        {
                            "name": "Is Pulse Amplitude Index field is present",
                            "description": "Pulse Amplitude Index field is present",
                            "format": "bool"
                        },
                        {
                            "name": "Is Device Clock is Not Set",
                            "description": "Device Clock is Not Set",
                            "format": "bool"
                        }
                    ]
                },
                {
                    "name": "SpO2PR-Spot-Check-SpO2",
                    "description": "SpO2PR-Spot-Check-SpO2",
                    "format": "st_ble_ieee11073_sfloat_t"
                },
                {
                    "name": "SpO2PR-Spot-Check-PR",
                    "description": "SpO2PR-Spot-Check-PR",
                    "format": "st_ble_ieee11073_sfloat_t"
                },
                {
                    "name": "Timestamp",
                    "description": "Timestamp",
                    "format": "st_ble_date_time_t"
                },
                {
                    "name": "Measurement Status",
                    "description": "Measurement Status",
                    "format": "struct",
                    "fields": [
                        {
                            "name": "Is Measurement Ongoing",
                            "description": "Measurement Ongoing",
                            "format": "bool"
                        },
                        {
                            "name": "Is Early Estimated Data",
                            "description": "Early Estimated Data",
                            "format": "bool"
                        },
                        {
                            "name": "Is Validated Data",
                            "description": "Validated Data",
                            "format": "bool"
                        },
                        {
                            "name": "Is Fully Qualified Data",
                            "description": "Fully Qualified Data",
                            "format": "bool"
                        },
                        {
                            "name": "Is Data from Measurement Storage",
                            "description": "Data from Measurement Storage",
                            "format": "bool"
                        },
                        {
                            "name": "Is Data for Demonstration",
                            "description": "Data for Demonstration",
                            "format": "bool"
                        },
                        {
                            "name": "Is Data for Testing",
                            "description": "Data for Testing",
                            "format": "bool"
                        },
                        {
                            "name": "Is Calibration Ongoing",
                            "description": "Calibration Ongoing",
                            "format": "bool"
                        },
                        {
                            "name": "Is Measurement Unavailable",
                            "description": "Measurement Unavailable",
                            "format": "bool"
                        },
                        {
                            "name": "Is Questionable Measurement Detected",
                            "description": "Questionable Measurement Detected",
                            "format": "bool"
                        },
                        {
                            "name": "Is Invalid Measurement Detected",
                            "description": "Invalid Measurement Detected",
                            "format": "bool"
                        }
                    ]
                },
                {
                    "name": "Device and Sensor Status",
                    "description": "Device and Sensor Status",
                    "format": "struct",
                    "fields": [
                        {
                            "name": "Is Extended Display Update Ongoing",
                            "description": "Extended Display Update Ongoing",
                            "format": "bool"
                        },
                        {
                            "name": "Is Equipment Malfunction Detected",
                            "description": "Equipment Malfunction Detected",
                            "format": "bool"
                        },
                        {
                            "name": "Is Signal Processing Irregularity Detected",
                            "description": "Signal Processing Irregularity Detected",
                            "format": "bool"
                        },
                        {
                            "name": "Is Inadequite Signal Detected",
                            "description": "Inadequite Signal Detected",
                            "format": "bool"
                        },
                        {
                            "name": "Is Poor Signal Detected",
                            "description": "Poor Signal Detected",
                            "format": "bool"
                        },
                        {
                            "name": "Is Low Perfusion Detected",
                            "description": "Low Perfusion Detected",
                            "format": "bool"
                        },
                        {
                            "name": "Is Erratic Signal Detected",
                            "description": "Erratic Signal Detected",
                            "format": "bool"
                        },
                        {
                            "name": "Is Nonpulsatile Signal Detected",
                            "description": "Nonpulsatile Signal Detected",
                            "format": "bool"
                        },
                        {
                            "name": "Is Questionable Pulse Detected",
                            "description": "Questionable Pulse Detected",
                            "format": "bool"
                        },
                        {
                            "name": "Is Signal Analysis Ongoing",
                            "description": "Signal Analysis Ongoing",
                            "format": "bool"
                        },
                        {
                            "name": "Is Sensor Interface Detected",
                            "description": "Sensor Interface Detected",
                            "format": "bool"
                        },
                        {
                            "name": "Is Sensor Unconnected to User",
                            "description": "Sensor Unconnected to User",
                            "format": "bool"
                        },
                        {
                            "name": "Is Unknown Sensor Connected",
                            "description": "Unknown Sensor Connected",
                            "format": "bool"
                        },
                        {
                            "name": "Is Sensor Displaced",
                            "description": "Sensor Displaced",
                            "format": "bool"
                        },
                        {
                            "name": "Is Sensor Malfunctioning",
                            "description": "Sensor Malfunctioning",
                            "format": "bool"
                        },
                        {
                            "name": "Is Sensor Disconnected",
                            "description": "Sensor Disconnected",
                            "format": "bool"
                        }
                    ]
                },
                {
                    "name": "Pulse Amplitude Index",
                    "description": "Pulse Amplitude Index",
                    "format": "st_ble_ieee11073_sfloat_t"
                }
            ],
            "properties": [
                "Indicate"
            ],
            "aux_properties": [],
            "descriptors": [
                {
                    "name": "Client Characteristic Configuration",
                    "abbreviation": "cli cnfg",
                    "uuid": [
                        "0x02",
                        "0x29"
                    ],
                    "db_size": 2,
                    "description": "Client Characteristic Configuration Descriptor",
                    "properties": [
                        "Read",
                        "Write"
                    ],
                    "aux_properties": [
                        "Peer Specific"
                    ],
                    "fields": [
                        {
                            "name": "cli cnfg",
                            "description": "Client Characteristic Configuration",
                            "format": "uint16_t"
                        }
                    ]
                }
            ]
        },
        {
            "name": "PLX Continuous Measurement",
            "abbreviation": "plx continuous measurement",
            "description": " The PLX Continuous Measurement characteristic,if supported,is used to send periodic pulse oximetry measurements. This characteristic is a variable length structure containing the Flags field (to indicate presence of optional fields),the SpO2PR-Normal field,and depending on the contents of the Flags field,the SpO2PR-Fast field,the SpO2PR-Slow field,the Measurement Status field,the Device and Sensor Status field,and/or the Pulse Amplitude Index field.",
            "uuid": [
                "0x5F",
                "0x2A"
            ],
            "db_size": 20,
            "fields": [
                {
                    "name": "Flags",
                    "description": "Flags",
                    "format": "struct",
                    "fields": [
                        {
                            "name": "Is SpO2PR-Fast field is present",
                            "description": "SpO2PR-Fast field is present",
                            "format": "bool"
                        },
                        {
                            "name": "Is SpO2PR-Slow field is present",
                            "description": "SpO2PR-Slow field is present",
                            "format": "bool"
                        },
                        {
                            "name": "Is Measurement Status field is present",
                            "description": "Measurement Status field is present",
                            "format": "bool"
                        },
                        {
                            "name": "Is Device and Sensor Status field is present",
                            "description": "Device and Sensor Status field is present",
                            "format": "bool"
                        },
                        {
                            "name": "Is Pulse Amplitude Index field is present",
                            "description": "Pulse Amplitude Index field is present",
                            "format": "bool"
                        }
                    ]
                },
                {
                    "name": "SpO2PR-Normal-SpO2",
                    "description": "SpO2PR-Normal-SpO2",
                    "format": "st_ble_ieee11073_sfloat_t"
                },
                {
                    "name": "SpO2PR-Normal-PR",
                    "description": "SpO2PR-Normal-PR",
                    "format": "st_ble_ieee11073_sfloat_t"
                },
                {
                    "name": "SpO2PR-Fast-SpO2",
                    "description": "SpO2PR-Fast-SpO2",
                    "format": "st_ble_ieee11073_sfloat_t"
                },
                {
                    "name": "SpO2PR-Fast-PR",
                    "description": "SpO2PR-Fast-PR",
                    "format": "st_ble_ieee11073_sfloat_t"
                },
                {
                    "name": "SpO2PR-Slow-SpO2",
                    "description": "SpO2PR-Slow-SpO2",
                    "format": "st_ble_ieee11073_sfloat_t"
                },
                {
                    "name": "SpO2PR-Slow-PR",
                    "description": "SpO2PR-Slow-PR",
                    "format": "st_ble_ieee11073_sfloat_t"
                },
                {
                    "name": "Measurement Status",
                    "description": "Measurement Status",
                    "format": "struct",
                    "fields": [
                        {
                            "name": "Is Measurement Ongoing",
                            "description": "Measurement Ongoing",
                            "format": "bool"
                        },
                        {
                            "name": "Is Early Estimated Data",
                            "description": "Early Estimated Data",
                            "format": "bool"
                        },
                        {
                            "name": "Is Validated Data",
                            "description": "Validated Data",
                            "format": "bool"
                        },
                        {
                            "name": "Is Fully Qualified Data",
                            "description": "Fully Qualified Data",
                            "format": "bool"
                        },
                        {
                            "name": "Is Data from Measurement Storage",
                            "description": "Data from Measurement Storage",
                            "format": "bool"
                        },
                        {
                            "name": "Is Data for Demonstration",
                            "description": "Data for Demonstration",
                            "format": "bool"
                        },
                        {
                            "name": "Is Data for Testing",
                            "description": "Data for Testing",
                            "format": "bool"
                        },
                        {
                            "name": "Is Calibration Ongoing",
                            "description": "Calibration Ongoing",
                            "format": "bool"
                        },
                        {
                            "name": "Is Measurement Unavailable",
                            "description": "Measurement Unavailable",
                            "format": "bool"
                        },
                        {
                            "name": "Is Questionable Measurement Detected",
                            "description": "Questionable Measurement Detected",
                            "format": "bool"
                        },
                        {
                            "name": "Is Invalid Measurement Detected",
                            "description": "Invalid Measurement Detected",
                            "format": "bool"
                        }
                    ]
                },
                {
                    "name": "Device and Sensor Status",
                    "description": "Device and Sensor Status",
                    "format": "struct",
                    "fields": [
                        {
                            "name": "Is Extended Display Update Ongoing bit supported",
                            "description": "Extended Display Update Ongoing bit supported",
                            "format": "bool"
                        },
                        {
                            "name": "Is Equipment Malfunction Detected bit supported",
                            "description": "Equipment Malfunction Detected bit supported",
                            "format": "bool"
                        },
                        {
                            "name": "Is Signal Processing Irregularity Detected bit supported",
                            "description": "Signal Processing Irregularity Detected bit supported",
                            "format": "bool"
                        },
                        {
                            "name": "Is Inadequite Signal Detected bit supported",
                            "description": "Inadequite Signal Detected bit supported",
                            "format": "bool"
                        },
                        {
                            "name": "Is Poor Signal Detected bit supported",
                            "description": "Poor Signal Detected bit supported",
                            "format": "bool"
                        },
                        {
                            "name": "Is Low Perfusion Detected bit supported",
                            "description": "Low Perfusion Detected bit supported",
                            "format": "bool"
                        },
                        {
                            "name": "Is Erratic Signal Detected bit supported",
                            "description": "Erratic Signal Detected bit supported",
                            "format": "bool"
                        },
                        {
                            "name": "Is Nonpulsatile Signal Detected bit supported",
                            "description": "Nonpulsatile Signal Detected bit supported",
                            "format": "bool"
                        },
                        {
                            "name": "Is Questionable Pulse Detected bit supported",
                            "description": "Questionable Pulse Detected bit supported",
                            "format": "bool"
                        },
                        {
                            "name": "Is Signal Analysis Ongoing bit supported",
                            "description": "Signal Analysis Ongoing bit supported",
                            "format": "bool"
                        },
                        {
                            "name": "Is Sensor Interference Detected bit supported",
                            "description": "Sensor Interference Detected bit supported",
                            "format": "bool"
                        },
                        {
                            "name": "Is Sensor Unconnected to User bit supported",
                            "description": "Sensor Unconnected to User bit supported",
                            "format": "bool"
                        },
                        {
                            "name": "Is Unknown Sensor Connected bit supported",
                            "description": "Unknown Sensor Connected bit supported",
                            "format": "bool"
                        },
                        {
                            "name": "Is Sensor Displaced bit supported",
                            "description": "Sensor Displaced bit supported",
                            "format": "bool"
                        },
                        {
                            "name": "Is Sensor Malfunctioning bit supported",
                            "description": "Sensor Malfunctioning bit supported",
                            "format": "bool"
                        },
                        {
                            "name": "Is Sensor Disconnected bit supported",
                            "description": "Sensor Disconnected bit supported",
                            "format": "bool"
                        }
                    ]
                },
                {
                    "name": "Pulse Amplitude Index",
                    "description": "Pulse Amplitude Index",
                    "format": "st_ble_ieee11073_sfloat_t"
                }
            ],
            "properties": [
                "Notify"
            ],
            "aux_properties": [],
            "descriptors": [
                {
                    "name": "Client Characteristic Configuration",
                    "abbreviation": "cli cnfg",
                    "uuid": [
                        "0x02",
                        "0x29"
                    ],
                    "db_size": 2,
                    "description": "Client Characteristic Configuration Descriptor",
                    "properties": [
                        "Read",
                        "Write"
                    ],
                    "aux_properties": [
                        "Peer Specific"
                    ],
                    "fields": [
                        {
                            "name": "cli cnfg",
                            "description": "Client Characteristic Configuration",
                            "format": "uint16_t"
                        }
                    ]
                }
            ]
        },
        {
            "name": "PLX Features",
            "abbreviation": "plx features",
            "description": "The PLX Features characteristic is used to describe the supported features of the Server. Included in the characteristic is a PLX Features field,and,depending on the contents of the PLX Features field,the Measurement Status Support field,and the Device and Sensor Status Support field.",
            "uuid": [
                "0x60",
                "0x2A"
            ],
            "db_size": 7,
            "fields": [
                {
                    "name": "Supported Features",
                    "description": "Supported Features",
                    "format": "struct",
                    "fields": [
                        {
                            "name": "Is Measurement Status support is present",
                            "description": "Measurement Status support is present",
                            "format": "bool"
                        },
                        {
                            "name": "Is Device and Sensor Status support is present",
                            "description": "Device and Sensor Status support is present",
                            "format": "bool"
                        },
                        {
                            "name": "Is Measurement Storage for Spot-check measurements is supported",
                            "description": "Measurement Storage for Spot-check measurements is supported",
                            "format": "bool"
                        },
                        {
                            "name": "Is Timestamp for Spot-check measurements is supported",
                            "description": "Timestamp for Spot-check measurements is supported",
                            "format": "bool"
                        },
                        {
                            "name": "Is SpO2PR-Fast metric is supported",
                            "description": "SpO2PR-Fast metric is supported",
                            "format": "bool"
                        },
                        {
                            "name": "Is SpO2PR-Slow metric is supported",
                            "description": "SpO2PR-Slow metric is supported",
                            "format": "bool"
                        },
                        {
                            "name": "Is Pulse Amplitude Index field is supported",
                            "description": "Pulse Amplitude Index field is supported",
                            "format": "bool"
                        },
                        {
                            "name": "Is Multiple Bonds Supported",
                            "description": "Multiple Bonds Supported",
                            "format": "bool"
                        }
                    ]
                },
                {
                    "name": "Measurement Status Support",
                    "description": "Measurement Status Support",
                    "format": "struct",
                    "fields": [
                        {
                            "name": "Is Measurement Ongoing bit supported",
                            "description": "Measurement Ongoing bit supported",
                            "format": "bool"
                        },
                        {
                            "name": "Is Early Estimated Data bit supported",
                            "description": "Early Estimated Data bit supported",
                            "format": "bool"
                        },
                        {
                            "name": "Is Validated Data bit supported",
                            "description": "Validated Data bit supported",
                            "format": "bool"
                        },
                        {
                            "name": "Is Fully Qualified Data bit supported",
                            "description": "Fully Qualified Data bit supported",
                            "format": "bool"
                        },
                        {
                            "name": "Is Data from Measurement Storage bit supported",
                            "description": "Data from Measurement Storage bit supported",
                            "format": "bool"
                        },
                        {
                            "name": "Is Data for Demonstration bit supported",
                            "description": "Data for Demonstration bit supported",
                            "format": "bool"
                        },
                        {
                            "name": "Is Data for Testing bit supported",
                            "description": "Data for Testing bit supported",
                            "format": "bool"
                        },
                        {
                            "name": "Is Calibration Ongoing bit supported",
                            "description": "Calibration Ongoing bit supported",
                            "format": "bool"
                        },
                        {
                            "name": "Is Measurement Unavailable bit supported",
                            "description": "Measurement Unavailable bit supported",
                            "format": "bool"
                        },
                        {
                            "name": "Is Questionable Measurement Detected bit supported",
                            "description": "Questionable Measurement Detected bit supported",
                            "format": "bool"
                        },
                        {
                            "name": "Is Invalid Measurement Detected bit supported",
                            "description": "Invalid Measurement Detected bit supported",
                            "format": "bool"
                        }
                    ]
                },
                {
                    "name": "Device and Sensor Status Support",
                    "description": "Device and Sensor Status Support",
                    "format": "struct",
                    "fields": [
                        {
                            "name": "Is Extended Display Update Ongoing bit supported",
                            "description": "Extended Display Update Ongoing bit supported",
                            "format": "bool"
                        },
                        {
                            "name": "Is Equipment Malfunction Detected bit supported",
                            "description": "Equipment Malfunction Detected bit supported",
                            "format": "bool"
                        },
                        {
                            "name": "Is Signal Processing Irregularity Detected bit supported",
                            "description": "Signal Processing Irregularity Detected bit supported",
                            "format": "bool"
                        },
                        {
                            "name": "Is Inadequite Signal Detected bit supported",
                            "description": "Inadequite Signal Detected bit supported",
                            "format": "bool"
                        },
                        {
                            "name": "Is Poor Signal Detected bit supported",
                            "description": "Poor Signal Detected bit supported",
                            "format": "bool"
                        },
                        {
                            "name": "Is Low Perfusion Detected bit supported",
                            "description": "Low Perfusion Detected bit supported",
                            "format": "bool"
                        },
                        {
                            "name": "Is Erratic Signal Detected bit supported",
                            "description": "Erratic Signal Detected bit supported",
                            "format": "bool"
                        },
                        {
                            "name": "Is Nonpulsatile Signal Detected bit supported",
                            "description": "Nonpulsatile Signal Detected bit supported",
                            "format": "bool"
                        },
                        {
                            "name": "Is Questionable Pulse Detected bit supported",
                            "description": "Questionable Pulse Detected bit supported",
                            "format": "bool"
                        },
                        {
                            "name": "Is Signal Analysis Ongoing bit supported",
                            "description": "Signal Analysis Ongoing bit supported",
                            "format": "bool"
                        },
                        {
                            "name": "Is Sensor Interface Detected bit supported",
                            "description": "Sensor Interface Detected bit supported",
                            "format": "bool"
                        },
                        {
                            "name": "Is Sensor Unconnected to User bit supported",
                            "description": "Sensor Unconnected to User bit supported",
                            "format": "bool"
                        },
                        {
                            "name": "Is Unknown Sensor Connected bit supported",
                            "description": "Unknown Sensor Connected bit supported",
                            "format": "bool"
                        },
                        {
                            "name": "Is Sensor Displaced bit supported",
                            "description": "Sensor Displaced bit supported",
                            "format": "bool"
                        },
                        {
                            "name": "Is Sensor Malfunctioning bit supported",
                            "description": "Sensor Malfunctioning bit supported",
                            "format": "bool"
                        },
                        {
                            "name": "Is Sensor Disconnected bit supported",
                            "description": "Sensor Disconnected bit supported",
                            "format": "bool"
                        }
                    ]
                }
            ],
            "properties": [
                "Read"
            ],
            "aux_properties": []
        },
        {
            "name": "Record Access Control Point",
            "abbreviation": "record access control point",
            "description": "This control point is used with a service to provide basic management functionality for the Glucose Sensor patient record database. This enables functions including counting records,transmitting records and clearing records based on filter criterion. The filter criterion in the Operand field is defined by the service that references this characteristic as is the format of a record (which may be comprised of one or more characteristics) and the sequence of transferred records.",
            "uuid": [
                "0x52",
                "0x2A"
            ],
            "db_size": 4,
            "fields": [
                {
                    "name": "Op Code",
                    "description": "Op Code",
                    "format": "uint8_t",
                    "enumerations": [
                        {
                            "key": 0,
                            "value": "Reserved for future use",
                            "description": "Reserved for future use (Operator:N/A)"
                        },
                        {
                            "key": 1,
                            "value": "Report stored records",
                            "description": "Report stored records (Operator: Value from Operator Table)"
                        },
                        {
                            "key": 2,
                            "value": "Delete stored records",
                            "description": "Delete stored records (Operator: Value from Operator Table)"
                        },
                        {
                            "key": 3,
                            "value": "Abort operation",
                            "description": "Abort operation (Operator: Null 'value of 0x00 from Operator Table')"
                        },
                        {
                            "key": 4,
                            "value": "Report number of stored records",
                            "description": "Report number of stored records (Operator: Value from Operator Table)"
                        },
                        {
                            "key": 5,
                            "value": "Number of stored records response",
                            "description": "Number of stored records response (Operator: Null 'value of 0x00 from Operator Table')"
                        },
                        {
                            "key": 6,
                            "value": "Response Code",
                            "description": "Response Code (Operator: Null 'value of 0x00 from Operator Table')"
                        }
                    ]
                },
                {
                    "name": "Operator",
                    "description": "Operator",
                    "format": "uint8_t",
                    "enumerations": [
                        {
                            "key": 0,
                            "value": "Null",
                            "description": "Null"
                        },
                        {
                            "key": 1,
                            "value": "All records",
                            "description": "All records"
                        },
                        {
                            "key": 2,
                            "value": "Less than or equal to",
                            "description": "Less than or equal to"
                        },
                        {
                            "key": 3,
                            "value": "Greater than or equal to",
                            "description": "Greater than or equal to"
                        },
                        {
                            "key": 4,
                            "value": "Within range of",
                            "description": "Within range of (inclusive)"
                        },
                        {
                            "key": 5,
                            "value": "First record",
                            "description": "First record(i.e. oldest record)"
                        },
                        {
                            "key": 6,
                            "value": "Last record",
                            "description": "Last record (i.e. most recent record)"
                        }
                    ]
                },
                {
                    "name": "Operand",
                    "description": "Operand",
                    "format": "uint8_t",
                    "enumerations": [
                        {
                            "key": 0,
                            "value": "N/A",
                            "description": "N/A"
                        },
                        {
                            "key": 1,
                            "value": "Filter parameters 1",
                            "description": "Filter parameters (as appropriate to Operator and Service)"
                        },
                        {
                            "key": 2,
                            "value": "Filter parameters 2",
                            "description": "Filter parameters (as appropriate to Operator and Service)"
                        },
                        {
                            "key": 3,
                            "value": "Not included",
                            "description": "Not included"
                        },
                        {
                            "key": 4,
                            "value": "Filter parameters 4",
                            "description": "Filter parameters (as appropriate to Operator and Service)"
                        },
                        {
                            "key": 5,
                            "value": "Number of Records",
                            "description": "Number of Records (Field size defined per service)"
                        },
                        {
                            "key": 6,
                            "value": "Request Op Code,Response Code Value",
                            "description": "Request Op Code,Response Code Value"
                        }
                    ]
                }
            ],
            "properties": [
                "Write",
                "Indicate"
            ],
            "aux_properties": [],
            "descriptors": [
                {
                    "name": "Client Characteristic Configuration",
                    "abbreviation": "cli cnfg",
                    "uuid": [
                        "0x02",
                        "0x29"
                    ],
                    "db_size": 2,
                    "description": "Client Characteristic Configuration Descriptor",
                    "properties": [
                        "Read",
                        "Write"
                    ],
                    "aux_properties": [
                        "Peer Specific"
                    ],
                    "fields": [
                        {
                            "name": "cli cnfg",
                            "description": "Client Characteristic Configuration",
                            "format": "uint16_t"
                        }
                    ]
                }
            ]
        }
    ]
}
