{
    "name": "Reconnection Configuration Service",
    "abbreviation": "rc",
    "description": "This GATT-based service enables the control of certain communication parameters of a Bluetooth Low Energy peripheral device.",
    "uuid": [
        "0x29",
        "0x18"
    ],
    "aux_properties": [
        "None"
    ],
    "error_codes": [
        {
            "code": "0x80",
            "name": "Missing CRC",
            "description": "If E2E-CRC is supported and a Write procedure is processed without CRC attached"
        },
        {
            "code": "0x81",
            "name": "Invalid CRC",
            "description": "If E2E-CRC is supported and a Write procedure is processed with invalid CRC value attached"
        }
    ],
    "characteristics": [
        {
            "name": "RC Feature",
            "abbreviation": "feat",
            "description": "This characteristic shall be used to describe the supported features of the Reconnection Configuration server",
            "uuid": [
                "0x1D",
                "0x2B"
            ],
            "db_size": 5,
            "fields": [
        {
            "name": "E2E-CRC",
            "description": "E2E-CRC bytes",
            "format": "uint16_t"
        },
        {
            "name": "Feature_Bytes",
            "description": "First Octet",
            "format": "uint8_t",
            "length": 3
        }
        ],
            "properties": [
                "Read"
            ],
            "aux_properties": [],
            "descriptors": []
        },
        {
            "name": "RC Settings",
            "abbreviation": "setting",
            "description": "This characteristic shall be used to both read and notify supported features on the Reconnection Configuration server",
            "uuid": [
                "0x1E",
                "0x2B"
            ],
            "db_size": 5,
            "fields": [
                {
                    "name": "Length",
                    "description": "The length field represents the size of the RC Settings characteristic.",
                    "format": "uint8_t"
                },
                {
                    "name": "Setting Bytes",
                    "description": "The settings field represents the RC Settings.",
                    "format": "uint8_t",
                    "length": 2
                },
                {
                    "name": "E2E-CRC",
                    "description": "CRC Bytes for settings",
                    "format": "uint16_t"
                }
        ],
            "properties": [
                "Read",
                "Notify"
            ],
            "aux_properties": [],
            "descriptors": [
                {
                    "name": "Client Characteristic Configuration",
                    "abbreviation": "cli cnfg",
                    "uuid": [
                        "0x02",
                        "0x29"
                    ],
                    "db_size": 2,
                    "description": "Client Characteristic Configuration Descriptor",
                    "properties": [
                        "Read",
                        "Write"
                    ],
                    "aux_properties": [
                        "Peer Specific"
                    ],
                    "fields": [
                        {
                            "name": "cli cnfg",
                            "description": "Client Characteristic Configuration",
                            "format": "uint16_t"
                        }
                    ]
                }
            ]
        },
        {
            "name": "Reconnection Configuration Control Point",
            "abbreviation": "rccp",
            "description": "The Reconnection Configuration Control Point (RCCP) characteristic shall be used to execute a supported procedure on the Reconnection Configuration server.",
            "uuid": [
                "0x1F",
                "0x2B"
            ],
            "db_size": 20,
            "fields": [
        {
            "name": "Op Code",
                    "description": "Op Code",
                    "format": "uint8_t",
                    "enumerations": [
            {
                "key": 0,
                "value": "Enable Disconnect",
                "description": "Enable Disconnect"
            },
            {
                "key": 1,
                "value": "Get Actual Communication Parameters",
                "description": "Get Actual Communication Parameters"
            },
            {
                "key": 2,
                "value": "Propose Settings",
                "description": "Propose Settings"
            },
            {
                "key": 3,
                "value": "Activate Stored Settings",
                "description": "Activate Stored Settings"
            },
            {
                "key": 4,
                "value": "Get Max Values",
                "description": "Get Max Values"
            },
            {
                "key": 5,
                "value": "Get Min Values",
                "description": "Get Min Values"
            },
            {
                "key": 6,
                "value": "Get Stored Values",
                "description": "Get Stored Values"
            },
            {
                "key": 7,
                "value": "Set White List Timer",
                "description": "Set White List Timer"
            },
            {
                "key": 8,
                "value": "Get White List Timer",
                "description": "Get White List Timer"
            },
            {
                "key": 9,
                "value": "Set Advertisement Configuration",
                "description": "Set Advertisement Configuration"
                },
            {
                "key": 10,
                "value": "Upgrade to LESC Only",
                "description": "Upgrade to LESC Only"
            },
            {
                "key": 11,
                "value": "Switch OOB Pairing",
                "description": "Switch OOB Pairing"
            },
            {
                "key": 12,
                "value": "Limited Access",
                "description": "Limited Access"
            },
            {
                "key": 14,
                "value": "Procedure Response",
                "description": "Procedure Response"
            },
            {
                "key": 15,
                "value": "Communication Parameter Response",
                "description": "Communication Parameter Response"
            },
            {
                "key": 16,
                "value": "White List Timer Response",
                "description": "White List Timer Response"
            },
            {
                "key": 17,
                "value": "Client Parameter Indication",
                "description": "Client Parameter Indication"
            }
            ]
        },
        {
            "name": "Operand",
                    "description": "Operand",
                    "format": "uint8_t",
                    "length": 17,
                    "enumerations": [
            {
                "key": 1,
                "value": "Success",
                "description": "Response for successful operation"
            },
            {
                "key": 2,
                "value": "Opcode not supported",
                "description": "Response if unsupported opcode is received"
            },
            {
                "key": 3,
                "value": "Invalid Operand",
                "description": "Response if operand received does not meet the requirements of the service"
            },
            {
                "key": 4,
                "value": "Operation failed",
                "description": "Response if unable to complete a procedure for any reason"
            },
            {
                "key": 5,
                "value": "Communication Parameter out of range",
                "description": "Response if operand received does not meet the range requirements"
            },
            {
                "key": 6,
                "value": "Invalid Parameter combination",
                "description": "Normal response if the combination of parameters received does not meet the requirements of the device"
            },
            {
                "key": 7,
                "value": "Device Busy",
                "description": "Normal response if unable to start the disconnect procedure,e.g.,if a measurement is pending"
            },
            {
                "key": 8,
                "value": "Communication Parameters rejected",
                "description": "Response when Reconnection Configuration client does not accept the request"
            },
            {
                "key": 9,
                "value": "Proposal Accepted",
                "description": "Response when the Reconnection Configuration server accepts the parameters of the Propose Settings and the Activate Stored Settings procedure"
            }
                    ]
                },
        {
            "name": "E2E-CRC",
            "description": "E2E-CRC",
            "format": "uint8_t",
            "length": 2
        }
    ],
        "properties": [
            "Write",
            "Indicate"
        ],
        "aux_properties": [
    ],
        "descriptors": [
            {
                "name": "Client Characteristic Configuration",
                "abbreviation": "cli cnfg",
                "uuid": [
                    "0x02",
                    "0x29"
                ],
                "db_size": 2,
                "description": "Client Characteristic Configuration Descriptor",
                "properties": [
                    "Read",
                    "Write"
                ],
                "aux_properties": [
                    "Peer Specific"
                ],
                "fields": [
                    {
                        "name": "cli cnfg",
                        "description": "Client Characteristic Configuration",
                        "format": "uint16_t"
                    }
                ]
            }
        ]
        }
    ]
}
