{
    "name": "Reference Time Update Service",
    "abbreviation": "rtu",
    "description": "This service defines how a client can request an update from a reference time source from a time server using the Generic Attribute Profile (GATT)",
    "uuid": [
        "0x06",
        "0x18"
    ],
    "aux_properties": [
        "None"
    ],
    "error_codes": [],
    "characteristics": [
        {
            "name": "Time Update Control Point",
            "abbreviation": "TUCP",
            "description": "The characteristic is used to request a reference time update on the server.",
            "uuid": [
                "0x16",
                "0x2A"
            ],
            "db_size": 1,
            "fields": [
                {
                    "name": "Time Update Control Point",
                    "description": "Time Update Control Point",
                    "format": "uint8_t",
                    "enumerations": [
                        {
                            "key": 1,
                            "value": "Get Reference Update",
                            "description": "Get Reference Update"
                        },
                        {
                            "key": 2,
                            "value": "Cancel Reference Update",
                            "description": "Cancel Reference Update"
                        }
                    ]
                }
            ],
            "properties": [
                "WriteWithoutResponse"
            ],
            "aux_properties": []
        },
        {
            "name": "Time Update State",
            "abbreviation": "TUS",
            "description": "The characteristic returns the current state of the reference time update on the Reference Time Update server.",
            "uuid": [
                "0x17",
                "0x2A"
            ],
            "db_size": 1,
            "fields": [
                {
                    "name": "Current State",
                    "description": "Current State",
                    "format": "uint8_t",
                    "enumerations": [
                        {
                            "key": 0,
                            "value": "Idle",
                            "description": "Idle"
                        },
                        {
                            "key": 1,
                            "value": "Update Pending",
                            "description": "Update Pending"
                        }
                    ]
                },
                {
                    "name": "Result",
                    "description": "Result",
                    "format": "uint8_t",
                    "enumerations": [
                        {
                            "key": 0,
                            "value": "Successful",
                            "description": "Successful"
                        },
                        {
                            "key": 1,
                            "value": "Canceled",
                            "description": "Canceled"
                        },
                        {
                            "key": 2,
                            "value": "No Connection To Reference",
                            "description": "No Connection To Reference"
                        },
                        {
                            "key": 3,
                            "value": "Reference responded with an error",
                            "description": "Reference responded with an error"
                        },
                        {
                            "key": 4,
                            "value": "Timeout",
                            "description": "Timeout"
                        },
                        {
                            "key": 5,
                            "value": "Update not attempted after reset",
                            "description": "Update not attempted after reset"
                        }
                    ]
                }
            ],
            "properties": [
                "Read"
            ],
            "aux_properties": []
        }
    ]
}
