{
    "name": "Running Speed and Cadence Service",
    "abbreviation": "rsc",
    "description": "This service exposes speed,cadence and other data from a Running Speed and Cadence Sensor intended for fitness applications.",
    "uuid": [
        "0x14",
        "0x18"
    ],
    "aux_properties": [
        "None"
    ],
    "error_codes": [
        {
            "code": "0x80",
            "name": "Procedure Already in Progress",
            "description": "A Record Access Control Point request cannot be serviced because a previously triggered RACP operation is still in progress"
        },
        {
            "code": "0x81",
            "name": "Client Characteristic Configuration descriptor improperly configured",
            "description": "The Client Characteristic Configuration descriptor is not configured according to the requirements of the service."
        }
    ],
    "characteristics": [
        {
            "name": "RSC Measurement",
            "abbreviation": "rsc measurement",
            "description": " The RSC Measurement characteristic (RSC refers to Running Speed and Cadence) is a variable length structure containing a Flags field,an Instantaneous Speed field and an Instantaneous Cadence field and,based on the contents of the Flags field,may contain a Stride Length field and a Total Distance field.",
            "uuid": [
                "0x53",
                "0x2A"
            ],
            "db_size": 10,
            "fields": [
                {
                    "name": "Flags",
                    "description": "Flags",
                    "format": "struct",
                    "fields": [
                        {
                            "name": "Is Instantaneous Stride Length Present",
                            "description": "Instantaneous Stride Length Present",
                            "format": "bool"
                        },
                        {
                            "name": "Is Total Distance Present",
                            "description": "Total Distance Present",
                            "format": "bool"
                        },
                        {
                            "name": "Is Walking or Running Status bits",
                            "description": "Walking or Running Status bits",
                            "format": "bool"
                        }
                    ]
                },
                {
                    "name": "Instantaneous Speed",
                    "description": "Instantaneous Speed",
                    "format": "uint16_t"
                },
                {
                    "name": "Instantaneous Cadence",
                    "description": "Instantaneous Cadence",
                    "format": "uint8_t"
                },
                {
                    "name": "Instantaneous Stride Length",
                    "description": "Instantaneous Stride Length",
                    "format": "uint16_t"
                },
                {
                    "name": "Total Distance",
                    "description": "Total Distance",
                    "format": "uint32_t"
                }
            ],
            "properties": [
                "Notify"
            ],
            "aux_properties": [],
            "descriptors": [
                {
                    "name": "Client Characteristic Configuration",
                    "abbreviation": "cli cnfg",
                    "uuid": [
                        "0x02",
                        "0x29"
                    ],
                    "db_size": 2,
                    "description": "Client Characteristic Configuration Descriptor",
                    "properties": [
                        "Read",
                        "Write"
                    ],
                    "aux_properties": [
                        "Peer Specific"
                    ],
                    "fields": [
                        {
                            "name": "cli cnfg",
                            "description": "Client Characteristic Configuration",
                            "format": "uint16_t"
                        }
                    ]
                }
            ]
        },
        {
            "name": "RSC Feature",
            "abbreviation": "rsc feature",
            "description": "The RSC (Running Speed and Cadence) Feature characteristic is used to describe the supported features of the Server.",
            "uuid": [
                "0x54",
                "0x2A"
            ],
            "db_size": 2,
            "fields": [
                {
                    "name": "Is Instantaneous Stride Length Measurement Supported",
                    "description": "Instantaneous Stride Length Measurement Supported",
                    "format": "bool"
                },
                {
                    "name": "Is Total Distance Measurement Supported",
                    "description": "Total Distance Measurement Supported",
                    "format": "bool"
                },
                {
                    "name": "Is Walking or Running Status Supported",
                    "description": "Walking or Running Status Supported",
                    "format": "bool"
                },
                {
                    "name": "Is Calibration Procedure Supported",
                    "description": "Calibration Procedure Supported",
                    "format": "bool"
                },
                {
                    "name": "Is Multiple Sensor Locations Supported",
                    "description": "Multiple Sensor Locations Supported",
                    "format": "bool"
                }
            ],
            "properties": [
                "Read"
            ],
            "aux_properties": []
        },
        {
            "name": "Sensor Location",
            "abbreviation": "sensor location",
            "description": " The Sensor Location characteristic is used to expose the location of the sensor.",
            "uuid": [
                "0x5D",
                "0x2A"
            ],
            "db_size": 1,
            "fields": [
                {
                    "name": "Sensor Location",
                    "description": "Sensor Location",
                    "format": "uint8_t",
                    "enumerations": [
                        {
                            "key": 0,
                            "value": "Other",
                            "description": "Other"
                        },
                        {
                            "key": 1,
                            "value": "Top of shoe",
                            "description": "Top of shoe"
                        },
                        {
                            "key": 2,
                            "value": "In shoe",
                            "description": "In shoe"
                        },
                        {
                            "key": 3,
                            "value": "Hip",
                            "description": "Hip"
                        },
                        {
                            "key": 4,
                            "value": " Front Wheel",
                            "description": " Front Wheel"
                        },
                        {
                            "key": 5,
                            "value": "Left Crank",
                            "description": "Left Crank"
                        },
                        {
                            "key": 6,
                            "value": "Right Crank",
                            "description": "Right Crank"
                        },
                        {
                            "key": 7,
                            "value": "Left Pedal",
                            "description": "Left Pedal"
                        },
                        {
                            "key": 8,
                            "value": "Right Pedal",
                            "description": "Right Pedal"
                        },
                        {
                            "key": 9,
                            "value": " Front Hub",
                            "description": " Front Hub"
                        },
                        {
                            "key": 10,
                            "value": "Rear Dropout",
                            "description": "Rear Dropout"
                        },
                        {
                            "key": 11,
                            "value": "Chainstay",
                            "description": "Chainstay"
                        },
                        {
                            "key": 12,
                            "value": "Rear Wheel",
                            "description": "Rear Wheel"
                        },
                        {
                            "key": 13,
                            "value": "Rear Hub",
                            "description": "Rear Hub"
                        },
                        {
                            "key": 14,
                            "value": "Chest",
                            "description": "Chest"
                        },
                        {
                            "key": 15,
                            "value": "Spider",
                            "description": "Spider"
                        },
                        {
                            "key": 16,
                            "value": "Chain Ring",
                            "description": "Chain Ring"
                        }
                    ]
                }
            ],
            "properties": [
                "Read"
            ],
            "aux_properties": []
        },
        {
            "name": "SC Control Point",
            "abbreviation": "sc control point",
            "description": "The SC Control Point characteristic is used to request a specific function to be executed on the receiving device.",
            "uuid": [
                "0x55",
                "0x2A"
            ],
            "db_size": 20,
            "fields": [
                {
                    "name": "Op Code",
                    "description": "Op Code",
                    "format": "uint8_t",
                    "enumerations": [
                        {
                            "key": 0,
                            "value": "Reserved for future use",
                            "description": "Reserved for future use"
                        },
                        {
                            "requires": "C3",
                            "key": 1,
                            "value": "Set Cumulative Value",
                            "description": "Set Cumulative Value"
                        },
                        {
                            "requires": "N/A",
                            "key": 2,
                            "value": "Start Sensor Calibration",
                            "description": "Start Sensor Calibration"
                        },
                        {
                            "requires": "C1",
                            "key": 3,
                            "value": "Update Sensor Location",
                            "description": "Update Sensor Location"
                        },
                        {
                            "requires": "N/A",
                            "key": 4,
                            "value": "Request Supported Sensor Locations",
                            "description": "Request Supported Sensor Locations"
                        },
                        {
                            "requires": "C2",
                            "key": 16,
                            "value": "Response Code",
                            "description": "Response Code"
                        }
                    ]
                },
                {
                    "name": "Cumulative Value",
                    "description": "Cumulative Value",
                    "format": "uint8_t"
                },
                {
                    "name": "Sensor Location Value",
                    "description": "Sensor Location Value",
                    "format": "uint8_t"
                },
                {
                    "name": "Request Op Code",
                    "description": "Request Op Code",
                    "format": "uint8_t"
                },
                {
                    "name": "Response Value",
                    "description": "Response Value",
                    "format": "uint8_t",
                    "enumerations": [
                        {
                            "key": 0,
                            "value": "Reserved For Future Use (Response Parameter: N/A)",
                            "description": "Reserved For Future Use (Response Parameter: N/A)"
                        },
                        {
                            "key": 1,
                            "value": "Success (Response Parameter: None,except for Op Code 0x04,see Note below)",
                            "description": "Success (Response Parameter: None,except for Op Code 0x04,see Note below)"
                        },
                        {
                            "key": 2,
                            "value": "Op Code not supported (Response Parameter: N/A)",
                            "description": "Op Code not supported (Response Parameter: N/A)"
                        },
                        {
                            "key": 3,
                            "value": "Invalid Parameter (Response Parameter: None)",
                            "description": "Invalid Parameter (Response Parameter: None)"
                        },
                        {
                            "key": 4,
                            "value": "Operation Failed (Response Parameter: None)",
                            "description": "Operation Failed (Response Parameter: None)"
                        }
                    ]
                },
                {
                    "name": "Response Parameter",
                    "description": "Response Parameter",
                    "format": "uint8_t"
                }
            ],
            "properties": [
                "Write",
                "Indicate"
            ],
            "aux_properties": [],
            "descriptors": [
                {
                    "name": "Client Characteristic Configuration",
                    "abbreviation": "cli cnfg",
                    "uuid": [
                        "0x02",
                        "0x29"
                    ],
                    "db_size": 2,
                    "description": "Client Characteristic Configuration Descriptor",
                    "properties": [
                        "Read",
                        "Write"
                    ],
                    "aux_properties": [
                        "Peer Specific"
                    ],
                    "fields": [
                        {
                            "name": "cli cnfg",
                            "description": "Client Characteristic Configuration",
                            "format": "uint16_t"
                        }
                    ]
                }
            ]
        }
    ]
}
