{
    "name": "Scan Parameters Service",
    "abbreviation": "scp",
    "description": "This service enables a GATT Client to store the LE scan parameters it is using on a GATT Server device so that the GATT Server can  utilize the information to adjust behavior to optimize power consumption and/or reconnection latency",
    "uuid": [
        "0x13",
        "0x18"
    ],
    "aux_properties": [
        "None"
    ],
    "error_codes": [],
    "characteristics": [
        {
            "name": "Scan Interval Window",
            "abbreviation": "scan interval window",
            "description": "The Scan Interval Window characteristic is used to store the scan parameters of the GATT Client. Included in this characteristic are the Scan Interval and Scan Window of the GATT Client device.",
            "uuid": [
                "0x4F",
                "0x2A"
            ],
            "db_size": 4,
            "fields": [
                {
                    "name": "LE_Scan_Interval",
                    "description": "LE_Scan_Interval",
                    "format": "uint16_t"
                },
                {
                    "name": "LE_Scan_Window",
                    "description": "LE_Scan_Window",
                    "format": "uint16_t"
                }
            ],
            "properties": [
                "WriteWithoutResponse"
            ],
            "aux_properties": []
        },
        {
            "name": "Scan Refresh",
            "abbreviation": "scan refresh",
            "description": "The Scan Refresh characteristic is used to notify the Client that the Server requires the Scan Interval Window characteristic to be written with the latest values upon notification.",
            "uuid": [
                "0x31",
                "0x2A"
            ],
            "db_size": 1,
            "fields": [
                {
                    "name": "Scan Refresh Value",
                    "description": "Scan Refresh Value",
                    "format": "uint8_t",
                    "enumerations": [
                        {
                            "key": 0,
                            "value": "Server requires refresh",
                            "description": "Server requires refresh"
                        }
                    ]
                }
            ],
            "properties": [
                "Notify"
            ],
            "aux_properties": [],
            "descriptors": [
                {
                    "name": "Client Characteristic Configuration",
                    "abbreviation": "cli cnfg",
                    "uuid": [
                        "0x02",
                        "0x29"
                    ],
                    "db_size": 2,
                    "description": "Client Characteristic Configuration Descriptor",
                    "properties": [
                        "Read",
                        "Write"
                    ],
                    "aux_properties": [
                        "Peer Specific"
                    ],
                    "fields": [
                        {
                            "name": "cli cnfg",
                            "description": "Client Characteristic Configuration",
                            "format": "uint16_t"
                        }
                    ]
                }
            ]
        }
    ]
}
