{
    "name": "Tx Power Service",
    "abbreviation": "tp",
    "description": "This service exposes a device's current transmit power level when in a connection.",
    "uuid": [
        "0x04",
        "0x18"
    ],
    "aux_properties": [
        "None"
    ],
    "error_codes": [],
    "characteristics": [
        {
            "name": "Tx Power Level",
            "abbreviation": "tx power level",
            "description": "The Transmit Power Level characteristic represents the current transmit power level in dBm,and the level ranges from -100 dBm to +20 dBm to a resolution of 1 dBm.",
            "uuid": [
                "0x07",
                "0x2A"
            ],
            "db_size": 1,
            "fields": [
                {
                    "name": "Tx Power",
                    "description": "Tx Power",
                    "format": "int8_t"
                }
            ],
            "properties": [
                "Read"
            ],
            "aux_properties": []
        }
    ]
}
