{
    "name": "User Data Service",
    "abbreviation": "ud",
    "description": "This service exposes user-related data in the sports and fitness environment.",
    "uuid": [
        "0x1C",
        "0x18"
    ],
    "aux_properties": [
        "None"
    ],
    "error_codes": [
        {
            "code": "0x80",
            "name": "User Data Access Not Permitted",
            "description": "The user data access is not permitted (i.e. the user has not given consent in order to access these data)."
        }
    ],
    "characteristics": [
        {
            "name": "First Name",
            "abbreviation": "first name",
            "description": "First name of the user.",
            "uuid": [
                "0x8A",
                "0x2A"
            ],
            "db_size": 100,
            "fields": [
                {
                    "name": "First Name",
                    "description": "First Name",
                    "format": "uint8_t"
                }
            ],
            "properties": [
                "Read",
                "Write"
            ],
            "aux_properties": []
        },
        {
            "name": "Last Name",
            "abbreviation": "last name",
            "description": "Last name of the user.",
            "uuid": [
                "0x90",
                "0x2A"
            ],
            "db_size": 100,
            "fields": [
                {
                    "name": "Last Name",
                    "description": "Last Name",
                    "format": "uint8_t"
                }
            ],
            "properties": [
                "Read",
                "Write"
            ],
            "aux_properties": []
        },
        {
            "name": "Email Address",
            "abbreviation": "email addr",
            "description": "Email address of the user.",
            "uuid": [
                "0x87",
                "0x2A"
            ],
            "db_size": 100,
            "fields": [
                {
                    "name": "Email Address",
                    "description": "Email Address",
                    "format": "uint8_t"
                }
            ],
            "properties": [
                "Read",
                "Write"
            ],
            "aux_properties": []
        },
        {
            "name": "Age",
            "abbreviation": "age",
            "description": "Age of the User.",
            "uuid": [
                "0x80",
                "0x2A"
            ],
            "db_size": 1,
            "fields": [
                {
                    "name": "Age",
                    "description": "Age",
                    "format": "uint8_t"
                }
            ],
            "properties": [
                "Read",
                "Write"
            ],
            "aux_properties": []
        },
        {
            "name": "Date of Birth",
            "abbreviation": "date of birth",
            "description": "Date of Birth of a uesr.",
            "uuid": [
                "0x85",
                "0x2A"
            ],
            "db_size": 4,
            "fields": [
                {
                    "name": "Year",
                    "description": "Year",
                    "format": "uint16_t"
                },
                {
                    "name": "Month",
                    "description": "Month",
                    "format": "uint8_t",
                    "enumerations": [
                        {
                            "key": 0,
                            "value": "Month is not known",
                            "description": "Month is not known"
                        },
                        {
                            "key": 1,
                            "value": "January",
                            "description": "January"
                        },
                        {
                            "key": 2,
                            "value": "February",
                            "description": "February"
                        },
                        {
                            "key": 3,
                            "value": "March",
                            "description": "March"
                        },
                        {
                            "key": 4,
                            "value": "April",
                            "description": "April"
                        },
                        {
                            "key": 5,
                            "value": "May",
                            "description": "May"
                        },
                        {
                            "key": 6,
                            "value": "June",
                            "description": "June"
                        },
                        {
                            "key": 7,
                            "value": "July",
                            "description": "July"
                        },
                        {
                            "key": 8,
                            "value": "August",
                            "description": "August"
                        },
                        {
                            "key": 9,
                            "value": "September",
                            "description": "September"
                        },
                        {
                            "key": 10,
                            "value": "October",
                            "description": "October"
                        },
                        {
                            "key": 11,
                            "value": "November",
                            "description": "November"
                        },
                        {
                            "key": 12,
                            "value": "December",
                            "description": "December"
                        }
                    ]
                },
                {
                    "name": "Day",
                    "description": "Day",
                    "format": "uint8_t"
                }
            ],
            "properties": [
                "Read",
                "Write"
            ],
            "aux_properties": []
        },
        {
            "name": "Gender",
            "abbreviation": "gender",
            "description": "Gender of the user.",
            "uuid": [
                "0x8C",
                "0x2A"
            ],
            "db_size": 1,
            "fields": [
                {
                    "name": "Gender",
                    "description": "Gender",
                    "format": "uint8_t",
                    "enumerations": [
                        {
                            "key": 0,
                            "value": "Male",
                            "description": "Male"
                        },
                        {
                            "key": 1,
                            "value": "Female",
                            "description": "Female"
                        },
                        {
                            "key": 2,
                            "value": "Unspecified",
                            "description": "Unspecified"
                        }
                    ]
                }
            ],
            "properties": [
                "Read",
                "Write"
            ],
            "aux_properties": []
        },
        {
            "name": "Weight",
            "abbreviation": "weight",
            "description": "Weight of the User",
            "uuid": [
                "0x98",
                "0x2A"
            ],
            "db_size": 2,
            "fields": [
                {
                    "name": "Weight",
                    "description": "Weight",
                    "format": "uint16_t"
                }
            ],
            "properties": [
                "Read",
                "Write"
            ],
            "aux_properties": []
        },
        {
            "name": "Height",
            "abbreviation": "height",
            "description": "Height of the User",
            "uuid": [
                "0x8E",
                "0x2A"
            ],
            "db_size": 2,
            "fields": [
                {
                    "name": "Height",
                    "description": "Height",
                    "format": "uint16_t"
                }
            ],
            "properties": [
                "Read",
                "Write"
            ],
            "aux_properties": []
        },
        {
            "name": "VO2 Max",
            "abbreviation": "vo2 max",
            "description": "Maximal Oxygen uptake of a user",
            "uuid": [
                "0x96",
                "0x2A"
            ],
            "db_size": 1,
            "fields": [
                {
                    "name": "VO2 Max",
                    "description": "VO2 Max",
                    "format": "uint8_t"
                }
            ],
            "properties": [
                "Read",
                "Write"
            ],
            "aux_properties": []
        },
        {
            "name": "Heart Rate Max",
            "abbreviation": "heart rate max",
            "description": "Maximum heart rate a user can reach.",
            "uuid": [
                "0x8D",
                "0x2A"
            ],
            "db_size": 1,
            "fields": [
                {
                    "name": "Heart Rate Max",
                    "description": "Heart Rate Max",
                    "format": "uint8_t"
                }
            ],
            "properties": [
                "Read",
                "Write"
            ],
            "aux_properties": []
        },
        {
            "name": "Resting Heart Rate",
            "abbreviation": "resting heart rate",
            "description": "Lowest Heart Rate a user can reach",
            "uuid": [
                "0x92",
                "0x2A"
            ],
            "db_size": 1,
            "fields": [
                {
                    "name": "Resting Heart Rate",
                    "description": "Resting Heart Rate",
                    "format": "uint8_t"
                }
            ],
            "properties": [
                "Read",
                "Write"
            ],
            "aux_properties": []
        },
        {
            "name": "Maximum Recommended Heart Rate",
            "abbreviation": "max recommended heart rate",
            "description": "Maximum recommended heart rate is a threshold that may be set to limit exertion. The maximum recommended heart rate is smaller or equal to the maximal heart rate a user can reach.",
            "uuid": [
                "0x91",
                "0x2A"
            ],
            "db_size": 1,
            "fields": [
                {
                    "name": "Maximum Recommended Heart Rate",
                    "description": "Maximum Recommended Heart Rate",
                    "format": "uint8_t"
                }
            ],
            "properties": [
                "Read",
                "Write"
            ],
            "aux_properties": []
        },
        {
            "name": "Aerobic Threshold",
            "abbreviation": "aerobic threshold",
            "description": "First metabolic threshold.",
            "uuid": [
                "0x7F",
                "0x2A"
            ],
            "db_size": 1,
            "fields": [
                {
                    "name": "Aerobic Threshold",
                    "description": "Aerobic Threshold",
                    "format": "uint8_t"
                }
            ],
            "properties": [
                "Read",
                "Write"
            ],
            "aux_properties": []
        },
        {
            "name": "Anaerobic Threshold",
            "abbreviation": "anaerobic threshold",
            "description": "Second metabolic threshold",
            "uuid": [
                "0x83",
                "0x2A"
            ],
            "db_size": 1,
            "fields": [
                {
                    "name": "Anaerobic Threshold",
                    "description": "Anaerobic Threshold",
                    "format": "uint8_t"
                }
            ],
            "properties": [
                "Read",
                "Write"
            ],
            "aux_properties": []
        },
        {
            "name": "Sport Type for Aerobic and Anaerobic Thresholds",
            "abbreviation": "sport type for threshold",
            "description": " Sport type enumeration(See note below). The values of the Sport Type for Aerobic and Anaerobic Thresholds characteristic are defined below",
            "uuid": [
                "0x93",
                "0x2A"
            ],
            "db_size": 1,
            "fields": [
                {
                    "name": "Sport Type for Aerobic and Anaerobic Thresholds",
                    "description": "Sport Type for Aerobic and Anaerobic Thresholds",
                    "format": "uint8_t",
                    "enumerations": [
                        {
                            "key": 0,
                            "value": "Unspecified",
                            "description": "Unspecified"
                        },
                        {
                            "key": 1,
                            "value": "Running (Treadmill)",
                            "description": "Running (Treadmill)"
                        },
                        {
                            "key": 2,
                            "value": "Cycling (Ergometer)",
                            "description": "Cycling (Ergometer) "
                        },
                        {
                            "key": 3,
                            "value": "Rowing (Ergometer)",
                            "description": "Rowing (Ergometer)"
                        },
                        {
                            "key": 4,
                            "value": "Cross Training (Elliptical)",
                            "description": "Cross Training (Elliptical)"
                        },
                        {
                            "key": 5,
                            "value": "Climbing",
                            "description": "Climbing"
                        },
                        {
                            "key": 6,
                            "value": "Skiing",
                            "description": "Skiing"
                        },
                        {
                            "key": 7,
                            "value": "Skating",
                            "description": "Skating"
                        },
                        {
                            "key": 8,
                            "value": "Arm exercising",
                            "description": "Arm exercising"
                        },
                        {
                            "key": 9,
                            "value": "Lower body exercising",
                            "description": "Lower body exercising"
                        },
                        {
                            "key": 10,
                            "value": "Upper body exercising",
                            "description": "Upper body exercising"
                        },
                        {
                            "key": 11,
                            "value": "Whole body exercising",
                            "description": "Whole body exercising"
                        }
                    ]
                }
            ],
            "properties": [
                "Read",
                "Write"
            ],
            "aux_properties": []
        },
        {
            "name": "Date of Threshold Assessment",
            "abbreviation": "date of threshold assessment",
            "description": "Date of Threshold Assessment.",
            "uuid": [
                "0x86",
                "0x2A"
            ],
            "db_size": 4,
            "fields": [
                {
                    "name": "Year",
                    "description": "Year",
                    "format": "uint16_t"
                },
                {
                    "name": "Month",
                    "description": "Month",
                    "format": "uint8_t",
                    "enumerations": [
                        {
                            "key": 0,
                            "value": "Month is not known",
                            "description": "Month is not known"
                        },
                        {
                            "key": 1,
                            "value": "January",
                            "description": "January"
                        },
                        {
                            "key": 2,
                            "value": "February",
                            "description": "February"
                        },
                        {
                            "key": 3,
                            "value": "March",
                            "description": "March"
                        },
                        {
                            "key": 4,
                            "value": "April",
                            "description": "April"
                        },
                        {
                            "key": 5,
                            "value": "May",
                            "description": "May"
                        },
                        {
                            "key": 6,
                            "value": "June",
                            "description": "June"
                        },
                        {
                            "key": 7,
                            "value": "July",
                            "description": "July"
                        },
                        {
                            "key": 8,
                            "value": "August",
                            "description": "August"
                        },
                        {
                            "key": 9,
                            "value": "September",
                            "description": "September"
                        },
                        {
                            "key": 10,
                            "value": "October",
                            "description": "October"
                        },
                        {
                            "key": 11,
                            "value": "November",
                            "description": "November"
                        },
                        {
                            "key": 12,
                            "value": "December",
                            "description": "December"
                        }
                    ]
                },
                {
                    "name": "Day",
                    "description": "Day",
                    "format": "uint8_t"
                }
            ],
            "properties": [
                "Read",
                "Write"
            ],
            "aux_properties": []
        },
        {
            "name": "Waist Circumference",
            "abbreviation": "waist circumference",
            "description": "Used with the Hip Circumference value to calculate the Waist to Hip Ratio (WHR)",
            "uuid": [
                "0x97",
                "0x2A"
            ],
            "db_size": 2,
            "fields": [
                {
                    "name": "Waist Circumference",
                    "description": "Waist Circumference",
                    "format": "uint16_t"
                }
            ],
            "properties": [
                "Read",
                "Write"
            ],
            "aux_properties": []
        },
        {
            "name": "Hip Circumference",
            "abbreviation": "hip circumference",
            "description": "Used with the Waist Circumference value to calculate the Waist to Hip Ratio (WHR)",
            "uuid": [
                "0x8F",
                "0x2A"
            ],
            "db_size": 2,
            "fields": [
                {
                    "name": "Hip Circumference",
                    "description": "Hip Circumference",
                    "format": "uint16_t"
                }
            ],
            "properties": [
                "Read",
                "Write"
            ],
            "aux_properties": []
        },
        {
            "name": "Fat Burn Heart Rate Lower Limit",
            "abbreviation": "fat burn heart rate lower limit",
            "description": "Lower limit of the heart rate where the user maximizes the fat burn while exersizing",
            "uuid": [
                "0x88",
                "0x2A"
            ],
            "db_size": 1,
            "fields": [
                {
                    "name": "Fat Burn Heart Rate Lower Limit",
                    "description": "Fat Burn Heart Rate Lower Limit",
                    "format": "uint8_t"
                }
            ],
            "properties": [
                "Read",
                "Write"
            ],
            "aux_properties": []
        },
        {
            "name": "Fat Burn Heart Rate Upper Limit",
            "abbreviation": "fat burn heart rate upper limit",
            "description": "Upper limit of the heart rate where the user maximizes the fat burn while exersizing",
            "uuid": [
                "0x89",
                "0x2A"
            ],
            "db_size": 1,
            "fields": [
                {
                    "name": "Fat Burn Heart Rate Upper Limit",
                    "description": "Fat Burn Heart Rate Upper Limit",
                    "format": "uint8_t"
                }
            ],
            "properties": [
                "Read",
                "Write"
            ],
            "aux_properties": []
        },
        {
            "name": "Aerobic Heart Rate Lower Limit",
            "abbreviation": "aerobic heart rate lower limit",
            "description": "Lower limit of the heart rate where the user enhances his endurance while exercising",
            "uuid": [
                "0x7E",
                "0x2A"
            ],
            "db_size": 1,
            "fields": [
                {
                    "name": "Aerobic Heart Rate Lower Limit",
                    "description": "Aerobic Heart Rate Lower Limit",
                    "format": "uint8_t"
                }
            ],
            "properties": [
                "Read",
                "Write"
            ],
            "aux_properties": []
        },
        {
            "name": "Aerobic Heart Rate Upper Limit",
            "abbreviation": "aerobic heart rate upper limit",
            "description": "Upper limit of the heart rate where the user enhances his endurance while exercising",
            "uuid": [
                "0x84",
                "0x2A"
            ],
            "db_size": 1,
            "fields": [
                {
                    "name": "Aerobic Heart Rate Upper Limit",
                    "description": "Aerobic Heart Rate Upper Limit",
                    "format": "uint8_t"
                }
            ],
            "properties": [
                "Read",
                "Write"
            ],
            "aux_properties": []
        },
        {
            "name": "Anaerobic Heart Rate Lower Limit",
            "abbreviation": "anaerobic heart rate lower limit",
            "description": "Lower limit of the heart rate where the user enhances his anaerobic tolerance while exercising.",
            "uuid": [
                "0x81",
                "0x2A"
            ],
            "db_size": 1,
            "fields": [
                {
                    "name": "Anaerobic Heart Rate Lower Limit",
                    "description": "Anaerobic Heart Rate Lower Limit",
                    "format": "uint8_t"
                }
            ],
            "properties": [
                "Read",
                "Write"
            ],
            "aux_properties": []
        },
        {
            "name": "Anaerobic Heart Rate Upper Limit",
            "abbreviation": "anaerobic heart rate upper limit",
            "description": "Upper limit of the heart rate where the user enhances his anaerobic tolerance while exercising.",
            "uuid": [
                "0x82",
                "0x2A"
            ],
            "db_size": 1,
            "fields": [
                {
                    "name": "Anaerobic Heart Rate Upper Limit",
                    "description": "Anaerobic Heart Rate Upper Limit",
                    "format": "uint8_t"
                }
            ],
            "properties": [
                "Read",
                "Write"
            ],
            "aux_properties": []
        },
        {
            "name": "Five Zone Heart Rate Limits",
            "abbreviation": "five zone heart rate limits",
            "description": "Data structure containing the limits between the heart rate zones for the 5-zone heart rate definition (Maximum,Hard,Moderate,Light and Very Light).",
            "uuid": [
                "0x8B",
                "0x2A"
            ],
            "db_size": 4,
            "fields": [
                {
                    "name": "Five Zone Heart Rate Limits - Very light / Light Limit",
                    "description": "Five Zone Heart Rate Limits - Very light / Light Limit",
                    "format": "uint8_t"
                },
                {
                    "name": "Five Zone Heart Rate Limits - Light / Moderate Limit",
                    "description": "Five Zone Heart Rate Limits - Light / Moderate Limit",
                    "format": "uint8_t"
                },
                {
                    "name": "Five Zone Heart Rate Limits - Moderate / Hard Limit",
                    "description": "Five Zone Heart Rate Limits - Moderate / Hard Limit",
                    "format": "uint8_t"
                },
                {
                    "name": "Five Zone Heart Rate Limits - Hard / Maximum Limit",
                    "description": "Five Zone Heart Rate Limits - Hard / Maximum Limit",
                    "format": "uint8_t"
                }
            ],
            "properties": [
                "Read",
                "Write"
            ],
            "aux_properties": []
        },
        {
            "name": "Three Zone Heart Rate Limits",
            "abbreviation": "three zone heart rate limits",
            "description": "Data structure containing the limits between the heart rate zones for the 3-zone heart rate definition (Hard,Moderate and Light).",
            "uuid": [
                "0x94",
                "0x2A"
            ],
            "db_size": 2,
            "fields": [
                {
                    "name": "Three zone Heart Rate Limits - Light (Fat burn) / Moderate (Aerobic) Limit",
                    "description": "Three zone Heart Rate Limits - Light (Fat burn) / Moderate (Aerobic) Limit",
                    "format": "uint8_t"
                },
                {
                    "name": "Three zone Heart Rate Limits - Moderate (Aerobic) / Hard (Anaerobic) Limit",
                    "description": "Three zone Heart Rate Limits - Moderate (Aerobic) / Hard (Anaerobic) Limit",
                    "format": "uint8_t"
                }
            ],
            "properties": [
                "Read",
                "Write"
            ],
            "aux_properties": []
        },
        {
            "name": "Two Zone Heart Rate Limit",
            "abbreviation": "two zone heart rate limit",
            "description": "Heart rate limit between the heart rate zones for the 2-zone heart rate definition (Fitness and Fat Burn).",
            "uuid": [
                "0x95",
                "0x2A"
            ],
            "db_size": 1,
            "fields": [
                {
                    "name": "Two zone Heart Rate Limit - Fat burn / Fitness Limit",
                    "description": "Two zone Heart Rate Limit - Fat burn / Fitness Limit",
                    "format": "uint8_t"
                }
            ],
            "properties": [
                "Read",
                "Write"
            ],
            "aux_properties": []
        },
        {
            "name": "Database Change Increment",
            "abbreviation": "db change increment",
            "description": "The Database Change Increment characteristic exposes a value to determine whether or not the UDS Characteristics need to be synchronized between the Server and the Client.",
            "uuid": [
                "0x99",
                "0x2A"
            ],
            "db_size": 4,
            "fields": [
                {
                    "name": "Database Change Increment",
                    "description": "Database Change Increment",
                    "format": "uint32_t"
                }
            ],
            "properties": [
                "Read",
                "Write",
                "Notify"
            ],
            "aux_properties": [],
            "descriptors": [
                {
                    "name": "Client Characteristic Configuration",
                    "abbreviation": "cli cnfg",
                    "uuid": [
                        "0x02",
                        "0x29"
                    ],
                    "db_size": 2,
                    "description": "Client Characteristic Configuration Descriptor",
                    "properties": [
                        "Read",
                        "Write"
                    ],
                    "aux_properties": [
                        "Peer Specific"
                    ],
                    "fields": [
                        {
                            "name": "cli cnfg",
                            "description": "Client Characteristic Configuration",
                            "format": "uint16_t"
                        }
                    ]
                }
            ]
        },
        {
            "name": "User Index",
            "abbreviation": "user index",
            "description": "The User Index characteristic exposes the index of the current user.",
            "uuid": [
                "0x9A",
                "0x2A"
            ],
            "db_size": 1,
            "fields": [
                {
                    "name": "User Index",
                    "description": "User Index",
                    "format": "uint8_t",
                    "enumerations": [
                        {
                            "key": 255,
                            "value": "Unknown User",
                            "description": "Unknown User"
                        }
                    ]
                }
            ],
            "properties": [
                "Read"
            ],
            "aux_properties": []
        },
        {
            "name": "User Control Point",
            "abbreviation": "user cntrl pnt",
            "description": "The User Control Point characteristic is used to request a specific function to be executed on the device.",
            "uuid": [
                "0x9F",
                "0x2A"
            ],
            "db_size": 20,
            "fields": [
                {
                    "name": "Op Code",
                    "format": "uint8_t",
                    "description": "Op Code"
                },
                {
                    "name": "Parameter",
                    "format": "uint8_t",
                    "length": 18,
                    "description": "Parameter"
                },
                {
                    "name": "Response Code Op Code",
                    "format": "uint8_t",
                    "description": "Response Code Op Code"
                },
                {
                    "name": "Request Op Code",
                    "format": "uint8_t",
                    "description": "Request Op Code"
                },
                {
                    "name": "Response Value",
                    "format": "uint8_t",
                    "description": "Response Value"
                },
                {
                    "name": "Response Parameter",
                    "format": "uint8_t",
                    "length": 17,
                    "description": "Response Parameter"
                }
            ],
            "properties": [
                "Write",
                "Indicate"
            ],
            "aux_properties": [],
            "descriptors": [
                {
                    "name": "Client Characteristic Configuration",
                    "abbreviation": "cli cnfg",
                    "uuid": [
                        "0x02",
                        "0x29"
                    ],
                    "db_size": 2,
                    "description": "Client Characteristic Configuration Descriptor",
                    "properties": [
                        "Read",
                        "Write"
                    ],
                    "aux_properties": [
                        "Peer Specific"
                    ],
                    "fields": [
                        {
                            "name": "cli cnfg",
                            "description": "Client Characteristic Configuration",
                            "format": "uint16_t"
                        }
                    ]
                }
            ]
        },
        {
            "name": "Language",
            "abbreviation": "language",
            "description": "Language",
            "uuid": [
                "0xA2",
                "0x2A"
            ],
            "db_size": 100,
            "fields": [
                {
                    "name": "Language",
                    "description": "Language",
                    "format": "uint8_t"
                }
            ],
            "properties": [
                "Read",
                "Write"
            ],
            "aux_properties": []
        }
    ]
}
