{
    "name": "Weight Scale Service",
    "abbreviation": "ws",
    "description": "This service exposes weight and related data from a weight scale intended for consumer healthcare and sports/fitness applications.",
    "uuid": [
        "0x1D",
        "0x18"
    ],
    "aux_properties": [
        "None"
    ],
    "error_codes": [],
    "characteristics": [
        {
            "name": "Weight Scale Feature",
            "abbreviation": "weight scale feature",
            "description": "The Weight Scale Feature characteristic shall be used to describe the supported features of the Server.",
            "uuid": [
                "0x9E",
                "0x2A"
            ],
            "db_size": 4,
            "fields": [
                {
                    "name": "Is Time Stamp Supported",
                    "description": "Time Stamp Supported",
                    "format": "bool"
                },
                {
                    "name": "Is Multiple Users Supported",
                    "description": "Multiple Users Supported",
                    "format": "bool"
                },
                {
                    "name": "Is BMI Supported",
                    "description": "BMI Supported",
                    "format": "bool"
                },
                {
                    "name": "Weight Measurement Resolution",
                    "description": "Weight Measurement Resolution",
                    "format": "uint8_t"
                },
                {
                    "name": "Height Measurement Resolution",
                    "description": "Height Measurement Resolution",
                    "format": "uint8_t"
                }
            ],
            "properties": [
                "Read"
            ],
            "aux_properties": []
        },
        {
            "name": "Weight Measurement",
            "abbreviation": "weight measurement",
            "description": "The Weight Measurement characteristic is used to send weight-related data to the Client.",
            "uuid": [
                "0x9D",
                "0x2A"
            ],
            "db_size": 20,
            "fields": [
                {
                    "name": "Flags",
                    "description": "Flags",
                    "format": "struct",
                    "fields": [
                        {
                            "name": "Is Measurement Units",
                            "description": "Measurement Units",
                            "format": "bool"
                        },
                        {
                            "name": "Is Time stamp present",
                            "description": "Time stamp present",
                            "format": "bool"
                        },
                        {
                            "name": "Is User ID present",
                            "description": "User ID present",
                            "format": "bool"
                        },
                        {
                            "name": "Is BMI and Height present",
                            "description": "BMI and Height present",
                            "format": "bool"
                        }
                    ]
                },
                {
                    "name": "Weight - SI",
                    "description": "Weight - SI",
                    "format": "uint16_t"
                },
                {
                    "name": "Weight - Imperial",
                    "description": "Weight - Imperial",
                    "format": "uint16_t"
                },
                {
                    "name": "Time Stamp",
                    "description": "Time Stamp",
                    "format": "st_ble_date_time_t"
                },
                {
                    "name": "User ID",
                    "description": "User ID",
                    "format": "uint8_t",
                    "enumerations": [
                        {
                            "key": 255,
                            "value": "unknown user",
                            "description": "unknown user"
                        }
                    ]
                },
                {
                    "name": "BMI",
                    "description": "BMI",
                    "format": "uint16_t"
                },
                {
                    "name": "Height - SI",
                    "description": "Height - SI",
                    "format": "uint16_t"
                },
                {
                    "name": "Height - Imperial",
                    "description": "Height - Imperial",
                    "format": "uint16_t"
                }
            ],
            "properties": [
                "Indicate"
            ],
            "aux_properties": [],
            "descriptors": [
                {
                    "name": "Client Characteristic Configuration",
                    "abbreviation": "cli cnfg",
                    "uuid": [
                        "0x02",
                        "0x29"
                    ],
                    "db_size": 2,
                    "description": "Client Characteristic Configuration Descriptor",
                    "properties": [
                        "Read",
                        "Write"
                    ],
                    "aux_properties": [
                        "Peer Specific"
                    ],
                    "fields": [
                        {
                            "name": "cli cnfg",
                            "description": "Client Characteristic Configuration",
                            "format": "uint16_t"
                        }
                    ]
                }
            ]
        }
    ]
}
