<?xml version="1.0" encoding="UTF-8" standalone="no"?>
<project>
    	
    <configuration id="com.renesas.cdt.managedbuild.gcc.rx.ui.configuration.debug.lib.1523797819" name="Debug">
        		
        <extension point="org.eclipse.cdt.core.LanguageSettingsProvider">
            			
            <provider copy-of="extension" id="org.eclipse.cdt.ui.UserLanguageSettingsProvider"/>
            			
            <provider class="org.eclipse.cdt.managedbuilder.language.settings.providers.GCCBuiltinSpecsDetector" console="false" env-hash="-1483903587875961823" id="com.renesas.cdt.managedbuild.gcc.rx.ui.languageprovider" keep-relative-paths="false" name="Renesas GCCBuildinCompilerSettings" parameter="${COMMAND} ${toolchain_flags} ${FLAGS} -E -P -v -dD &quot;${INPUTS}&quot;" prefer-non-shared="true">
                				
                <language-scope id="org.eclipse.cdt.core.gcc"/>
                				
                <language-scope id="org.eclipse.cdt.core.g++"/>
                			
            </provider>
            			
            <provider-reference id="org.eclipse.cdt.managedbuilder.core.MBSLanguageSettingsProvider" ref="shared-provider"/>
            		
        </extension>
        	
    </configuration>
    	
    <configuration id="com.renesas.cdt.managedbuild.gcc.rx.ui.configuration.release.lib.755076410" name="Release">
        		
        <extension point="org.eclipse.cdt.core.LanguageSettingsProvider">
            			
            <provider copy-of="extension" id="org.eclipse.cdt.ui.UserLanguageSettingsProvider"/>
            			
            <provider class="org.eclipse.cdt.managedbuilder.language.settings.providers.GCCBuiltinSpecsDetector" console="false" env-hash="-1909597478863352158" id="com.renesas.cdt.managedbuild.gcc.rx.ui.languageprovider" keep-relative-paths="false" name="Renesas GCCBuildinCompilerSettings" parameter="${COMMAND} ${toolchain_flags} ${FLAGS} -E -P -v -dD &quot;${INPUTS}&quot;" prefer-non-shared="true">
                				
                <language-scope id="org.eclipse.cdt.core.gcc"/>
                				
                <language-scope id="org.eclipse.cdt.core.g++"/>
                			
            </provider>
            			
            <provider-reference id="org.eclipse.cdt.managedbuilder.core.MBSLanguageSettingsProvider" ref="shared-provider"/>
            		
        </extension>
        	
    </configuration>
    
</project>
