{
    "advertise": [{
        "fast_adv_intv": 48,
        "fast_period": 3000,
        "slow_adv_intv": 1600,
        "slow_period": 0,
        "adv_ch_map":[
            "BLE_GAP_ADV_CH_ALL"
        ],
        "o_addr_type": "BLE_GAP_ADDR_RAND",
        "adv_data": [
            {
                "name": "Flags",
                "size": 2,
                "type": "0x01",
                "value": [
                    "BLE_GAP_AD_FLAGS_LE_GEN_DISC_MODE",
                    "BLE_GAP_AD_FLAGS_BR_EDR_NOT_SUPPORTED"
                ]
            },
            {
                "name": "Complete Local Name",
                "size": 9,
                "type": "0x09",
                "value": "RBLE-DEV"
            }
        ],
        "sres_data": [
            {
                "name": "Complete Local Name",
                "size": 9,
                "type": "0x09",
                "value": "RBLE-DEV"
            }
        ]
    }],
    "scan": [{
        "fast_window": 48,
        "fast_intv": 96,
        "fast_period": 3000,
        "slow_window": 18,
        "slow_intv": 2048,
        "slow_period": 0,
        "scan_type": "BLE_GAP_SCAN_PASSIVE",
        "dev_filter": "BLE_GAP_SCAN_ALLOW_ADV_ALL",
        "filter_dups": "BLE_GAP_SCAN_FILT_DUPLIC_ENABLE",
        "filter_data":[
            {
                "name": "Complete local name",
                "size": 9,
                "type": "0x09",
                "value": "RBLE-DEV"
            }
        ]
    }],
    "connection": [{
        "conn_intv": 24,
        "conn_latency": 0,
        "sup_to": 512,
        "conn_to":5
    }],
    "connection_update": [{
        "conn_intv": 40,
        "conn_latency": 2,
        "sup_to": 512,
        "conn_pause":5
    }]
}





