{
    "name": "Alert Notification Profile", 
    "services": [
        {
            "refer": "alert_notification.service.json", 
            "characteristics": [
                {
                    "name": "Supported New Alert Category", 
                    "value": [
                        "0x00"
                    ]
                }, 
                {
                    "name": "New Alert", 
                    "descriptors": [
                        {
                            "name": "Client Characteristic Configuration", 
                            "value": [
                                "0x00", 
                                "0x00"
                            ]
                        }
                    ]
                }, 
                {
                    "name": "Supported Unread Alert Category", 
                    "value": [
                        "0x00"
                    ]
                }, 
                {
                    "name": "Unread Alert Status", 
                    "descriptors": [
                        {
                            "name": "Client Characteristic Configuration", 
                            "value": [
                                "0x00", 
                                "0x00"
                            ]
                        }
                    ]
                }, 
                {
                    "name": "Alert Notification Control Point"
                }
            ]
        }
    ]
}
