{
    "name": "Automation IO Profile", 
    "services": [
        {
            "refer": "automation_io.service.json",
            "characteristics": [
                {
                    "name": "Digital 0",
                    "value": [
                        "0x00"
                    ],
                    "descriptors": [
                        {
                            "name": "Client Characteristic Configuration",
                            "value": [
                                "0x00",
                                "0x00"
                            ]
                        },
                        {
                            "name": "Characteristic Presentation Format",
                            "value": [
                                "0x1b",
                                "0x00",
                                "0x00",
                                "0x00",
                                "0x01",
                                "0x00",
                                "0x01"
                            ]
                        },
                        {
                            "name": "Characteristic User Description",
                            "value": [
                                "0x00"
                            ]
                        },
                        {
                            "name": "Characteristic Extended Properties",
                            "value": [
                                "0x00",
                                "0x00"
                            ]
                        },
                        {
                            "name": "Value Trigger Setting",
                            "value": [
                                "0x00"
                            ]
                        },
                        {
                            "name": "Time Trigger Setting",
                            "value": [
                                "0x00"
                            ]
                        },
                        {
                            "name": "Number of Digitals",
                            "value": [
                                "0x08"
                            ]
                        }
                    ]
                },
                {
                    "name": "Digital 1",
                    "value": [
                        "0x00"
                    ],
                    "descriptors": [
                        {
                            "name": "Client Characteristic Configuration",
                            "value": [
                                "0x00",
                                "0x00"
                            ]
                        },
                        {
                            "name": "Characteristic Presentation Format",
                            "value": [
                                "0x1b",
                                "0x00",
                                "0x00",
                                "0x00",
                                "0x01",
                                "0x00",
                                "0x02"
                            ]
                        },
                        {
                            "name": "Characteristic User Description",
                            "value": [
                                "0x00"
                            ]
                        },
                        {
                            "name": "Characteristic Extended Properties",
                            "value": [
                                "0x00",
                                "0x00"
                            ]
                        },
                        {
                            "name": "Value Trigger Setting",
                            "value": [
                                "0x00"
                            ]
                        },
                        {
                            "name": "Time Trigger Setting",
                            "value": [
                                "0x00"
                            ]
                        },
                        {
                            "name": "Number of Digitals",
                            "value": [
                                "0x08"
                            ]
                        }
                    ]
                },
                {
                    "name": "Analog 0",
                    "value": [
                        "0x00"
                    ],
                    "descriptors": [
                        {
                            "name": "Client Characteristic Configuration",
                            "value": [
                                "0x00",
                                "0x00"
                            ]
                        },
                        {
                            "name": "Characteristic Presentation Format",
                            "value": [
                                "0x06",
                                "0x00",
                                "0x00",
                                "0x00",
                                "0x01",
                                "0x00",
                                "0x01"
                            ]
                        },
                        {
                            "name": "Characteristic User Description",
                            "value": [
                                "0x00"
                            ]
                        },
                        {
                            "name": "Characteristic Extended Properties",
                            "value": [
                                "0x00",
                                "0x00"
                            ]
                        },
                        {
                            "name": "Value Trigger Setting",
                            "value": [
                                "0x00"
                            ]
                        },
                        {
                            "name": "Time Trigger Setting",
                            "value": [
                                "0x00"
                            ]
                        },
                        {
                            "name": "Valid Range",
                            "value": [
                                "0x58",
                                "0x02",
                                "0x20",
                                "0x1C"
                            ]
                        }
                    ]
                },
                {
                    "name": "Analog 1",
                    "value": [
                        "0x00"
                    ],
                    "descriptors": [
                        {
                            "name": "Client Characteristic Configuration",
                            "value": [
                                "0x00",
                                "0x00"
                            ]
                        },
                        {
                            "name": "Characteristic Presentation Format",
                            "value": [
                                "0x06",
                                "0x00",
                                "0x00",
                                "0x00",
                                "0x01",
                                "0x00",
                                "0x02"
                            ]
                        },
                        {
                            "name": "Characteristic User Description",
                            "value": [
                                "0x00"
                            ]
                        },
                        {
                            "name": "Characteristic Extended Properties",
                            "value": [
                                "0x00",
                                "0x00"
                            ]
                        },
                        {
                            "name": "Value Trigger Setting",
                            "value": [
                                "0x00"
                            ]
                        },
                        {
                            "name": "Time Trigger Setting",
                            "value": [
                                "0x00"
                            ]
                        },
                        {
                            "name": "Valid Range",
                            "value": [
                                "0x58",
                                "0x02",
                                "0x20",
                                "0x1C"
                            ]
                        }
                    ]
                },
                {
                    "name": "Aggregate",
                    "value": [
                        "0x00"
                    ],
                    "descriptors": [
                        {
                            "name": "Client Characteristic Configuration",
                            "value": [
                                "0x00",
                                "0x00"
                            ]
                        }
                    ]
                }
            ]
        }
    ]
}
