{
    "name": "Continuous Glucose Monitoring profile", 
    "services": [
        {
            "refer": "continuous_glucose_monitoring.service.json", 
            "characteristics": [
                {
                    "name": "CGM Measurement", 
                    "descriptors": [
                        {
                            "name": "Client Characteristic Configuration", 
                            "value": [
                                "0x00", 
                                "0x00"
                            ]
                        }
                    ]
                }, 
                {
                    "name": "CGM Feature", 
                    "value": [
                        "0x00"
                    ]
                }, 
                {
                    "name": "CGM Status", 
                    "value": [
                        "0x00"
                    ]
                }, 
                {
                    "name": "CGM Session Start Time", 
                    "value": [
                        "0x00"
                    ]
                }, 
                {
                    "name": "CGM Session Run Time", 
                    "value": [
                        "0x00"
                    ]
                }, 
                {
                    "name": "Record Access Control Point", 
                    "descriptors": [
                        {
                            "name": "Client Characteristic Configuration", 
                            "value": [
                                "0x00", 
                                "0x00"
                            ]
                        }
                    ]
                }, 
                {
                    "name": "CGM Specific Ops Control Point", 
                    "descriptors": [
                        {
                            "name": "Client Characteristic Configuration", 
                            "value": [
                                "0x00", 
                                "0x00"
                            ]
                        }
                    ]
                }
            ]
        }, 
        {
            "refer": "bond_management.service.json", 
            "characteristics": [
                {
                    "name": "Bond Management Control Point"
                }, 
                {
                    "name": "Bond Management Features", 
                    "value": [
                        "0x00"
                    ]
                }
            ]
        }, 
        {
            "refer": "device_information.service.json", 
            "characteristics": [
                {
                    "name": "Manufacturer Name String", 
                    "value": [
                        "0x00"
                    ]
                }, 
                {
                    "name": "Model Number String", 
                    "value": [
                        "0x00"
                    ]
                }, 
                {
                    "name": "Serial Number String", 
                    "value": [
                        "0x00"
                    ]
                }, 
                {
                    "name": "Hardware Revision String", 
                    "value": [
                        "0x00"
                    ]
                }, 
                {
                    "name": "Firmware Revision String", 
                    "value": [
                        "0x00"
                    ]
                }, 
                {
                    "name": "Software Revision String", 
                    "value": [
                        "0x00"
                    ]
                }, 
                {
                    "name": "System ID", 
                    "value": [
                        "0x00"
                    ]
                }, 
                {
                    "name": "IEEE 11073-20601 Regulatory Certification Data List", 
                    "value": [
                        "0x00"
                    ]
                }, 
                {
                    "name": "PnP ID", 
                    "value": [
                        "0x00"
                    ]
                }
            ]
        }
    ]
}
