{
    "name": "Cycling Power Profile", 
    "services": [
        {
            "refer": "cycling_power.service.json", 
            "characteristics": [
                {
                    "name": "Cycling Power Measurement", 
                    "descriptors": [
                        {
                            "name": "Client Characteristic Configuration", 
                            "value": [
                                "0x00", 
                                "0x00"
                            ]
                        }, 
                        {
                            "name": "Server Characteristic Configuration", 
                            "value": [
                                "0x00", 
                                "0x00"
                            ]
                        }
                    ]
                }, 
                {
                    "name": "Cycling Power Feature", 
                    "value": [
                        "0x00"
                    ]
                }, 
                {
                    "name": "Sensor Location", 
                    "value": [
                        "0x00"
                    ]
                }, 
                {
                    "name": "Cycling Power Vector", 
                    "descriptors": [
                        {
                            "name": "Client Characteristic Configuration", 
                            "value": [
                                "0x00", 
                                "0x00"
                            ]
                        }
                    ]
                }, 
                {
                    "name": "Cycling Power Control Point", 
                    "descriptors": [
                        {
                            "name": "Client Characteristic Configuration", 
                            "value": [
                                "0x00", 
                                "0x00"
                            ]
                        }
                    ]
                }
            ]
        }
    ]
}
