{
    "name": "Environmental Sensing Profile", 
    "services": [
        {
            "refer": "environmental_sensing.service.json", 
            "characteristics": [
                {
                    "name": "Descriptor Value Changed",
                    "value": [
                        "0x00"
                    ], 
                    "descriptors": [
                        {
                            "name": "Client Characteristic Configuration",
                            "value": [
                                "0x00"
                            ]
                        }
                    ]
                }, 
                {
                    "name": "Temperature 0", 
                    "value": [
                        "0x10", "0x00"
                    ], 
                    "descriptors": [
                        {
                            "name": "Client Characteristic Configuration", 
                            "value": [
                                "0x00"
                            ]
                        },
                        {
                            "name": "Environmental Sensing Measurement", 
                            "value": [
                                "0x00"
                            ]
                        }, 
                        {
                            "name": "Environmental Sensing Trigger Setting 0", 
                            "value": [
                                "0x00"
                            ]
                        }, 
                        {
                            "name": "Environmental Sensing Trigger Setting 1", 
                            "value": [
                                "0x00"
                            ]
                        }, 
                        {
                            "name": "Environmental Sensing Trigger Setting 2", 
                            "value": [
                                "0x00"
                            ]
                        }, 
                        {
                            "name": "Environmental Sensing Configuration", 
                            "value": [
                                "0x00"
                            ]
                        }, 
                        {
                            "name": "Characteristic User Description", 
                            "value": [
                                "0x00"
                            ]
                        }, 
                        {
                            "name": "Characteristic Extended Properties", 
                            "value": [
                                "0x02",
                                "0x00"
                            ]
                        }, 
                        {
                            "name": "Valid Range", 
                            "value": [
                                "0x10", "0x00", "0x20", "0x00"
                            ]
                        }
                    ]
                }, 
                {
                    "name": "Temperature 1", 
                    "value": [
                        "0x10", "0x00"
                    ], 
                    "descriptors": [
                        {
                            "name": "Client Characteristic Configuration", 
                            "value": [
                                "0x00"
                            ]
                        },
                        {
                            "name": "Environmental Sensing Measurement", 
                            "value": [
                                "0x00"
                            ]
                        }, 
                        {
                            "name": "Environmental Sensing Trigger Setting 0", 
                            "value": [
                                "0x00"
                            ]
                        }, 
                        {
                            "name": "Environmental Sensing Trigger Setting 1", 
                            "value": [
                                "0x00"
                            ]
                        }, 
                        {
                            "name": "Environmental Sensing Trigger Setting 2", 
                            "value": [
                                "0x00"
                            ]
                        }, 
                        {
                            "name": "Environmental Sensing Configuration", 
                            "value": [
                                "0x00"
                            ]
                        }, 
                        {
                            "name": "Characteristic User Description", 
                            "value": [
                                "0x00"
                            ]
                        }, 
                        {
                            "name": "Characteristic Extended Properties", 
                            "value": [
                                "0x02",
                                "0x00"
                            ]
                        }, 
                        {
                            "name": "Valid Range", 
                            "value": [
                                "0x10", "0x00", "0x20", "0x00"
                            ]
                        }
                    ]
                }, 
                {
                    "name": "Elevation 0", 
                    "value": [
                        "0x00"
                    ], 
                    "descriptors": [
                        {
                            "name": "Client Characteristic Configuration", 
                            "value": [
                                "0x00"
                            ]
                        },
                        {
                            "name": "Environmental Sensing Measurement", 
                            "value": [
                                "0x00"
                            ]
                        }, 
                        {
                            "name": "Environmental Sensing Trigger Setting 0", 
                            "value": [
                                "0x00"
                            ]
                        }, 
                        {
                            "name": "Environmental Sensing Trigger Setting 1", 
                            "value": [
                                "0x00"
                            ]
                        }, 
                        {
                            "name": "Environmental Sensing Trigger Setting 2", 
                            "value": [
                                "0x00"
                            ]
                        }, 
                        {
                            "name": "Environmental Sensing Configuration", 
                            "value": [
                                "0x00"
                            ]
                        }, 
                        {
                            "name": "Characteristic User Description", 
                            "value": [
                                "0x00"
                            ]
                        }, 
                        {
                            "name": "Characteristic Extended Properties", 
                            "value": [
                                "0x02",
                                "0x00"
                            ]
                        }, 
                        {
                            "name": "Valid Range", 
                            "value": [
                                "0x10", "0x00", "0x00", "0x20", "0x00", "0x00"
                            ]
                        }
                    ]
                },
                {
                    "name": "Elevation 1", 
                    "value": [
                        "0x10", "0x00", "0x00"
                    ], 
                    "descriptors": [
                        {
                            "name": "Client Characteristic Configuration", 
                            "value": [
                                "0x00"
                            ]
                        },
                        {
                            "name": "Environmental Sensing Measurement", 
                            "value": [
                                "0x00"
                            ]
                        }, 
                        {
                            "name": "Environmental Sensing Trigger Setting 0", 
                            "value": [
                                "0x00"
                            ]
                        }, 
                        {
                            "name": "Environmental Sensing Trigger Setting 1", 
                            "value": [
                                "0x00"
                            ]
                        }, 
                        {
                            "name": "Environmental Sensing Trigger Setting 2", 
                            "value": [
                                "0x00"
                            ]
                        }, 
                        {
                            "name": "Environmental Sensing Configuration", 
                            "value": [
                                "0x00"
                            ]
                        }, 
                        {
                            "name": "Characteristic User Description", 
                            "value": [
                                "0x00"
                            ]
                        }, 
                        {
                            "name": "Characteristic Extended Properties", 
                            "value": [
                                "0x02",
                                "0x00"
                            ]
                        }, 
                        {
                            "name": "Valid Range", 
                            "value": [
                                "0x10", "0x00", "0x00", "0x20", "0x00", "0x00"
                            ]
                        }
                    ]
                }
             ]
        }, 
        {
            "refer": "device_information.service.json", 
            "characteristics": [
                {
                    "name": "Manufacturer Name String", 
                    "value": "This is Manufacturer Name",
                    "db_size": 25
                }, 
                {
                    "name": "Model Number String", 
                    "value": "This is Model Number",
                    "db_size": 20
                }, 
                {
                    "name": "Serial Number String", 
                    "value": "This is Serial Number",
                    "db_size": 21
                }, 
                {
                    "name": "Hardware Revision String", 
                    "value": "This is Hardware Revision",
                    "db_size": 25
                }, 
                {
                    "name": "Firmware Revision String", 
                    "value": "This is Firmware Revision",
                    "db_size": 25
                }, 
                {
                    "name": "Software Revision String", 
                    "value": "This is Software Revision",
                    "db_size": 25
                }, 
                {
                    "name": "System ID", 
                    "value": [
                        "0xFE", "0xFF", "0x50", "0x90", "0x74", "0x00", "0x00", "0x00"
                    ]
                }, 
                {
                    "name": "IEEE 11073-20601 Regulatory Certification Data List", 
                    "value": [
                        "0x00", "0x01", "0x00", "0x0C", "0x01", "0x01", "0x00", "0x08", "0x01", "0x23", "0x45", "0x67", "0x89", "0xAB", "0xCD", "0xEF"
                    ],
                    "db_size": 16
                }, 
                {
                    "name": "PnP ID", 
                    "value": [
                        "0x01", "0x36", "0x00", "0x34", "0x12", "0x78", "0x56"
                    ],
                    "db_size": 7
                }
            ]
        }
    ]
}
