{
    "name": "Fitness Machine Profile",
    "services":     [
                {
            "refer": "fitness_machine.service.json",
            "characteristics":             [
                                {
                    "name": "Fitness Machine Feature",
                    "value": "",
                    "db_size": 8,
                    "descriptors": []
                },
                                {
                    "name": "Treadmill Data",
                    "value": "",
                    "db_size": 34,
                    "descriptors": [                    {
                        "name": "Client Characteristic Configuration",
                        "value": "",
                        "db_size": 2
                    }]
                },
                                {
                    "name": "Cross Trainer Data",
                    "value": "",
                    "db_size": 41,
                    "descriptors": [                    {
                        "name": "Client Characteristic Configuration",
                        "value": "",
                        "db_size": 2
                    }]
                },
                                {
                    "name": "Step Climber Data",
                    "value": "",
                    "db_size": 23,
                    "descriptors": [                    {
                        "name": "Client Characteristic Configuration",
                        "value": "",
                        "db_size": 2
                    }]
                },
                                {
                    "name": "Stair Climber Data",
                    "value": "",
                    "db_size": 23,
                    "descriptors": [                    {
                        "name": "Client Characteristic Configuration",
                        "value": "",
                        "db_size": 2
                    }]
                },
                                {
                    "name": "Rower Data",
                    "value": "",
                    "db_size": 30,
                    "descriptors": [                    {
                        "name": "Client Characteristic Configuration",
                        "value": "",
                        "db_size": 2
                    }]
                },
                                {
                    "name": "Indoor Bike Data",
                    "value": "",
                    "db_size": 30,
                    "descriptors": [                    {
                        "name": "Client Characteristic Configuration",
                        "value": "",
                        "db_size": 2
                    }]
                },
                                {
                    "name": "Training Status",
                    "value": "",
                    "db_size": 20,
                    "descriptors": [                    {
                        "name": "Client Characteristic Configuration",
                        "value": "",
                        "db_size": 2
                    }]
                },
                                {
                    "name": "Supported Speed Range",
                    "value": "",
                    "db_size": 6,
                    "descriptors": []
                },
                                {
                    "name": "Supported Inclination Range",
                    "value": "",
                    "db_size": 6,
                    "descriptors": []
                },
                                {
                    "name": "Supported Resistance Level Range",
                    "value": "",
                    "db_size": 6,
                    "descriptors": []
                },
                                {
                    "name": "Supported Power Range",
                    "value": "",
                    "db_size": 6,
                    "descriptors": []
                },
                                {
                    "name": "Supported Heart Rate Range",
                    "value": "",
                    "db_size": 3,
                    "descriptors": []
                },
                                {
                    "name": "Fitness Machine Control Point",
                    "value": "",
                    "db_size": 19,
                    "descriptors": [                    {
                        "name": "Client Characteristic Configuration",
                        "value": "",
                        "db_size": 2
                    }]
                },
                                {
                    "name": "Fitness Machine Status",
                    "value": "",
                    "db_size": 20,
                    "descriptors": [                    {
                        "name": "Client Characteristic Configuration",
                        "value": "",
                        "db_size": 2
                    }]
                }
            ]
        },
                {
            "refer": "user_data.service.json",
            "characteristics":             [
                                {
                    "name": "First Name",
                    "value": "",
                    "db_size": 100,
                    "descriptors": []
                },
                                {
                    "name": "Last Name",
                    "value": "",
                    "db_size": 100,
                    "descriptors": []
                },
                                {
                    "name": "Email Address",
                    "value": "",
                    "db_size": 100,
                    "descriptors": []
                },
                                {
                    "name": "Age",
                    "value": "",
                    "db_size": 1,
                    "descriptors": []
                },
                                {
                    "name": "Date of Birth",
                    "value": "",
                    "db_size": 4,
                    "descriptors": []
                },
                                {
                    "name": "Gender",
                    "value": "",
                    "db_size": 1,
                    "descriptors": []
                },
                                {
                    "name": "Weight",
                    "value": "",
                    "db_size": 2,
                    "descriptors": []
                },
                                {
                    "name": "Height",
                    "value": "",
                    "db_size": 2,
                    "descriptors": []
                },
                                {
                    "name": "VO2 Max",
                    "value": "",
                    "db_size": 1,
                    "descriptors": []
                },
                                {
                    "name": "Heart Rate Max",
                    "value": "",
                    "db_size": 1,
                    "descriptors": []
                },
                                {
                    "name": "Resting Heart Rate",
                    "value": "",
                    "db_size": 1,
                    "descriptors": []
                },
                                {
                    "name": "Maximum Recommended Heart Rate",
                    "value": "",
                    "db_size": 1,
                    "descriptors": []
                },
                                {
                    "name": "Aerobic Threshold",
                    "value": "",
                    "db_size": 1,
                    "descriptors": []
                },
                                {
                    "name": "Anaerobic Threshold",
                    "value": "",
                    "db_size": 1,
                    "descriptors": []
                },
                                {
                    "name": "Sport Type for Aerobic and Anaerobic Thresholds",
                    "value": "",
                    "db_size": 1,
                    "descriptors": []
                },
                                {
                    "name": "Date of Threshold Assessment",
                    "value": "",
                    "db_size": 4,
                    "descriptors": []
                },
                                {
                    "name": "Waist Circumference",
                    "value": "",
                    "db_size": 2,
                    "descriptors": []
                },
                                {
                    "name": "Hip Circumference",
                    "value": "",
                    "db_size": 2,
                    "descriptors": []
                },
                                {
                    "name": "Fat Burn Heart Rate Lower Limit",
                    "value": "",
                    "db_size": 1,
                    "descriptors": []
                },
                                {
                    "name": "Fat Burn Heart Rate Upper Limit",
                    "value": "",
                    "db_size": 1,
                    "descriptors": []
                },
                                {
                    "name": "Aerobic Heart Rate Lower Limit",
                    "value": "",
                    "db_size": 1,
                    "descriptors": []
                },
                                {
                    "name": "Aerobic Heart Rate Upper Limit",
                    "value": "",
                    "db_size": 1,
                    "descriptors": []
                },
                                {
                    "name": "Anaerobic Heart Rate Lower Limit",
                    "value": "",
                    "db_size": 1,
                    "descriptors": []
                },
                                {
                    "name": "Anaerobic Heart Rate Upper Limit",
                    "value": "",
                    "db_size": 1,
                    "descriptors": []
                },
                                {
                    "name": "Five Zone Heart Rate Limits",
                    "value": "",
                    "db_size": 4,
                    "descriptors": []
                },
                                {
                    "name": "Three Zone Heart Rate Limits",
                    "value": "",
                    "db_size": 2,
                    "descriptors": []
                },
                                {
                    "name": "Two Zone Heart Rate Limit",
                    "value": "",
                    "db_size": 1,
                    "descriptors": []
                },
                                {
                    "name": "Database Change Increment",
                    "value": "",
                    "db_size": 4,
                    "descriptors": [                    {
                        "name": "Client Characteristic Configuration",
                        "value": "",
                        "db_size": 2
                    }]
                },
                                {
                    "name": "User Index",
                    "value": "",
                    "db_size": 1,
                    "descriptors": []
                },
                                {
                    "name": "User Control Point",
                    "value": "",
                    "db_size": 20,
                    "descriptors": [                    {
                        "name": "Client Characteristic Configuration",
                        "value": "",
                        "db_size": 2
                    }]
                },
                                {
                    "name": "Language",
                    "value": "",
                    "db_size": 100,
                    "descriptors": []
                }
            ]
        },
                {
            "refer": "device_information.service.json",
            "characteristics":             [
                                {
                    "name": "Manufacturer Name String",
                    "value": "",
                    "db_size": 100,
                    "descriptors": []
                },
                                {
                    "name": "Model Number String",
                    "value": "",
                    "db_size": 100,
                    "descriptors": []
                },
                                {
                    "name": "Serial Number String",
                    "value": "",
                    "db_size": 100,
                    "descriptors": []
                },
                                {
                    "name": "Hardware Revision String",
                    "value": "",
                    "db_size": 100,
                    "descriptors": []
                },
                                {
                    "name": "Firmware Revision String",
                    "value": "",
                    "db_size": 100,
                    "descriptors": []
                },
                                {
                    "name": "Software Revision String",
                    "value": "",
                    "db_size": 100,
                    "descriptors": []
                },
                                {
                    "name": "System ID",
                    "value": "",
                    "db_size": 8,
                    "descriptors": []
                },
                                {
                    "name": "IEEE 11073-20601 Regulatory Certification Data List",
                    "value": "",
                    "db_size": 100,
                    "descriptors": []
                },
                                {
                    "name": "PnP ID",
                    "value": "",
                    "db_size": 7,
                    "descriptors": []
                }
            ]
        }
    ]
}