{
    "name": "Health Thermometer Profile", 
    "services": [
        {
            "refer": "health_thermometer.service.json", 
            "characteristics": [
                {
                    "name": "Temperature Measurement", 
                    "descriptors": [
                        {
                            "name": "Client Characteristic Configuration", 
                            "value": [
                                "0x00", 
                                "0x00"
                            ]
                        }
                    ]
                }, 
                {
                    "name": "Temperature Type", 
                    "value": [
                        "0x00"
                    ]
                }, 
                {
                    "name": "Intermediate Temperature", 
                    "descriptors": [
                        {
                            "name": "Client Characteristic Configuration", 
                            "value": [
                                "0x00", 
                                "0x00"
                            ]
                        }
                    ]
                }, 
                {
                    "name": "Measurement Interval", 
                    "value": [
                        "0x00"
                    ], 
                    "descriptors": [
                        {
                            "name": "Client Characteristic Configuration", 
                            "value": [
                                "0x00", 
                                "0x00"
                            ]
                        }, 
                        {
                            "name": "Valid Range", 
                            "value": [
                                "0x00"
                            ]
                        }
                    ]
                }
            ]
        }, 
        {
            "refer": "device_information.service.json", 
            "characteristics": [
                {
                    "name": "Manufacturer Name String", 
                    "value": [
                        "0x00"
                    ]
                }, 
                {
                    "name": "Model Number String", 
                    "value": [
                        "0x00"
                    ]
                }, 
                {
                    "name": "Serial Number String", 
                    "value": [
                        "0x00"
                    ]
                }, 
                {
                    "name": "Hardware Revision String", 
                    "value": [
                        "0x00"
                    ]
                }, 
                {
                    "name": "Firmware Revision String", 
                    "value": [
                        "0x00"
                    ]
                }, 
                {
                    "name": "Software Revision String", 
                    "value": [
                        "0x00"
                    ]
                }, 
                {
                    "name": "System ID", 
                    "value": [
                        "0x00"
                    ]
                }, 
                {
                    "name": "IEEE 11073-20601 Regulatory Certification Data List", 
                    "value": [
                        "0x00"
                    ]
                }, 
                {
                    "name": "PnP ID", 
                    "value": [
                        "0x00"
                    ]
                }
            ]
        }
    ]
}
