{
    "name": "Heart Rate Profile", 
    "services": [
        {
            "refer": "heart_rate.service.json", 
            "characteristics": [
                {
                    "name": "Heart Rate Measurement", 
                    "descriptors": [
                        {
                            "name": "Client Characteristic Configuration", 
                            "value": [
                                "0x00", 
                                "0x00"
                            ]
                        }
                    ]
                }, 
                {
                    "name": "Body Sensor Location", 
                    "value": [
                        "0x02"
                    ]
                }, 
                {
                    "name": "Heart Rate Control Point"
                }
            ]
        }, 
        {
            "refer": "device_information.service.json", 
            "characteristics": [
                {
                    "name": "Manufacturer Name String", 
                    "value": "This is Manufacturer Name",
                    "db_size": 25
                }, 
                {
                    "name": "Model Number String", 
                    "value": "This is Model Number",
                    "db_size": 20
                }, 
                {
                    "name": "Serial Number String", 
                    "value": "This is Serial Number",
                    "db_size": 21
                }, 
                {
                    "name": "Hardware Revision String", 
                    "value": "This is Hardware Revision",
                    "db_size": 25
                }, 
                {
                    "name": "Firmware Revision String", 
                    "value": "This is Firmware Revision",
                    "db_size": 25
                }, 
                {
                    "name": "Software Revision String", 
                    "value": "This is Software Revision",
                    "db_size": 25
                }, 
                {
                    "name": "System ID", 
                    "value": [
                        "0xFE", "0xFF", "0x50", "0x90", "0x74", "0x00", "0x00", "0x00"
                    ]
                }, 
                {
                    "name": "IEEE 11073-20601 Regulatory Certification Data List", 
                    "value": [
                        "0x00", "0x01", "0x00", "0x0C", "0x01", "0x01", "0x00", "0x08", "0x01", "0x23", "0x45", "0x67", "0x89", "0xAB", "0xCD", "0xEF"
                    ],
                    "db_size": 16
                }, 
                {
                    "name": "PnP ID", 
                    "value": [
                        "0x01", "0x36", "0x00", "0x34", "0x12", "0x78", "0x56"
                    ],
                    "db_size": 7
                }
            ]
        }
    ]
}
