{
    "name": "HID OVER GATT Profile", 
    "services": [
        {
            "refer": "human_interface_device.service.json", 
            "characteristics": [
                {
                    "name": "Protocol Mode", 
                    "value": [
                        "0x00"
                    ]
                }, 
                {
                    "name": "Report", 
                    "value": [
                        "0x00"
                    ], 
                    "descriptors": [
                        {
                            "name": "Client Characteristic Configuration", 
                            "value": [
                                "0x00", 
                                "0x00"
                            ]
                        }, 
                        {
                            "name": "Report Reference", 
                            "value": [
                                "0x00"
                            ]
                        }
                    ]
                }, 
                {
                    "name": "Report Map", 
                    "value": [
                        "0x00"
                    ], 
                    "descriptors": [
                        {
                            "name": "External Report Reference", 
                            "value": [
                                "0x00"
                            ]
                        }
                    ]
                }, 
                {
                    "name": "Boot Keyboard Input Report", 
                    "value": [
                        "0x00"
                    ], 
                    "descriptors": [
                        {
                            "name": "Client Characteristic Configuration", 
                            "value": [
                                "0x00", 
                                "0x00"
                            ]
                        }
                    ]
                }, 
                {
                    "name": "Boot Keyboard Output Report", 
                    "value": [
                        "0x00"
                    ]
                }, 
                {
                    "name": "Boot Mouse Input Report", 
                    "value": [
                        "0x00"
                    ], 
                    "descriptors": [
                        {
                            "name": "Client Characteristic Configuration", 
                            "value": [
                                "0x00", 
                                "0x00"
                            ]
                        }
                    ]
                }, 
                {
                    "name": "HID Information", 
                    "value": [
                        "0x00"
                    ]
                }, 
                {
                    "name": "HID Control Point"
                }
            ]
        }, 
        {
            "refer": "device_information.service.json", 
            "characteristics": [
                {
                    "name": "Manufacturer Name String", 
                    "value": [
                        "0x00"
                    ]
                }, 
                {
                    "name": "Model Number String", 
                    "value": [
                        "0x00"
                    ]
                }, 
                {
                    "name": "Serial Number String", 
                    "value": [
                        "0x00"
                    ]
                }, 
                {
                    "name": "Hardware Revision String", 
                    "value": [
                        "0x00"
                    ]
                }, 
                {
                    "name": "Firmware Revision String", 
                    "value": [
                        "0x00"
                    ]
                }, 
                {
                    "name": "Software Revision String", 
                    "value": [
                        "0x00"
                    ]
                }, 
                {
                    "name": "System ID", 
                    "value": [
                        "0x00"
                    ]
                }, 
                {
                    "name": "IEEE 11073-20601 Regulatory Certification Data List", 
                    "value": [
                        "0x00"
                    ]
                }, 
                {
                    "name": "PnP ID", 
                    "value": [
                        "0x00"
                    ]
                }
            ]
        }, 
        {
            "refer": "scan_parameters.service.json", 
            "characteristics": [
                {
                    "name": "Scan Interval Window"
                }, 
                {
                    "name": "Scan Refresh", 
                    "descriptors": [
                        {
                            "name": "Client Characteristic Configuration", 
                            "value": [
                                "0x00", 
                                "0x00"
                            ]
                        }
                    ]
                }
            ]
        }
    ]
}
