{
    "name": "Insulin Delivery Profile",
    "services":     [
                {
            "refer": "insulin_delivery.service.json",
            "characteristics":             [
                                {
                    "name": "IDD Status Changed",
                    "value": "",
                    "db_size": 5,
                    "descriptors": [                    {
                        "name": "Client Characteristic Configuration",
                        "value": "",
                        "db_size": 2
                    }]
                },
                                {
                    "name": "IDD Status",
                    "value": "",
                    "db_size": 8,
                    "descriptors": [                    {
                        "name": "Client Characteristic Configuration",
                        "value": "",
                        "db_size": 2
                    }]
                },
                                {
                    "name": "IDD Annunciation Status",
                    "value": "",
                    "db_size": 19,
                    "descriptors": [                    {
                        "name": "Client Characteristic Configuration",
                        "value": "",
                        "db_size": 2
                    }]
                },
                                {
                    "name": "IDD Features",
                    "value": "",
                    "db_size": 9,
                    "descriptors": []
                },
                                {
                    "name": "IDD Status Reader Control Point",
                    "value": "",
                    "db_size": 20,
                    "descriptors": [                    {
                        "name": "Client Characteristic Configuration",
                        "value": "",
                        "db_size": 2
                    }]
                },
                                {
                    "name": "IDD Command Control Point",
                    "value": "",
                    "db_size": 20,
                    "descriptors": [                    {
                        "name": "Client Characteristic Configuration",
                        "value": "",
                        "db_size": 2
                    }]
                },
                                {
                    "name": "IDD Command Data",
                    "value": "",
                    "db_size": 18,
                    "descriptors": [                    {
                        "name": "Client Characteristic Configuration",
                        "value": "",
                        "db_size": 2
                    }]
                },
                                {
                    "name": "IDD Record Access Control Point",
                    "value": "",
                    "db_size": 20,
                    "descriptors": [                    {
                        "name": "Client Characteristic Configuration",
                        "value": "",
                        "db_size": 2
                    }]
                },
                                {
                    "name": "IDD History Data",
                    "value": "",
                    "db_size": 15,
                    "descriptors": [                    {
                        "name": "Client Characteristic Configuration",
                        "value": "",
                        "db_size": 2
                    }]
                }
            ]
        },
                {
            "refer": "device_information.service.json",
            "characteristics":             [
                                {
                    "name": "Manufacturer Name String",
                    "value": "",
                    "db_size": 100,
                    "descriptors": []
                },
                                {
                    "name": "Model Number String",
                    "value": "",
                    "db_size": 100,
                    "descriptors": []
                },
                                {
                    "name": "Serial Number String",
                    "value": "",
                    "db_size": 100,
                    "descriptors": []
                },
                                {
                    "name": "Hardware Revision String",
                    "value": "",
                    "db_size": 100,
                    "descriptors": []
                },
                                {
                    "name": "Firmware Revision String",
                    "value": "",
                    "db_size": 100,
                    "descriptors": []
                },
                                {
                    "name": "Software Revision String",
                    "value": "",
                    "db_size": 100,
                    "descriptors": []
                },
                                {
                    "name": "System ID",
                    "value": "",
                    "db_size": 8,
                    "descriptors": []
                },
                                {
                    "name": "IEEE 11073-20601 Regulatory Certification Data List",
                    "value": "",
                    "db_size": 100,
                    "descriptors": []
                },
                                {
                    "name": "PnP ID",
                    "value": "",
                    "db_size": 7,
                    "descriptors": []
                }
            ]
        },
                {
            "refer": "current_time.service.json",
            "characteristics":             [
                                {
                    "name": "Current Time",
                    "value": "",
                    "db_size": 10,
                    "descriptors": [                    {
                        "name": "Client Characteristic Configuration",
                        "value": "",
                        "db_size": 2
                    }]
                },
                                {
                    "name": "Local Time Information",
                    "value": "",
                    "db_size": 2,
                    "descriptors": []
                },
                                {
                    "name": "Reference Time Information",
                    "value": "",
                    "db_size": 4,
                    "descriptors": []
                }
            ]
        },
                {
            "refer": "battery_service.service.json",
            "characteristics": [            {
                "name": "Battery Level",
                "value": "",
                "db_size": 1,
                "descriptors":                 [
                                        {
                        "name": "Characteristic Presentation Format",
                        "value": "",
                        "db_size": 7
                    },
                                        {
                        "name": "Client Characteristic Configuration",
                        "value": "",
                        "db_size": 2
                    }
                ]
            }]
        },
                {
            "refer": "immediate_alert.service.json",
            "characteristics": [            {
                "name": "Alert Level",
                "value": "",
                "db_size": 1,
                "descriptors": []
            }]
        },
                {
            "refer": "bond_management.service.json",
            "characteristics":             [
                                {
                    "name": "Bond Management Control Point",
                    "value": "",
                    "db_size": 100,
                    "descriptors": []
                },
                                {
                    "name": "Bond Management Features",
                    "value": "",
                    "db_size": 3,
                    "descriptors": []
                }
            ]
        }
    ]
}