{
    "name": "Location and Navigation Profile", 
    "services": [
        {
            "refer": "location_and_navigation.service.json",
            "characteristics": [
                {
                    "name": "LN Feature"
                },
                {
                    "name": "Location and Speed Characteristic",
                    "descriptors": [
                        {
                            "name": "Client Characteristic Configuration",
                            "value": [
                                "0x00",
                                "0x00"
                            ]
                        }
                    ]
                },
                {
                    "name": "Position Quality"
                },
                {
                    "name": "LN Control Point",
                    "descriptors": [
                        {
                            "name": "Client Characteristic Configuration",
                            "value": [
                                "0x00",
                                "0x00"
                            ]
                        }
                    ]
                },
                {
                    "name": "Navigation",
                    "descriptors": [
                        {
                            "name": "Client Characteristic Configuration",
                            "value": [
                                "0x00",
                                "0x00"
                            ]
                        }
                    ]
                }
            ]
        },
        {
            "refer": "device_information.service.json",
            "characteristic": [
                {
                    "name": "Manufacturer Name String"
                },
                {
                    "name": "Model Number String"
                },
                {
                    "name": "Serial Number String"
                },
                {
                    "name": "Hardware Revision String"
                },
                {
                    "name": "Firmware Revision String"
                },
                {
                    "name": "Software Revision String"
                },
                {
                    "name": "System ID"
                },
                {
                    "name": "IEEE 11073-20601 Regulatory Certification Data List"
                },
                {
                    "name": "PnP ID"
                }
            ]
        },
        {
            "refer": "battery_service.service.json",
            "characteristic": [
                {
                    "name": "Battery Level",
                    "descriptors": [
                        {
                            "name": "Characteristic Presentation Format"
                        },
                        {
                            "name": "Client Characteristic Configuration",
                            "value": [
                                "0x00",
                                "0x00"
                            ]
                        }
                    ]
                }
            ]
        }
    ]
}
