{
    "name": "Object Transfer Profile", 
    "services": [
        {
            "refer": "object_transfer.service.json", 
            "characteristics": [
                {
                    "name": "OTS Feature", 
                    "value": [
                        "0x00"
                    ]
                }, 
                {
                    "name": "Object Name", 
                    "value": [
                        "0x00"
                    ]
                }, 
                {
                    "name": "Object Type", 
                    "value": [
                        "0x00"
                    ]
                }, 
                {
                    "name": "Object Size", 
                    "value": [
                        "0x00"
                    ]
                }, 
                {
                    "name": "Object First-Created", 
                    "value": [
                        "0x00"
                    ]
                }, 
                {
                    "name": "Object Last-Modified", 
                    "value": [
                        "0x00"
                    ]
                }, 
                {
                    "name": "Object ID", 
                    "value": [
                        "0x00"
                    ]
                }, 
                {
                    "name": "Object Properties", 
                    "value": [
                        "0x00"
                    ]
                }, 
                {
                    "name": "Object Action Control Point",
                   "descriptors": [
                        {
                            "name": "Client Characteristic Configuration", 
                            "value": [
                                "0x00", 
                                "0x00"
                            ]
                        }
                    ]
                }, 
                {
                    "name": "Object List Control Point",
                    "descriptors": [
                        {
                            "name": "Client Characteristic Configuration", 
                            "value": [
                                "0x00", 
                                "0x00"
                            ]
                        }
                    ]
                }, 
                {
                    "name": "Object List Filter 0", 
                    "value": [
                        "0x00"
                    ]
                },
                {
                    "name": "Object List Filter 1", 
                    "value": [
                        "0x00"
                    ]
                },
                {
                    "name": "Object List Filter 2", 
                    "value": [
                        "0x00"
                    ]
                },
                {
                    "name": "Object Changed",
                    "descriptors": [
                        {
                            "name": "Client Characteristic Configuration", 
                            "value": [
                                "0x00", 
                                "0x00"
                            ]
                        }
                    ]
                }
            ]
        }
    ]
}
