{
    "name": "Phone Alert Status Profile", 
    "services": [
        {
            "refer": "phone_alert_status.service.json", 
            "characteristics": [
                {
                    "name": "Alert Status", 
                    "value": [
                        "0x00"
                    ], 
                    "descriptors": [
                        {
                            "name": "Client Characteristic Configuration", 
                            "value": [
                                "0x00", 
                                "0x00"
                            ]
                        }
                    ]
                }, 
                {
                    "name": "Ringer Setting", 
                    "value": [
                        "0x00"
                    ], 
                    "descriptors": [
                        {
                            "name": "Client Characteristic Configuration", 
                            "value": [
                                "0x00", 
                                "0x00"
                            ]
                        }
                    ]
                }, 
                {
                    "name": "Ringer Control point",
		    "value": [
			    "0x00"
		    ]
		}
            ]
        }
    ]
}
