{
    "name": "Proximity Profile",
    "services": [
        {
            "refer": "link_loss.service.json",
            "characteristics": [
                {
                    "name": "Alert Level",
                    "value": [
                        "0x00"
                    ]

                }
            ]
        },
        {
            "refer": "immediate_alert.service.json",
            "characteristics": [
                {
                    "name": "Alert Level",
                    "value": [
                        "0x00"
                    ]
                }
            ]
        },
        {
            "refer": "tx_power.service.json",
            "characteristics": [
                {
                    "name": "Tx Power Level",
                    "value": [
                        "0x00"
                    ]
                }
            ]
        }
    ]
}
