{
    "name": "Pulse Oximeter Profile", 
    "services": [
        {
            "refer": "pulse_oximeter.service.json", 
            "characteristics": [
                {
                    "name": "PLX Spot-Check Measurement", 
                    "descriptors": [
                        {
                            "name": "Client Characteristic Configuration", 
                            "value": [
                                "0x00", 
                                "0x00"
                            ]
                        }
                    ]
                }, 
                {
                    "name": "PLX Continuous Measurement", 
                    "descriptors": [
                        {
                            "name": "Client Characteristic Configuration", 
                            "value": [
                                "0x00", 
                                "0x00"
                            ]
                        }
                    ]
                }, 
                {
                    "name": "PLX Features", 
                    "value": [
                        "0x00"
                    ]
                }, 
                {
                    "name": "Record Access Control Point", 
                    "descriptors": [
                        {
                            "name": "Client Characteristic Configuration", 
                            "value": [
                                "0x00", 
                                "0x00"
                            ]
                        }
                    ]
                }
            ]
        }, 
        {
            "refer": "device_information.service.json", 
            "characteristics": [
                {
                    "name": "Manufacturer Name String", 
                    "value": [
                        "0x00"
                    ]
                }, 
                {
                    "name": "Model Number String", 
                    "value": [
                        "0x00"
                    ]
                }, 
                {
                    "name": "Serial Number String", 
                    "value": [
                        "0x00"
                    ]
                }, 
                {
                    "name": "Hardware Revision String", 
                    "value": [
                        "0x00"
                    ]
                }, 
                {
                    "name": "Firmware Revision String", 
                    "value": [
                        "0x00"
                    ]
                }, 
                {
                    "name": "Software Revision String", 
                    "value": [
                        "0x00"
                    ]
                }, 
                {
                    "name": "System ID", 
                    "value": [
                        "0x00"
                    ]
                }, 
                {
                    "name": "IEEE 11073-20601 Regulatory Certification Data List", 
                    "value": [
                        "0x00"
                    ]
                }, 
                {
                    "name": "PnP ID", 
                    "value": [
                        "0x00"
                    ]
                }
            ]
        }, 
        {
            "refer": "current_time.service.json", 
            "characteristics": [
                {
                    "name": "Current Time", 
                    "value": [
                        "0x00"
                    ], 
                    "descriptors": [
                        {
                            "name": "Client Characteristic Configuration", 
                            "value": [
                                "0x00", 
                                "0x00"
                            ]
                        }
                    ]
                }, 
                {
                    "name": "Local Time Information", 
                    "value": [
                        "0x00"
                    ]
                }, 
                {
                    "name": "Reference Time Information", 
                    "value": [
                        "0x00"
                    ]
                }
            ]
        }, 
        {
            "refer": "bond_management.service.json", 
            "characteristics": [
                {
                    "name": "Bond Management Control Point"
                }, 
                {
                    "name": "Bond Management Features", 
                    "value": [
                        "0x00"
                    ]
                }
            ]
        }, 
        {
            "refer": "battery_service.service.json", 
            "characteristics": [
                {
                    "name": "Battery Level", 
                    "value": [
                        "0x00"
                    ], 
                    "descriptors": [
                        {
                            "name": "Characteristic Presentation Format", 
                            "value": [
                                "0x00", 
                                "0x00", 
                                "0x00", 
                                "0x00", 
                                "0x00", 
                                "0x00", 
                                "0x00"
                            ]
                        }, 
                        {
                            "name": "Client Characteristic Configuration", 
                            "value": [
                                "0x00", 
                                "0x00"
                            ]
                        }
                    ]
                }
            ]
        }
    ]
}
