{
    "name": "Reconnection Configuration Profile",
    "services":     [
                {
            "refer": "reconnection_configuration.service.json",
            "characteristics":             [
                                {
                    "name": "RC Feature",
                    "value": "",
                    "db_size": 5,
                    "descriptors": []
                },
                                {
                    "name": "RC Settings",
                    "value": "",
                    "db_size": 5,
                    "descriptors": [                    {
                        "name": "Client Characteristic Configuration",
                        "value": "",
                        "db_size": 2
                    }]
                },
                                {
                    "name": "Reconnection Configuration Control Point",
                    "value": "",
                    "db_size": 20,
                    "descriptors": [                    {
                        "name": "Client Characteristic Configuration",
                        "value": "",
                        "db_size": 2
                    }]
                }
            ]
        },
                {
            "refer": "bond_management.service.json",
            "characteristics":             [
                                {
                    "name": "Bond Management Control Point",
                    "value": "",
                    "db_size": 100,
                    "descriptors": []
                },
                                {
                    "name": "Bond Management Features",
                    "value": "",
                    "db_size": 3,
                    "descriptors": []
                }
            ]
        }
    ]
}