{
    "name": "Running Speed and Cadence Profile", 
    "services": [
        {
            "refer": "running_speed_and_cadence.service.json", 
            "characteristics": [
                {
                    "name": "RSC Measurement", 
                    "descriptors": [
                        {
                            "name": "Client Characteristic Configuration", 
                            "value": [
                                "0x00", 
                                "0x00"
                            ]
                        }
                    ]
                }, 
                {
                    "name": "RSC Feature", 
                    "value": [
                        "0x00"
                    ]
                }, 
                {
                    "name": "Sensor Location", 
                    "value": [
                        "0x00"
                    ]
                }, 
                {
                    "name": "SC Control Point", 
                    "descriptors": [
                        {
                            "name": "Client Characteristic Configuration", 
                            "value": [
                                "0x00", 
                                "0x00"
                            ]
                        }
                    ]
                }
            ]
        }, 
        {
            "refer": "device_information.service.json", 
            "characteristics": [
                {
                    "name": "Manufacturer Name String", 
                    "value": [
                        "0x00"
                    ]
                }, 
                {
                    "name": "Model Number String", 
                    "value": [
                        "0x00"
                    ]
                }, 
                {
                    "name": "Serial Number String", 
                    "value": [
                        "0x00"
                    ]
                }, 
                {
                    "name": "Hardware Revision String", 
                    "value": [
                        "0x00"
                    ]
                }, 
                {
                    "name": "Firmware Revision String", 
                    "value": [
                        "0x00"
                    ]
                }, 
                {
                    "name": "Software Revision String", 
                    "value": [
                        "0x00"
                    ]
                }, 
                {
                    "name": "System ID", 
                    "value": [
                        "0x00"
                    ]
                }, 
                {
                    "name": "IEEE 11073-20601 Regulatory Certification Data List", 
                    "value": [
                        "0x00"
                    ]
                }, 
                {
                    "name": "PnP ID", 
                    "value": [
                        "0x00"
                    ]
                }
            ]
        }
    ]
}
