{
    "name": "Scan Parameters Profile", 
    "services": [
        {
            "refer": "scan_parameters.service.json", 
            "characteristics": [
                {
                    "name": "Scan Interval Window"
                }, 
                {
                    "name": "Scan Refresh", 
                    "descriptors": [
                        {
                            "name": "Client Characteristic Configuration", 
                            "value": [
                                "0x00", 
                                "0x00"
                            ]
                        }
                    ]
                }
            ]
        }
    ]
}
