{
    "name": "Time Profile", 
    "services": [
        {
            "refer": "current_time.service.json", 
            "characteristics": [
                {
                    "name": "Current Time", 
                    "value": [
                        "0x00"
                    ], 
                    "descriptors": [
                        {
                            "name": "Client Characteristic Configuration", 
                            "value": [
                                "0x00", 
                                "0x00"
                            ]
                        }
                    ]
                }, 
                {
                    "name": "Local Time Information", 
                    "value": [
                        "0x00"
                    ]
                }, 
                {
                    "name": "Reference Time Information", 
                    "value": [
                        "0x00"
                    ]
                }
            ]
        }, 
        {
            "refer": "next_dst_change.service.json", 
            "characteristics": [
                {
                    "name": "Time with DST", 
                    "value": [
                        "0x00"
                    ]
                }
            ]
        }, 
        {
            "refer": "reference_time_update.service.json", 
            "characteristics": [
                {
                    "name": "Time Update Control Point"
                }, 
                {
                    "name": "Time Update State", 
                    "value": [
                        "0x00"
                    ]
                }
            ]
        }
    ]
}
