{
    "name": "Weight Scale Profile",
    "services": [
        {
            "refer": "weight_scale.service.json",
            "included": [{"refer": "body_composition.service.json"}],
            "characteristics": [
                {
                    "name": "Weight Scale Feature",
                    "db_size": 4,
                    "value": ""
                },
                {
                    "name": "Weight Measurement",
                    "db_size": 20,
                    "value": "",
                    "descriptors": [
                        {
                            "name": "Client Characteristic Configuration",
                            "db_size": 2,
                            "value": ""
                        }
                    ]
                }
            ]
        },
        {
            "refer": "device_information.service.json",
            "characteristics": [
                {
                    "name": "Manufacturer Name String",
                    "db_size": 100,
                    "value": ""
                },
                {
                    "name": "Model Number String",
                    "db_size": 100,
                    "value": ""
                },
                {
                    "name": "Serial Number String",
                    "db_size": 100,
                    "value": ""
                },
                {
                    "name": "Hardware Revision String",
                    "db_size": 100,
                    "value": ""
                },
                {
                    "name": "Firmware Revision String",
                    "db_size": 100,
                    "value": ""
                },
                {
                    "name": "Software Revision String",
                    "db_size": 100,
                    "value": ""
                },
                {
                    "name": "System ID",
                    "db_size": 8,
                    "value": ""
                },
                {
                    "name": "IEEE 11073-20601 Regulatory Certification Data List",
                    "db_size": 100,
                    "value": ""
                },
                {
                    "name": "PnP ID",
                    "db_size": 7,
                    "value": ""
                }
            ]
        },
        {
            "refer": "current_time.service.json",
            "characteristics": [
                {
                    "name": "Current Time",
                    "db_size": 10,
                    "value": [
                        0
                    ],
                    "descriptors": [
                        {
                            "name": "Client Characteristic Configuration",
                            "value": "",
                            "db_size": 2
                        }
                    ]
                },
                {
                    "name": "Local Time Information",
                    "db_size": 2,
                    "value": [
                        0
                    ]
                },
                {
                    "name": "Reference Time Information",
                    "db_size": 4,
                    "value": [
                        0
                    ]
                }
            ]
        },
        {
            "refer": "body_composition.service.json",
            "characteristics": [
                {
                    "name": "Body Composition Feature",
                    "db_size": 4,
                    "value": [
                        ""
                    ]
                },
                {
                    "name": "Body Composition Measurement",
                    "db_size": "30",
                    "value": "",
                    "descriptors": [
                        {
                            "name": "Client Characteristic Configuration",
                            "db_size": 2
                        }
                    ]
                }
            ]
        },
        {
            "refer": "battery_service.service.json",
            "characteristics": [
                {
                    "name": "Battery Level",
                    "db_size": 1,
                    "value": [
                        0
                    ],
                    "descriptors": [
                        {
                            "name": "Characteristic Presentation Format",
                            "value": "",
                            "db_size": 7
                        },
                        {
                            "name": "Client Characteristic Configuration",
                            "value": "",
                            "db_size": 2
                        }
                    ]
                }
            ]
        },
        {
            "refer": "user_data.service.json",
            "characteristics": [
                {
                    "name": "First Name",
                    "db_size": 100,
                    "value": [
                        0
                    ]
                },
                {
                    "name": "Last Name",
                    "db_size": 100,
                    "value": [
                        0
                    ]
                },
                {
                    "name": "Email Address",
                    "db_size": 100,
                    "value": [
                        0
                    ]
                },
                {
                    "name": "Age",
                    "db_size": 1,
                    "value": [
                        0
                    ]
                },
                {
                    "name": "Date of Birth",
                    "db_size": 4,
                    "value": [
                        19,
                        20,
                        0,
                        0
                    ]
                },
                {
                    "name": "Gender",
                    "db_size": 1,
                    "value": [
                        0
                    ]
                },
                {
                    "name": "Weight",
                    "db_size": 2,
                    "value": [
                        0
                    ]
                },
                {
                    "name": "Height",
                    "db_size": 2,
                    "value": [
                        0
                    ]
                },
                {
                    "name": "VO2 Max",
                    "db_size": 1,
                    "value": [
                        0
                    ]
                },
                {
                    "name": "Heart Rate Max",
                    "db_size": 1,
                    "value": [
                        0
                    ]
                },
                {
                    "name": "Resting Heart Rate",
                    "db_size": 1,
                    "value": [
                        0
                    ]
                },
                {
                    "name": "Maximum Recommended Heart Rate",
                    "db_size": 1,
                    "value": [
                        0
                    ]
                },
                {
                    "name": "Aerobic Threshold",
                    "db_size": 1,
                    "value": [
                        0
                    ]
                },
                {
                    "name": "Anaerobic Threshold",
                    "db_size": 1,
                    "value": [
                        0
                    ]
                },
                {
                    "name": "Sport Type for Aerobic and Anaerobic Thresholds",
                    "db_size": 1,
                    "value": [
                        0
                    ]
                },
                {
                    "name": "Date of Threshold Assessment",
                    "db_size": 4,
                    "value": [
                        0
                    ]
                },
                {
                    "name": "Waist Circumference",
                    "db_size": 2,
                    "value": [
                        0
                    ]
                },
                {
                    "name": "Hip Circumference",
                    "db_size": 2,
                    "value": [
                        0
                    ]
                },
                {
                    "name": "Fat Burn Heart Rate Lower Limit",
                    "db_size": 1,
                    "value": [
                        0
                    ]
                },
                {
                    "name": "Fat Burn Heart Rate Upper Limit",
                    "db_size": 1,
                    "value": [
                        0
                    ]
                },
                {
                    "name": "Aerobic Heart Rate Lower Limit",
                    "db_size": 1,
                    "value": [
                        0
                    ]
                },
                {
                    "name": "Aerobic Heart Rate Upper Limit",
                    "db_size": 1,
                    "value": [
                        0
                    ]
                },
                {
                    "name": "Anaerobic Heart Rate Lower Limit",
                    "db_size": 1,
                    "value": [
                        0
                    ]
                },
                {
                    "name": "Anaerobic Heart Rate Upper Limit",
                    "db_size": 1,
                    "value": [
                        0
                    ]
                },
                {
                    "name": "Five Zone Heart Rate Limits",
                    "db_size": 4,
                    "value": [
                        0
                    ]
                },
                {
                    "name": "Three Zone Heart Rate Limits",
                    "db_size": 2,
                    "value": [
                        0
                    ]
                },
                {
                    "name": "Two Zone Heart Rate Limit",
                    "db_size": 1,
                    "value": [
                        0
                    ]
                },
                {
                    "name": "Database Change Increment",
                    "db_size": 4,
                    "value": [
                        0
                    ],
                    "descriptors": [
                        {
                            "name": "Client Characteristic Configuration",
                            "value": "",
                            "db_size": 2
                        }
                    ]
                },
                {
                    "name": "User Index",
                    "db_size": 1,
                    "value": [
                        "0xFF"
                    ]
                },
                {
                    "name": "User Control Point",
                    "value": "",
                    "db_size": 20,
                    "descriptors": [
                        {
                            "name": "Client Characteristic Configuration",
                            "value": "",
                            "db_size": 2
                        }
                    ]
                },
                {
                    "name": "Language",
                    "db_size": 100,
                    "value": [
                        0
                    ]
                }
            ]
        }
    ]
}